{
	"credit": "Made by Blue_Beaker with Blockbench",
	"parent": "minecraft:block/block",
	"textures": {
		"Bucket": "minecraft:3dres/bucket",
		"fluid": "forge:item/mask/bucket_fluid_drip"
	},
	"elements": [
		{
			"name": "Bucket",
			"from": [2, 0, 2],
			"to": [14, 12, 14],
			"shade": false,
			"faces": {
				"north": {"uv": [0, 0, 6, 6], "texture": "#Bucket"},
				"east": {"uv": [0, 0, 6, 6], "texture": "#Bucket"},
				"south": {"uv": [0, 0, 6, 6], "texture": "#Bucket"},
				"west": {"uv": [0, 0, 6, 6], "texture": "#Bucket"},
				"up": {"uv": [0, 6, 6, 12], "texture": "#Bucket"},
				"down": {"uv": [0, 0, 6, 6], "texture": "#Bucket"}
			}
		},
		{
			"name": "x",
			"from": [3, 1, 3],
			"to": [3.001, 12, 13],
			"faces": {
				"east": {"uv": [6, 0, 11, 5.5], "texture": "#Bucket"}
			}
		},
		{
			"name": "x",
			"from": [13, 1, 3],
			"to": [13.001, 12, 13],
			"faces": {
				"west": {"uv": [6, 0, 11, 5.5], "texture": "#Bucket"}
			}
		},
		{
			"name": "y",
			"from": [3, 1, 3],
			"to": [13, 1.001, 13],
			"faces": {
				"up": {"uv": [6, 6, 11, 11], "texture": "#Bucket"}
			}
		},
		{
			"name": "z",
			"from": [3, 1, 13],
			"to": [13, 12, 13.001],
			"faces": {
				"north": {"uv": [6, 0, 11, 5.5], "texture": "#Bucket"}
			}
		},
		{
			"name": "z",
			"from": [3, 1, 3],
			"to": [13, 12, 3.001],
			"faces": {
				"south": {"uv": [6, 0, 11, 5.5], "texture": "#Bucket"}
			}
		},
		{
			"name": "Box8",
			"from": [15, 9.5, 7.5],
			"to": [16, 10.5, 17],
			"faces": {
				"north": {"uv": [11, 0, 16, 5], "texture": "#Bucket"},
				"east": {"uv": [11, 0, 16, 5], "texture": "#Bucket"},
				"south": {"uv": [11, 0, 16, 5], "texture": "#Bucket"},
				"west": {"uv": [11, 0, 16, 5], "texture": "#Bucket"},
				"up": {"uv": [11, 0, 16, 5], "texture": "#Bucket"},
				"down": {"uv": [11, 0, 16, 5], "texture": "#Bucket"}
			}
		},
		{
			"name": "Box10",
			"from": [14, 9.5, 7.5],
			"to": [15, 10.5, 8.5],
			"faces": {
				"north": {"uv": [11, 0, 16, 5], "texture": "#Bucket"},
				"south": {"uv": [11, 0, 16, 5], "texture": "#Bucket"},
				"up": {"uv": [11, 0, 16, 5], "texture": "#Bucket"},
				"down": {"uv": [11, 0, 16, 5], "texture": "#Bucket"}
			}
		},
		{
			"name": "Box10",
			"from": [1, 9.5, 7.5],
			"to": [2, 10.5, 8.5],
			"faces": {
				"north": {"uv": [11, 0, 16, 5], "texture": "#Bucket"},
				"south": {"uv": [11, 0, 16, 5], "texture": "#Bucket"},
				"up": {"uv": [11, 0, 16, 5], "texture": "#Bucket"},
				"down": {"uv": [11, 0, 16, 5], "texture": "#Bucket"}
			}
		},
		{
			"name": "Box8",
			"from": [1, 9.5, 16],
			"to": [15, 10.5, 17],
			"faces": {
				"north": {"uv": [11, 0, 16, 5], "texture": "#Bucket"},
				"east": {"uv": [11, 0, 16, 5], "texture": "#Bucket"},
				"south": {"uv": [11, 0, 16, 5], "texture": "#Bucket"},
				"west": {"uv": [11, 0, 16, 5], "texture": "#Bucket"},
				"up": {"uv": [11, 0, 16, 5], "texture": "#Bucket"},
				"down": {"uv": [11, 0, 16, 5], "texture": "#Bucket"}
			}
		},
		{
			"name": "Box8",
			"from": [0, 9.5, 7.5],
			"to": [1, 10.5, 17],
			"faces": {
				"north": {"uv": [11, 0, 16, 5], "texture": "#Bucket"},
				"east": {"uv": [11, 0, 16, 5], "texture": "#Bucket"},
				"south": {"uv": [11, 0, 16, 5], "texture": "#Bucket"},
				"west": {"uv": [11, 0, 16, 5], "texture": "#Bucket"},
				"up": {"uv": [11, 0, 16, 5], "texture": "#Bucket"},
				"down": {"uv": [11, 0, 16, 5], "texture": "#Bucket"}
			}
		},
		{
			"name": "PlaneY12",
			"from": [3, 10, 3],
			"to": [13, 10.001, 13],
			"faces": {
				"up": {"uv": [0, 0, 16, 16], "texture": "#fluid"}
			}
		}
	],
	"display": {
		"thirdperson_righthand": {
			"rotation": [45, 0, 0],
			"translation": [0, 1, -1],
			"scale": [0.3, 0.3, 0.3]
		},
		"thirdperson_lefthand": {
			"rotation": [45, 0, 0],
			"translation": [0, 1, -1],
			"scale": [0.3, 0.3, 0.3]
		},
		"firstperson_righthand": {
			"scale": [0.4, 0.4, 0.4]
		},
		"firstperson_lefthand": {
			"scale": [0.4, 0.4, 0.4]
		},
		"ground": {
			"translation": [0, 3, 0],
			"scale": [0.25, 0.25, 0.25]
		},
		"gui": {
			"rotation": [30, 225, 0],
			"scale": [0.625, 0.625, 0.625]
		},
		"head": {
			"rotation": [0, 0, 180],
			"scale": [1.5, 1.5, 1.5]
		},
		"fixed": {
			"rotation": [0, -90, 0],
			"scale": [0.5, 0.5, 0.5]
		}
	}
}
