{
	"__comment": "Designed by Blue_Beaker with Cubik Studio - https://cubik.studio",
	"textures": {
		"particle":"#texture"
	},
	"gui_light":"front",
	"elements": [ 	 
		{
			"__comment": "PlaneX14",
			"from": [ 3.5, -2.5, 5.5 ],
			"to": [ 3.501, 10.5, 10.5 ],
			"faces": {
				"west": { "uv": [ 2, 5, 3, 8 ], "texture": "#texture1" },
				"east": { "uv": [ 3, 5, 2, 8 ], "texture": "#texture1" }
			}
		},
		{
			"__comment": "PlaneX14",
			"from": [ 8.5, -2.5, 5.5 ],
			"to": [ 8.501, 10.5, 10.5 ],
			"faces": {
				"west": { "uv": [ 0, 5, 1, 8 ], "texture": "#texture1" },
				"east": { "uv": [ 1, 5, 0, 8 ], "texture": "#texture1" }
			}
		},
		{
			"__comment": "PlaneZ16",
			"from": [ 3.5, -2.5, 5.5 ],
			"to": [ 8.5, 10.5, 5.501 ],
			"faces": {
				"north": { "uv": [ 2, 5, 1, 8 ], "texture": "#texture1" },
				"south": { "uv": [ 1, 5, 2, 8 ], "texture": "#texture1" }
			}
		},
		{
			"__comment": "PlaneZ16",
			"from": [ 3.5, -2.5, 10.5 ],
			"to": [ 8.5, 10.5, 10.501 ],
			"faces": {
				"north": { "uv": [ 4, 5, 3, 8 ], "texture": "#texture1" },
				"south": { "uv": [ 3, 5, 4, 8 ], "texture": "#texture1" }
			}
		},
		{
			"__comment": "PlaneZ18",
			"from": [ 3.05, 9.5, 5.25 ],
			"to": [ 12.95, 23.8, 5.2511 ],
			"faces": {
				"north": { "uv": [ 7, 5, 5, 8 ], "texture": "#texture1" },
				"south": { "uv": [ 5, 5, 7, 8 ], "texture": "#texture1" }
			}
		},
		{
			"__comment": "PlaneZ18",
			"from": [ 3.05, 9.5, 10.75 ],
			"to": [ 12.95, 23.8, 10.7511 ],
			"faces": {
				"north": { "uv": [ 10, 5, 8, 8 ], "texture": "#texture1" },
				"south": { "uv": [ 8, 5, 10, 8 ], "texture": "#texture1" }
			}
		},
		{
			"__comment": "PlaneX14",
			"from": [ 3.05, 9.5, 5.25 ],
			"to": [ 3.0511, 23.8, 10.75 ],
			"faces": {
				"west": { "uv": [ 7, 5, 8, 8 ], "texture": "#texture1" },
				"east": { "uv": [ 8, 5, 7, 8 ], "texture": "#texture1" }
			}
		},
		{
			"__comment": "PlaneX14",
			"from": [ 12.95, 9.5, 5.25 ],
			"to": [ 12.9511, 23.8, 10.75 ],
			"faces": {
				"west": { "uv": [ 4, 5, 5, 8 ], "texture": "#texture1" },
				"east": { "uv": [ 5, 5, 4, 8 ], "texture": "#texture1" }
			}
		},
		{
			"__comment": "PlaneX14",
			"from": [ 7.5, -2.5, 5.5 ],
			"to": [ 7.501, 10.5, 10.5 ],
			"faces": {
				"west": { "uv": [ 2, 5, 3, 8 ], "texture": "#texture1" },
				"east": { "uv": [ 3, 5, 2, 8 ], "texture": "#texture1" }
			}
		},
		{
			"__comment": "PlaneX14",
			"from": [ 12.5, -2.5, 5.5 ],
			"to": [ 12.501, 10.5, 10.5 ],
			"faces": {
				"west": { "uv": [ 0, 5, 1, 8 ], "texture": "#texture1" },
				"east": { "uv": [ 1, 5, 0, 8 ], "texture": "#texture1" }
			}
		},
		{
			"__comment": "PlaneZ16",
			"from": [ 7.5, -2.5, 5.5 ],
			"to": [ 12.5, 10.5, 5.501 ],
			"faces": {
				"north": { "uv": [ 2, 5, 1, 8 ], "texture": "#texture1" },
				"south": { "uv": [ 1, 5, 2, 8 ], "texture": "#texture1" }
			}
		},
		{
			"__comment": "PlaneZ16",
			"from": [ 7.5, -2.5, 10.5 ],
			"to": [ 12.5, 10.5, 10.501 ],
			"faces": {
				"north": { "uv": [ 4, 5, 3, 8 ], "texture": "#texture1" },
				"south": { "uv": [ 3, 5, 4, 8 ], "texture": "#texture1" }
			}
		}
	],
	"display": {
		"thirdperson_righthand": {
			"rotation":  [ 75, 45, 0 ],
			"translation":  [ 0, 2.5, 0 ],
			"scale":  [ 0.375, 0.375, 0.375 ]
		},
		"thirdperson_lefthand": {
			"rotation":  [ 75, 45, 0 ],
			"translation":  [ 0, 2.5, 0 ],
			"scale":  [ 0.375, 0.375, 0.375 ]
		},
		"firstperson_righthand": {
			"rotation":  [ 0, 45, 0 ],
			"scale":  [ 0.4, 0.4, 0.4 ]
		},
		"firstperson_lefthand": {
			"rotation":  [ 0, 45, 0 ],
			"scale":  [ 0.4, 0.4, 0.4 ]
		},
		"gui": {
			"rotation":  [ 30, 225, 0 ],
			"scale":  [ 0.8, 0.8, 0.8 ]
		},
		"head": {
			"translation":  [ 0, -32, 0 ],
			"scale":  [ 1.6, 1.6, 1.6 ]
		},
		"ground": {
			"translation":  [ 0, 2, 0 ],
			"scale":  [ 0.5, 0.5, 0.5 ]
		},
		"fixed": {
			"scale":  [ 0.5, 0.5, 0.5 ]
		}
	}
}
