{
	"__comment": "Designed by Blue_Beaker with Cubik Studio - https://cubik.studio",
	"textures": {
		"all": "block/bamboo_stalk",
		"particle": "block/bamboo_stalk"
	},
	"elements": [ 	 
		{
			"__comment": "Element",
			"from": [ 6.5, 0, 6.5 ],
			"to": [ 9.5, 16, 9.5 ],
			"faces": {
				"down": { "uv": [ 13, 4, 16, 7 ], "texture": "#all", "cullface": "down" },
				"up": { "uv": [ 13, 0, 16, 3 ], "texture": "#all", "cullface": "up" },
				"north": { "uv": [ 9, 0, 12, 16 ], "texture": "#all" },
				"south": { "uv": [ 9, 0, 12, 16 ], "texture": "#all" },
				"west": { "uv": [ 9, 0, 12, 16 ], "texture": "#all" },
				"east": { "uv": [ 9, 0, 12, 16 ], "texture": "#all" }
			}
		},
		{
			"__comment": "Box2",
			"from": [ 6, 4, 6 ],
			"to": [ 10, 5, 10 ],
			"faces": {
				"down": { "uv": [ 13, 1, 14, 0 ], "texture": "#all" },
				"up": { "uv": [ 13, 0, 14, 1 ], "texture": "#all" },
				"north": { "uv": [ 14, 1, 13, 0 ], "texture": "#all" },
				"south": { "uv": [ 13, 0, 14, 1 ], "texture": "#all" },
				"west": { "uv": [ 13, 0, 14, 1 ], "texture": "#all", "rotation": 270 },
				"east": { "uv": [ 14, 0, 13, 1 ], "texture": "#all", "rotation": 90 }
			}
		},
		{
			"__comment": "Box2",
			"from": [ 6, 12, 6 ],
			"to": [ 10, 13, 10 ],
			"faces": {
				"down": { "uv": [ 13, 1, 14, 0 ], "texture": "#all" },
				"up": { "uv": [ 13, 0, 14, 1 ], "texture": "#all" },
				"north": { "uv": [ 14, 1, 13, 0 ], "texture": "#all" },
				"south": { "uv": [ 13, 0, 14, 1 ], "texture": "#all" },
				"west": { "uv": [ 13, 0, 14, 1 ], "texture": "#all", "rotation": 270 },
				"east": { "uv": [ 14, 0, 13, 1 ], "texture": "#all", "rotation": 90 }
			}
		}
	]
}