{
	"credit": "Made with Blockbench",
	"textures": {
		"1": "3dres/brewing_stand",
		"2": "3dres/potion_bottle_brewing",
		"particle": "block/brewing_stand"
	},
	"elements": [
		{
			"from": [8, 12, 7.5],
			"to": [13, 13, 8.5],
			"faces": {
				"north": {"uv": [2, 2, 7, 4], "texture": "#1"},
				"east": {"uv": [2, 2, 7, 4], "texture": "#1"},
				"south": {"uv": [2, 2, 7, 4], "texture": "#1"},
				"up": {"uv": [2, 2, 7, 3], "texture": "#1"},
				"down": {"uv": [2, 3, 7, 4], "texture": "#1"}
			}
		},
		{
			"from": [9.5, 2, 5.5],
			"to": [14.5, 7, 10.5],
			"faces": {
				"north": {"uv": [0, 0, 5, 5], "texture": "#2"},
				"east": {"uv": [0, 0, 5, 5], "texture": "#2"},
				"south": {"uv": [0, 0, 5, 5], "texture": "#2"},
				"west": {"uv": [0, 0, 5, 5], "texture": "#2"},
				"up": {"uv": [0, 0, 5, 5], "texture": "#2"},
				"down": {"uv": [0, 0, 5, 5], "texture": "#2"}
			}
		},
		{
			"from": [11.5, 8, 7.5],
			"to": [12.5, 12, 8.5],
			"faces": {
				"north": {"uv": [3, 4, 4, 8], "texture": "#1"},
				"east": {"uv": [3, 4, 4, 8], "texture": "#1"},
				"south": {"uv": [3, 4, 4, 8], "texture": "#1"},
				"west": {"uv": [3, 4, 4, 8], "texture": "#1"},
				"down": {"uv": [3, 7, 4, 8], "texture": "#1"}
			}
		},
		{
			"from": [10.5, 3, 6.5],
			"to": [13.5, 6, 9.5],
			"faces": {
				"north": {"uv": [2, 10, 6, 14], "texture": "#1"},
				"east": {"uv": [2, 10, 6, 14], "texture": "#1"},
				"south": {"uv": [2, 10, 6, 14], "texture": "#1"},
				"west": {"uv": [2, 10, 6, 14], "texture": "#1"},
				"up": {"uv": [3, 11, 5, 13], "texture": "#1"},
				"down": {"uv": [3, 11, 5, 13], "texture": "#1"}
			}
		},
		{
			"from": [10.5, 7, 6.5],
			"to": [13.5, 8, 9.5],
			"faces": {
				"north": {"uv": [6, 9.25, 9, 10], "texture": "#2"},
				"east": {"uv": [6, 9.25, 9, 10], "texture": "#2"},
				"south": {"uv": [6, 9.25, 9, 10], "texture": "#2"},
				"west": {"uv": [6, 9.25, 9, 10], "texture": "#2"},
				"up": {"uv": [6, 10, 9, 13], "texture": "#2"}
			}
		}
	]
}