{
	"credit": "Made with Blockbench",
	"textures": {
		"1": "3dres/brewing_stand",
		"particle": "block/brewing_stand"
	},
	"elements": [
		{
			"from": [8, 12, 7.5],
			"to": [11, 13, 8.5],
			"faces": {
				"north": {"uv": [0, 2, 6, 4], "texture": "#1"},
				"south": {"uv": [6, 2, 0, 4], "texture": "#1"},
				"up": {"uv": [2, 2, 7, 3], "texture": "#1"},
				"down": {"uv": [2, 3, 7, 4], "texture": "#1"}
			}
		},
		{
			"from": [10, 8, 7.5],
			"to": [11, 13, 8.5],
			"rotation": {"angle": 0, "axis": "z", "origin": [8, 13, 8]},
			"faces": {
				"north": {"uv": [2, 2, 7, 4], "rotation": 270, "texture": "#1"},
				"east": {"uv": [2, 2, 7, 3], "rotation": 90, "texture": "#1"},
				"south": {"uv": [2, 2, 7, 4], "rotation": 90, "texture": "#1"},
				"west": {"uv": [2, 3, 7, 4], "rotation": 90, "texture": "#1"},
				"down": {"uv": [2, 2, 7, 4], "rotation": 90, "texture": "#1"}
			}
		}
	]
}