{
	"__comment": "Designed by Blue_Beaker with Cubik Studio - https://cubik.studio",
	"parent": "block/crop",
	"ambientocclusion": false,
	"textures": {
		"particle": "block/carrots_stage3",
		"texture": "3dres/crops/carrots_stage_3"
	},
	"elements": [ 	 
		{
			"__comment": "Box5",
			"from": [ 4, 1, 11 ],
			"to": [ 5, 4, 12 ],
			"faces": {
				"down": { "uv": [ 0, 0, 1, 1 ], "texture": "#texture" },
				"up": { "uv": [ 0, 0, 1, 1 ], "texture": "#texture" },
				"north": { "uv": [ 0, 0, 1, 1 ], "texture": "#texture" },
				"south": { "uv": [ 0, 0, 1, 1 ], "texture": "#texture" },
				"west": { "uv": [ 0, 0, 1, 1 ], "texture": "#texture" },
				"east": { "uv": [ 0, 0, 1, 1 ], "texture": "#texture" }
			}
		},
		{
			"__comment": "Box5",
			"from": [ 11, 1, 4 ],
			"to": [ 12, 4, 5 ],
			"faces": {
				"down": { "uv": [ 0, 0, 1, 1 ], "texture": "#texture" },
				"up": { "uv": [ 0, 0, 1, 1 ], "texture": "#texture" },
				"north": { "uv": [ 0, 0, 1, 1 ], "texture": "#texture" },
				"south": { "uv": [ 0, 0, 1, 1 ], "texture": "#texture" },
				"west": { "uv": [ 0, 0, 1, 1 ], "texture": "#texture" },
				"east": { "uv": [ 0, 0, 1, 1 ], "texture": "#texture" }
			}
		},
		{
			"__comment": "Box5",
			"from": [ 11, 1, 11 ],
			"to": [ 12, 4, 12 ],
			"faces": {
				"down": { "uv": [ 0, 0, 1, 1 ], "texture": "#texture" },
				"up": { "uv": [ 0, 0, 1, 1 ], "texture": "#texture" },
				"north": { "uv": [ 0, 0, 1, 1 ], "texture": "#texture" },
				"south": { "uv": [ 0, 0, 1, 1 ], "texture": "#texture" },
				"west": { "uv": [ 0, 0, 1, 1 ], "texture": "#texture" },
				"east": { "uv": [ 0, 0, 1, 1 ], "texture": "#texture" }
			}
		},
		{
			"__comment": "Box5",
			"from": [ 4, 1, 4 ],
			"to": [ 5, 4, 5 ],
			"faces": {
				"down": { "uv": [ 0, 0, 1, 1 ], "texture": "#texture" },
				"up": { "uv": [ 0, 0, 1, 1 ], "texture": "#texture" },
				"north": { "uv": [ 0, 0, 1, 1 ], "texture": "#texture" },
				"south": { "uv": [ 0, 0, 1, 1 ], "texture": "#texture" },
				"west": { "uv": [ 0, 0, 1, 1 ], "texture": "#texture" },
				"east": { "uv": [ 0, 0, 1, 1 ], "texture": "#texture" }
			}
		},
		{
			"__comment": "Box5",
			"from": [ 4, 4, 4 ],
			"to": [ 5, 6, 5 ],
			"rotation": { "origin": [ 4, 4, 4.5 ], "axis": "x", "angle": -45 },
			"faces": {
				"down": { "uv": [ 4, 0, 5, 1 ], "texture": "#texture" },
				"up": { "uv": [ 4, 0, 5, 1 ], "texture": "#texture" },
				"north": { "uv": [ 4, 0, 5, 1 ], "texture": "#texture" },
				"south": { "uv": [ 4, 0, 5, 1 ], "texture": "#texture" },
				"west": { "uv": [ 4, 0, 5, 1 ], "texture": "#texture" },
				"east": { "uv": [ 4, 0, 5, 1 ], "texture": "#texture" }
			}
		},
		{
			"__comment": "Box5",
			"from": [ 4, 4, 4 ],
			"to": [ 5, 6, 5 ],
			"rotation": { "origin": [ 4, 4, 4.5 ], "axis": "x", "angle": 45 },
			"faces": {
				"down": { "uv": [ 4, 0, 5, 1 ], "texture": "#texture" },
				"up": { "uv": [ 4, 0, 5, 1 ], "texture": "#texture" },
				"north": { "uv": [ 4, 0, 5, 1 ], "texture": "#texture" },
				"south": { "uv": [ 4, 0, 5, 1 ], "texture": "#texture" },
				"west": { "uv": [ 4, 0, 5, 1 ], "texture": "#texture" },
				"east": { "uv": [ 4, 0, 5, 1 ], "texture": "#texture" }
			}
		},
		{
			"__comment": "Box5",
			"from": [ 4, 4, 11 ],
			"to": [ 5, 6, 12 ],
			"rotation": { "origin": [ 4, 4, 11.5 ], "axis": "x", "angle": -45 },
			"faces": {
				"down": { "uv": [ 4, 0, 5, 1 ], "texture": "#texture" },
				"up": { "uv": [ 4, 0, 5, 1 ], "texture": "#texture" },
				"north": { "uv": [ 4, 0, 5, 1 ], "texture": "#texture" },
				"south": { "uv": [ 4, 0, 5, 1 ], "texture": "#texture" },
				"west": { "uv": [ 4, 0, 5, 1 ], "texture": "#texture" },
				"east": { "uv": [ 4, 0, 5, 1 ], "texture": "#texture" }
			}
		},
		{
			"__comment": "Box5",
			"from": [ 4, 4, 11 ],
			"to": [ 5, 6, 12 ],
			"rotation": { "origin": [ 4, 4, 11.5 ], "axis": "x", "angle": 45 },
			"faces": {
				"down": { "uv": [ 4, 0, 5, 1 ], "texture": "#texture" },
				"up": { "uv": [ 4, 0, 5, 1 ], "texture": "#texture" },
				"north": { "uv": [ 4, 0, 5, 1 ], "texture": "#texture" },
				"south": { "uv": [ 4, 0, 5, 1 ], "texture": "#texture" },
				"west": { "uv": [ 4, 0, 5, 1 ], "texture": "#texture" },
				"east": { "uv": [ 4, 0, 5, 1 ], "texture": "#texture" }
			}
		},
		{
			"__comment": "Box5",
			"from": [ 11, 4, 4 ],
			"to": [ 12, 6, 5 ],
			"rotation": { "origin": [ 11, 4, 4.5 ], "axis": "x", "angle": -45 },
			"faces": {
				"down": { "uv": [ 4, 0, 5, 1 ], "texture": "#texture" },
				"up": { "uv": [ 4, 0, 5, 1 ], "texture": "#texture" },
				"north": { "uv": [ 4, 0, 5, 1 ], "texture": "#texture" },
				"south": { "uv": [ 4, 0, 5, 1 ], "texture": "#texture" },
				"west": { "uv": [ 4, 0, 5, 1 ], "texture": "#texture" },
				"east": { "uv": [ 4, 0, 5, 1 ], "texture": "#texture" }
			}
		},
		{
			"__comment": "Box5",
			"from": [ 11, 4, 4 ],
			"to": [ 12, 6, 5 ],
			"rotation": { "origin": [ 11, 4, 4.5 ], "axis": "x", "angle": 45 },
			"faces": {
				"down": { "uv": [ 4, 0, 5, 1 ], "texture": "#texture" },
				"up": { "uv": [ 4, 0, 5, 1 ], "texture": "#texture" },
				"north": { "uv": [ 4, 0, 5, 1 ], "texture": "#texture" },
				"south": { "uv": [ 4, 0, 5, 1 ], "texture": "#texture" },
				"west": { "uv": [ 4, 0, 5, 1 ], "texture": "#texture" },
				"east": { "uv": [ 4, 0, 5, 1 ], "texture": "#texture" }
			}
		},
		{
			"__comment": "Box5",
			"from": [ 11, 4, 11 ],
			"to": [ 12, 6, 12 ],
			"rotation": { "origin": [ 11, 4, 11.5 ], "axis": "x", "angle": -45 },
			"faces": {
				"down": { "uv": [ 4, 0, 5, 1 ], "texture": "#texture" },
				"up": { "uv": [ 4, 0, 5, 1 ], "texture": "#texture" },
				"north": { "uv": [ 4, 0, 5, 1 ], "texture": "#texture" },
				"south": { "uv": [ 4, 0, 5, 1 ], "texture": "#texture" },
				"west": { "uv": [ 4, 0, 5, 1 ], "texture": "#texture" },
				"east": { "uv": [ 4, 0, 5, 1 ], "texture": "#texture" }
			}
		},
		{
			"__comment": "Box5",
			"from": [ 11, 4, 11 ],
			"to": [ 12, 6, 12 ],
			"rotation": { "origin": [ 11, 4, 11.5 ], "axis": "x", "angle": 45 },
			"faces": {
				"down": { "uv": [ 4, 0, 5, 1 ], "texture": "#texture" },
				"up": { "uv": [ 4, 0, 5, 1 ], "texture": "#texture" },
				"north": { "uv": [ 4, 0, 5, 1 ], "texture": "#texture" },
				"south": { "uv": [ 4, 0, 5, 1 ], "texture": "#texture" },
				"west": { "uv": [ 4, 0, 5, 1 ], "texture": "#texture" },
				"east": { "uv": [ 4, 0, 5, 1 ], "texture": "#texture" }
			}
		},
		{
			"__comment": "Box25",
			"from": [ 9, -1, 9 ],
			"to": [ 14, 1, 14 ],
			"faces": {
				"down": { "uv": [ 14, 1, 15, 2 ], "texture": "#texture" },
				"up": { "uv": [ 2, 9, 7, 14 ], "texture": "#texture" },
				"north": { "uv": [ 2, 14, 7, 16 ], "texture": "#texture" },
				"south": { "uv": [ 2, 14, 7, 16 ], "texture": "#texture" },
				"west": { "uv": [ 2, 14, 7, 16 ], "texture": "#texture" },
				"east": { "uv": [ 2, 14, 7, 16 ], "texture": "#texture" }
			}
		},
		{
			"__comment": "Box25",
			"from": [ 9, -1, 2 ],
			"to": [ 14, 1, 7 ],
			"faces": {
				"down": { "uv": [ 14, 1, 15, 2 ], "texture": "#texture" },
				"up": { "uv": [ 2, 9, 7, 14 ], "texture": "#texture" },
				"north": { "uv": [ 2, 14, 7, 16 ], "texture": "#texture" },
				"south": { "uv": [ 2, 14, 7, 16 ], "texture": "#texture" },
				"west": { "uv": [ 2, 14, 7, 16 ], "texture": "#texture" },
				"east": { "uv": [ 2, 14, 7, 16 ], "texture": "#texture" }
			}
		},
		{
			"__comment": "Box25",
			"from": [ 2, -1, 2 ],
			"to": [ 7, 1, 7 ],
			"faces": {
				"down": { "uv": [ 14, 1, 15, 2 ], "texture": "#texture" },
				"up": { "uv": [ 2, 9, 7, 14 ], "texture": "#texture" },
				"north": { "uv": [ 2, 14, 7, 16 ], "texture": "#texture" },
				"south": { "uv": [ 2, 14, 7, 16 ], "texture": "#texture" },
				"west": { "uv": [ 2, 14, 7, 16 ], "texture": "#texture" },
				"east": { "uv": [ 2, 14, 7, 16 ], "texture": "#texture" }
			}
		},
		{
			"__comment": "Box25",
			"from": [ 2, -1, 9 ],
			"to": [ 7, 1, 14 ],
			"faces": {
				"down": { "uv": [ 14, 1, 15, 2 ], "texture": "#texture" },
				"up": { "uv": [ 2, 9, 7, 14 ], "texture": "#texture" },
				"north": { "uv": [ 2, 14, 7, 16 ], "texture": "#texture" },
				"south": { "uv": [ 2, 14, 7, 16 ], "texture": "#texture" },
				"west": { "uv": [ 2, 14, 7, 16 ], "texture": "#texture" },
				"east": { "uv": [ 2, 14, 7, 16 ], "texture": "#texture" }
			}
		}
	]
}