{
	"__comment": "Designed by Blue_Beaker with Cubik Studio - https://cubik.studio",
	"textures": {
		"particle": "block/flower_dandelion",
		"texture": "3dres/flowers/flower_dandelion"
	},
	"elements": [ 	 
		{
			"__comment": "Box1",
			"from": [ 7, 0, 7 ],
			"to": [ 9, 4, 9 ],
			"faces": {
				"down": { "uv": [ 0, 0, 2, 2 ], "texture": "#texture", "rotation": 90 },
				"north": { "uv": [ 0, 9, 2, 16 ], "texture": "#texture" },
				"south": { "uv": [ 0, 9, 2, 16 ], "texture": "#texture" },
				"west": { "uv": [ 2, 9, 0, 16 ], "texture": "#texture" },
				"east": { "uv": [ 2, 9, 0, 16 ], "texture": "#texture" }
			}
		},
		{
			"__comment": "Box6",
			"from": [ 6, 4, 6 ],
			"to": [ 10, 7, 10 ],
			"faces": {
				"down": { "uv": [ 6, 0, 2, 4 ], "texture": "#texture" },
				"up": { "uv": [ 6, 0, 2, 4 ], "texture": "#texture" },
				"north": { "uv": [ 6, 4, 2, 7 ], "texture": "#texture" },
				"south": { "uv": [ 6, 4, 2, 7 ], "texture": "#texture" },
				"west": { "uv": [ 2, 4, 6, 7 ], "texture": "#texture" },
				"east": { "uv": [ 2, 4, 6, 7 ], "texture": "#texture" }
			}
		}
	],
	"display": {
		"thirdperson_righthand": {
			"translation":  [ 0, 3, 1 ],
			"scale":  [ 0.375, 0.375, 0.375 ]
		},
		"thirdperson_lefthand": {
			"translation":  [ 0, 3, 1 ],
			"scale":  [ 0.375, 0.375, 0.375 ]
		},
		"firstperson_righthand": {
			"rotation":  [ 0, 45, 0 ],
			"translation":  [ 0, 3, 0 ],
			"scale":  [ 0.4, 0.4, 0.4 ]
		},
		"firstperson_lefthand": {
			"rotation":  [ 0, 45, 0 ],
			"translation":  [ 0, 3, 0 ],
			"scale":  [ 0.4, 0.4, 0.4 ]
		},
		"gui": {
			"rotation":  [ 30, 225, 0 ],
			"scale":  [ 0.625, 0.625, 0.625 ]
		},
		"ground": {
			"translation":  [ 0, 2, 0 ],
			"scale":  [ 0.5, 0.5, 0.5 ]
		},
		"fixed": {
			"scale":  [ 0.5, 0.5, 0.5 ]
		}
	}
}