{
	"__comment": "Designed by Blue_Beaker with Cubik Studio - https://cubik.studio",
	"textures": {
		"particle": "block/deadbush",
		"texture": "3dres/tool/stick"
	},
	"elements": [ 	 
		{
			"__comment": "Box1",
			"from": [ 4, 11, 7 ],
			"to": [ 12, 13, 9 ],
			"faces": {
				"down": { "uv": [ 8, 8, 10, 16 ], "texture": "#texture", "rotation": 270 },
				"up": { "uv": [ 8, 8, 10, 16 ], "texture": "#texture", "rotation": 90 },
				"north": { "uv": [ 8, 8, 10, 16 ], "texture": "#texture", "rotation": 90 },
				"south": { "uv": [ 8, 8, 10, 16 ], "texture": "#texture", "rotation": 90 },
				"west": { "uv": [ 2, 0, 4, 2 ], "texture": "#texture" },
				"east": { "uv": [ 2, 0, 4, 2 ], "texture": "#texture" }
			}
		},
		{
			"__comment": "Box1",
			"from": [ 7, 0, 7 ],
			"to": [ 9, 16, 9 ],
			"faces": {
				"down": { "uv": [ 2, 0, 4, 2 ], "texture": "#texture" },
				"up": { "uv": [ 2, 0, 4, 2 ], "texture": "#texture" },
				"north": { "uv": [ 0, 0, 2, 16 ], "texture": "#texture" },
				"south": { "uv": [ 0, 0, 2, 16 ], "texture": "#texture" },
				"west": { "uv": [ 0, 0, 2, 16 ], "texture": "#texture" },
				"east": { "uv": [ 0, 0, 2, 16 ], "texture": "#texture" }
			}
		},
		{
			"__comment": "Box1",
			"from": [ 0, 3, 7 ],
			"to": [ 16, 5, 9 ],
			"faces": {
				"down": { "uv": [ 0, 0, 2, 16 ], "texture": "#texture", "rotation": 270 },
				"up": { "uv": [ 0, 0, 2, 16 ], "texture": "#texture", "rotation": 90 },
				"north": { "uv": [ 0, 0, 2, 16 ], "texture": "#texture", "rotation": 90 },
				"south": { "uv": [ 0, 0, 2, 16 ], "texture": "#texture", "rotation": 90 },
				"west": { "uv": [ 2, 0, 4, 2 ], "texture": "#texture" },
				"east": { "uv": [ 2, 0, 4, 2 ], "texture": "#texture" }
			}
		},
		{
			"__comment": "Box1",
			"from": [ 2, 7, 7 ],
			"to": [ 14, 9, 9 ],
			"faces": {
				"down": { "uv": [ 4, 4, 6, 16 ], "texture": "#texture", "rotation": 270 },
				"up": { "uv": [ 4, 4, 6, 16 ], "texture": "#texture", "rotation": 90 },
				"north": { "uv": [ 4, 4, 6, 16 ], "texture": "#texture", "rotation": 90 },
				"south": { "uv": [ 4, 4, 6, 16 ], "texture": "#texture", "rotation": 90 },
				"west": { "uv": [ 2, 0, 4, 2 ], "texture": "#texture" },
				"east": { "uv": [ 2, 0, 4, 2 ], "texture": "#texture" }
			}
		},
		{
			"__comment": "Box1",
			"from": [ 7, 3, 0 ],
			"to": [ 9, 5, 16 ],
			"faces": {
				"down": { "uv": [ 0, 0, 2, 16 ], "texture": "#texture" },
				"up": { "uv": [ 0, 0, 2, 16 ], "texture": "#texture" },
				"north": { "uv": [ 2, 0, 4, 2 ], "texture": "#texture" },
				"south": { "uv": [ 2, 0, 4, 2 ], "texture": "#texture" },
				"west": { "uv": [ 0, 0, 2, 16 ], "texture": "#texture", "rotation": 90 },
				"east": { "uv": [ 0, 0, 2, 16 ], "texture": "#texture", "rotation": 90 }
			}
		},
		{
			"__comment": "Box1",
			"from": [ 7, 7, 2 ],
			"to": [ 9, 9, 14 ],
			"faces": {
				"down": { "uv": [ 4, 4, 6, 16 ], "texture": "#texture" },
				"up": { "uv": [ 4, 4, 6, 16 ], "texture": "#texture" },
				"north": { "uv": [ 2, 0, 4, 2 ], "texture": "#texture" },
				"south": { "uv": [ 2, 0, 4, 2 ], "texture": "#texture" },
				"west": { "uv": [ 4, 4, 6, 16 ], "texture": "#texture", "rotation": 90 },
				"east": { "uv": [ 4, 4, 6, 16 ], "texture": "#texture", "rotation": 90 }
			}
		},
		{
			"__comment": "Box1",
			"from": [ 7, 11, 4 ],
			"to": [ 9, 13, 12 ],
			"faces": {
				"down": { "uv": [ 8, 8, 10, 16 ], "texture": "#texture" },
				"up": { "uv": [ 8, 8, 10, 16 ], "texture": "#texture" },
				"north": { "uv": [ 2, 0, 4, 2 ], "texture": "#texture" },
				"south": { "uv": [ 2, 0, 4, 2 ], "texture": "#texture" },
				"west": { "uv": [ 8, 8, 10, 16 ], "texture": "#texture", "rotation": 90 },
				"east": { "uv": [ 8, 8, 10, 16 ], "texture": "#texture", "rotation": 90 }
			}
		}
	],
	"display": {
		"thirdperson_righthand": {
			"rotation":  [ 75, 45, 0 ],
			"translation":  [ 0, 2.5, 0 ],
			"scale":  [ 0.375, 0.375, 0.375 ]
		},
		"thirdperson_lefthand": {
			"rotation":  [ 75, 45, 0 ],
			"translation":  [ 0, 2.5, 0 ],
			"scale":  [ 0.375, 0.375, 0.375 ]
		},
		"firstperson_righthand": {
			"rotation":  [ 0, 45, 0 ],
			"scale":  [ 0.4, 0.4, 0.4 ]
		},
		"firstperson_lefthand": {
			"rotation":  [ 0, 45, 0 ],
			"scale":  [ 0.4, 0.4, 0.4 ]
		},
		"gui": {
			"rotation":  [ 30, 225, 0 ],
			"scale":  [ 0.625, 0.625, 0.625 ]
		},
		"ground": {
			"translation":  [ 0, 3, 0 ],
			"scale":  [ 0.25, 0.25, 0.25 ]
		},
		"fixed": {
			"scale":  [ 0.5, 0.5, 0.5 ]
		}
	}
}