{
	"__comment": "Designed by Blue_Beaker with Cubik Studio - https://cubik.studio",
	"ambientocclusion": false,
	"textures": {
		"particle": "block/iron_bars",
		"texture": "3dres/iron_bars"
	},
	"elements": [ 	 
		{
			"__comment": "Box1",
			"from": [ 7, 0, -1 ],
			"to": [ 9, 16, 1 ],
			"faces": {
				"down": { "uv": [ 2, 0, 4, 2 ], "texture": "#texture" },
				"up": { "uv": [ 2, 0, 4, 2 ], "texture": "#texture" },
				"north": { "uv": [ 0, 0, 2, 16 ], "texture": "#texture" },
				"south": { "uv": [ 0, 0, 2, 16 ], "texture": "#texture" },
				"west": { "uv": [ 0, 0, 2, 16 ], "texture": "#texture" },
				"east": { "uv": [ 0, 0, 2, 16 ], "texture": "#texture" }
			}
		},
		{
			"__comment": "Box7",
			"from": [ 7, 3, 1 ],
			"to": [ 9, 5, 3 ],
			"faces": {
				"down": { "uv": [ 2, 2, 3, 4 ], "texture": "#texture", "rotation": 90 },
				"up": { "uv": [ 2, 2, 3, 4 ], "texture": "#texture", "rotation": 90 },
				"west": { "uv": [ 2, 2, 4, 4 ], "texture": "#texture" },
				"east": { "uv": [ 2, 2, 4, 4 ], "texture": "#texture" }
			}
		},
		{
			"__comment": "Box7",
			"from": [ 7, 11, 5 ],
			"to": [ 9, 13, 7 ],
			"faces": {
				"down": { "uv": [ 2, 2, 3, 4 ], "texture": "#texture", "rotation": 90 },
				"up": { "uv": [ 2, 2, 3, 4 ], "texture": "#texture", "rotation": 90 },
				"west": { "uv": [ 2, 2, 4, 4 ], "texture": "#texture" },
				"east": { "uv": [ 2, 2, 4, 4 ], "texture": "#texture" }
			}
		},
		{
			"__comment": "Box1",
			"from": [ 7, 0, 3 ],
			"to": [ 9, 16, 5 ],
			"faces": {
				"down": { "uv": [ 2, 0, 4, 2 ], "texture": "#texture" },
				"up": { "uv": [ 2, 0, 4, 2 ], "texture": "#texture" },
				"north": { "uv": [ 0, 0, 2, 16 ], "texture": "#texture" },
				"south": { "uv": [ 0, 0, 2, 16 ], "texture": "#texture" },
				"west": { "uv": [ 0, 0, 2, 16 ], "texture": "#texture" },
				"east": { "uv": [ 0, 0, 2, 16 ], "texture": "#texture" }
			}
		}
	]
}