{
	"credit": "Made by Blue_Beaker with Blockbench",
	"textures": {
		"3": "3dres/pumpkin/pumpkin_face_on",
		"5": "3dres/pumpkin/pumpkin_side",
		"6": "3dres/pumpkin/pumpkin_top",
		"particle": "3dres/pumpkin/out",
		"texture2": "3dres/pumpkin/misc"
	},
	"elements": [
		{
			"name": "Box4",
			"from": [0, 0, 0],
			"to": [16, 16, 16],
			"faces": {
				"east": {"uv": [0, 0, 16, 16], "texture": "#5", "cullface": "east"},
				"south": {"uv": [0, 0, 16, 16], "texture": "#5", "cullface": "south"},
				"west": {"uv": [0, 0, 16, 16], "texture": "#5", "cullface": "west"},
				"up": {"uv": [0, 0, 16, 16], "texture": "#6", "cullface": "up"},
				"down": {"uv": [0, 0, 16, 16], "texture": "#6", "cullface": "down"}
			}
		},
		{
			"name": "Box8",
			"from": [5, 3, 0],
			"to": [7, 4, 1],
			"faces": {
				"north": {"uv": [9, 12, 11, 13], "texture": "#3", "cullface": "north"},
				"east": {"uv": [9, 12, 10, 13], "texture": "#3", "cullface": "north"},
				"west": {"uv": [10, 12, 11, 13], "texture": "#3", "cullface": "north"},
				"up": {"uv": [9, 12, 11, 13], "rotation": 180, "texture": "#3", "cullface": "north"}
			}
		},
		{
			"name": "Box8",
			"from": [0, 0, 0],
			"to": [16, 3, 1],
			"faces": {
				"north": {"uv": [0, 13, 16, 16], "texture": "#3", "cullface": "north"},
				"up": {"uv": [0, 13, 16, 14], "texture": "#3", "cullface": "north"}
			}
		},
		{
			"name": "Box8",
			"from": [0, 13, 0],
			"to": [16, 16, 1],
			"faces": {
				"north": {"uv": [0, 0, 16, 3], "texture": "#3", "cullface": "north"},
				"down": {"uv": [0, 2, 16, 3], "texture": "#3", "cullface": "north"}
			}
		},
		{
			"name": "Box8",
			"from": [13, 3, 0],
			"to": [16, 13, 1],
			"faces": {
				"north": {"uv": [0, 3, 3, 13], "texture": "#3", "cullface": "north"},
				"west": {"uv": [2, 3, 3, 13], "texture": "#3", "cullface": "north"}
			}
		},
		{
			"name": "Box8",
			"from": [0, 3, 0],
			"to": [3, 13, 1],
			"faces": {
				"north": {"uv": [13, 3, 16, 13], "texture": "#3", "cullface": "north"},
				"east": {"uv": [13, 3, 14, 13], "texture": "#3", "cullface": "north"}
			}
		},
		{
			"name": "Box8",
			"from": [3, 7, 0],
			"to": [13, 9, 1],
			"faces": {
				"north": {"uv": [3, 7, 13, 9], "texture": "#3", "cullface": "north"},
				"up": {"uv": [3, 7, 13, 8], "texture": "#3", "cullface": "north"},
				"down": {"uv": [3, 8, 13, 9], "texture": "#3", "cullface": "north"}
			}
		},
		{
			"name": "Box8",
			"from": [7, 9, 0],
			"to": [9, 13, 1],
			"faces": {
				"north": {"uv": [7, 3, 9, 7], "texture": "#3", "cullface": "north"},
				"east": {"uv": [8, 3, 9, 7], "texture": "#3", "cullface": "north"},
				"west": {"uv": [7, 3, 8, 7], "texture": "#3", "cullface": "north"}
			}
		},
		{
			"name": "Box8",
			"from": [5, 6, 0],
			"to": [7, 7, 1],
			"faces": {
				"north": {"uv": [9, 9, 11, 10], "texture": "#3", "cullface": "north"},
				"east": {"uv": [9, 9, 10, 10], "texture": "#3", "cullface": "north"},
				"west": {"uv": [10, 9, 11, 10], "texture": "#3", "cullface": "north"},
				"down": {"uv": [9, 9, 11, 10], "rotation": 180, "texture": "#3", "cullface": "north"}
			}
		},
		{
			"name": "Box8",
			"from": [9, 3, 0],
			"to": [11, 4, 1],
			"faces": {
				"north": {"uv": [5, 12, 7, 13], "texture": "#3", "cullface": "north"},
				"east": {"uv": [5, 12, 6, 13], "texture": "#3", "cullface": "north"},
				"west": {"uv": [6, 12, 7, 13], "texture": "#3", "cullface": "north"},
				"up": {"uv": [5, 12, 7, 13], "rotation": 180, "texture": "#3", "cullface": "north"}
			}
		},
		{
			"name": "Box8",
			"from": [9, 6, 0],
			"to": [11, 7, 1],
			"faces": {
				"north": {"uv": [5, 9, 7, 10], "texture": "#3", "cullface": "north"},
				"east": {"uv": [5, 9, 6, 10], "texture": "#3", "cullface": "north"},
				"west": {"uv": [6, 9, 7, 10], "texture": "#3", "cullface": "north"},
				"down": {"uv": [5, 9, 7, 10], "rotation": 180, "texture": "#3", "cullface": "north"}
			}
		},
		{
			"name": "Box5",
			"from": [7, 16, 7],
			"to": [9, 19, 9],
			"faces": {
				"north": {"uv": [0, 0, 8, 8], "texture": "#texture2", "cullface": "up"},
				"east": {"uv": [0, 0, 8, 8], "texture": "#texture2", "cullface": "up"},
				"south": {"uv": [0, 0, 8, 8], "texture": "#texture2", "cullface": "up"},
				"west": {"uv": [0, 0, 8, 8], "texture": "#texture2", "cullface": "up"},
				"up": {"uv": [8, 0, 16, 8], "texture": "#texture2", "cullface": "up"}
			}
		},
		{
			"from": [0, 0, 0.5],
			"to": [16, 16, 1.5],
			"rotation": {"angle": 0, "axis": "y", "origin": [8, 8, 8.5]},
			"faces": {
				"north": {"uv": [0, 0, 16, 16], "texture": "#3", "cullface": "north"}
			}
		}
	],
	"display": {
		"thirdperson_righthand": {
			"rotation": [75, 45, 0],
			"translation": [0, 2.5, 0],
			"scale": [0.375, 0.375, 0.375]
		},
		"thirdperson_lefthand": {
			"rotation": [75, 45, 0],
			"translation": [0, 2.5, 0],
			"scale": [0.375, 0.375, 0.375]
		},
		"firstperson_righthand": {
			"rotation": [0, 45, 0],
			"scale": [0.4, 0.4, 0.4]
		},
		"firstperson_lefthand": {
			"rotation": [0, 45, 0],
			"scale": [0.4, 0.4, 0.4]
		},
		"ground": {
			"translation": [0, 3, 0],
			"scale": [0.25, 0.25, 0.25]
		},
		"gui": {
			"rotation": [30, 225, 0],
			"scale": [0.625, 0.625, 0.625]
		},
		"fixed": {
			"scale": [0.5, 0.5, 0.5]
		}
	}
}