{
	"__comment": "Designed by Blue_Beaker with Cubik Studio - https://cubik.studio",
	"textures": {
		"particle": "block/peony_top",
		"texture": "3dres/flowers/double_plant_paeonia"
	},
	"elements": [ 	 
		{
			"__comment": "Box1",
			"from": [ 7.5, 0, 7.5 ],
			"to": [ 8.5, 8, 8.5 ],
			"faces": {
				"down": { "uv": [ 0, 0, 2, 2 ], "texture": "#texture", "rotation": 90 },
				"north": { "uv": [ 0, 9, 2, 16 ], "texture": "#texture" },
				"south": { "uv": [ 0, 9, 2, 16 ], "texture": "#texture" },
				"west": { "uv": [ 2, 9, 0, 16 ], "texture": "#texture" },
				"east": { "uv": [ 2, 9, 0, 16 ], "texture": "#texture" }
			}
		},
		{
			"__comment": "Box2",
			"from": [ 5.5, 8, 5.5 ],
			"to": [ 10.5, 13, 10.5 ],
			"faces": {
				"down": { "uv": [ 2, 0, 10, 8 ], "texture": "#texture" },
				"up": { "uv": [ 2, 0, 10, 8 ], "texture": "#texture" },
				"north": { "uv": [ 10, 0, 2, 8 ], "texture": "#texture" },
				"south": { "uv": [ 10, 0, 2, 8 ], "texture": "#texture" },
				"west": { "uv": [ 2, 0, 10, 8 ], "texture": "#texture" },
				"east": { "uv": [ 2, 0, 10, 8 ], "texture": "#texture" }
			}
		},
		{
			"__comment": "Box8",
			"from": [ 5.5, 7, 9 ],
			"to": [ 10.5, 7.5, 12 ],
			"rotation": { "origin": [ 5.5, 7, 9 ], "axis": "x", "angle": -22.5 },
			"faces": {
				"down": { "uv": [ 2, 8, 10, 16 ], "texture": "#texture" },
				"up": { "uv": [ 2, 16, 10, 8 ], "texture": "#texture" },
				"north": { "uv": [ 10, 16, 2, 8 ], "texture": "#texture" },
				"south": { "uv": [ 2, 8, 10, 16 ], "texture": "#texture" },
				"west": { "uv": [ 2, 8, 3, 16 ], "texture": "#texture", "rotation": 90 },
				"east": { "uv": [ 3, 8, 4, 16 ], "texture": "#texture", "rotation": 270 }
			}
		},
		{
			"__comment": "Box8",
			"from": [ 9, 7, 5.5 ],
			"to": [ 12, 7.5, 10.5 ],
			"rotation": { "origin": [ 9, 7, 5.5 ], "axis": "z", "angle": 22.5 },
			"faces": {
				"down": { "uv": [ 10, 8, 2, 16 ], "texture": "#texture", "rotation": 90 },
				"up": { "uv": [ 10, 16, 2, 8 ], "texture": "#texture", "rotation": 270 },
				"north": { "uv": [ 3, 16, 2, 8 ], "texture": "#texture", "rotation": 90 },
				"south": { "uv": [ 4, 16, 3, 8 ], "texture": "#texture", "rotation": 270 },
				"west": { "uv": [ 2, 16, 10, 8 ], "texture": "#texture" },
				"east": { "uv": [ 2, 8, 10, 16 ], "texture": "#texture", "rotation": 180 }
			}
		},
		{
			"__comment": "Box8",
			"from": [ 4, 7, 5.5 ],
			"to": [ 7, 7.5, 10.5 ],
			"rotation": { "origin": [ 7, 7, 5.5 ], "axis": "z", "angle": -22.5 },
			"faces": {
				"down": { "uv": [ 10, 16, 2, 8 ], "texture": "#texture", "rotation": 90 },
				"up": { "uv": [ 10, 8, 2, 16 ], "texture": "#texture", "rotation": 270 },
				"north": { "uv": [ 3, 16, 2, 8 ], "texture": "#texture", "rotation": 270 },
				"south": { "uv": [ 4, 16, 3, 8 ], "texture": "#texture", "rotation": 90 },
				"west": { "uv": [ 10, 16, 2, 8 ], "texture": "#texture", "rotation": 180 },
				"east": { "uv": [ 10, 8, 2, 16 ], "texture": "#texture" }
			}
		},
		{
			"__comment": "Box8",
			"from": [ 5.5, 7, 4 ],
			"to": [ 10.5, 7.5, 7 ],
			"rotation": { "origin": [ 5.5, 7, 7 ], "axis": "x", "angle": 22.5 },
			"faces": {
				"down": { "uv": [ 2, 16, 10, 8 ], "texture": "#texture" },
				"up": { "uv": [ 2, 8, 10, 16 ], "texture": "#texture" },
				"north": { "uv": [ 10, 16, 2, 8 ], "texture": "#texture" },
				"south": { "uv": [ 2, 8, 10, 16 ], "texture": "#texture" },
				"west": { "uv": [ 2, 8, 3, 16 ], "texture": "#texture", "rotation": 270 },
				"east": { "uv": [ 3, 8, 4, 16 ], "texture": "#texture", "rotation": 90 }
			}
		}
	],
	"display": {
		"thirdperson_righthand": {
			"translation":  [ 0, 3, 1 ],
			"scale":  [ 0.375, 0.375, 0.375 ]
		},
		"thirdperson_lefthand": {
			"translation":  [ 0, 3, 1 ],
			"scale":  [ 0.375, 0.375, 0.375 ]
		},
		"firstperson_righthand": {
			"rotation":  [ 0, 45, 0 ],
			"translation":  [ 0, 3, 0 ],
			"scale":  [ 0.4, 0.4, 0.4 ]
		},
		"firstperson_lefthand": {
			"rotation":  [ 0, 45, 0 ],
			"translation":  [ 0, 3, 0 ],
			"scale":  [ 0.4, 0.4, 0.4 ]
		},
		"gui": {
			"rotation":  [ 30, 225, 0 ],
			"scale":  [ 0.625, 0.625, 0.625 ]
		},
		"ground": {
			"translation":  [ 0, 2, 0 ],
			"scale":  [ 0.5, 0.5, 0.5 ]
		},
		"fixed": {
			"scale":  [ 0.5, 0.5, 0.5 ]
		}
	}
}