{
	"credit": "Made with Blockbench",
	"parent": "block/crop",
	"ambientocclusion": false,
	"textures": {
		"1": "3dres/crops/crops",
		"particle": "3dres/crops/crops",
		"texture": "3dres/crops/potatoes"
	},
	"elements": [
		{
			"name": "leaf0",
			"from": [4, 1, 4],
			"to": [12, 4, 12],
			"faces": {
				"north": {"uv": [0, 8, 8, 11], "texture": "#1"},
				"east": {"uv": [0, 8, 8, 11], "texture": "#1"},
				"south": {"uv": [0, 8, 8, 11], "texture": "#1"},
				"west": {"uv": [0, 8, 8, 11], "texture": "#1"}
			}
		},
		{
			"name": "leaf0_in",
			"from": [4, 1, 5],
			"to": [12, 4, 5],
			"rotation": {"angle": 0, "axis": "y", "origin": [8, 0, 8]},
			"faces": {
				"south": {"uv": [0, 8, 8, 11], "texture": "#1"}
			}
		},
		{
			"name": "leaf0_in",
			"from": [4, 1, 11],
			"to": [12, 4, 11],
			"rotation": {"angle": 0, "axis": "y", "origin": [8, 0, 8]},
			"faces": {
				"north": {"uv": [0, 8, 8, 11], "texture": "#1"}
			}
		},
		{
			"name": "leaf0_in",
			"from": [5, 1, 4],
			"to": [5, 4, 12],
			"rotation": {"angle": 0, "axis": "y", "origin": [8, 0, 8]},
			"faces": {
				"east": {"uv": [0, 8, 8, 11], "texture": "#1"}
			}
		},
		{
			"name": "leaf0_in",
			"from": [11, 1, 4],
			"to": [11, 4, 12],
			"rotation": {"angle": 0, "axis": "y", "origin": [8, 0, 8]},
			"faces": {
				"west": {"uv": [0, 8, 8, 11], "texture": "#1"}
			}
		},
		{
			"name": "leaf1",
			"from": [4, 3.5, 4],
			"to": [5, 6, 6.5],
			"rotation": {"angle": -45, "axis": "x", "origin": [4, 4, 4.5]},
			"faces": {
				"east": {"uv": [8, 3, 13, 8], "rotation": 270, "texture": "#1"},
				"west": {"uv": [8, 3, 13, 8], "texture": "#1"}
			}
		},
		{
			"name": "leaf1",
			"from": [11, 3.5, 4],
			"to": [12, 6, 6.5],
			"rotation": {"angle": -45, "axis": "x", "origin": [4, 4, 4.5]},
			"faces": {
				"east": {"uv": [8, 3, 13, 8], "rotation": 270, "texture": "#1"},
				"west": {"uv": [8, 3, 13, 8], "texture": "#1"}
			}
		},
		{
			"name": "Box5",
			"from": [4, 4, 4],
			"to": [12, 6, 5],
			"rotation": {"angle": -45, "axis": "x", "origin": [4, 4, 4.5]},
			"faces": {
				"north": {"uv": [8, 12, 16, 16], "texture": "#1"},
				"south": {"uv": [8, 12, 16, 16], "texture": "#1"},
				"up": {"uv": [8, 12, 16, 16], "texture": "#1"}
			}
		},
		{
			"name": "Box5",
			"from": [4, 4, 4],
			"to": [12, 6, 5],
			"rotation": {"angle": 45, "axis": "x", "origin": [4, 4, 4.5]},
			"faces": {
				"north": {"uv": [8, 12, 16, 16], "texture": "#1"},
				"south": {"uv": [8, 12, 16, 16], "texture": "#1"},
				"up": {"uv": [8, 12, 16, 16], "texture": "#1"}
			}
		},
		{
			"name": "crop",
			"from": [2, -1, 2],
			"to": [14, 1, 14],
			"faces": {
				"north": {"uv": [2, 14, 14, 16], "texture": "#texture"},
				"east": {"uv": [2, 14, 14, 16], "texture": "#texture"},
				"south": {"uv": [2, 14, 14, 16], "texture": "#texture"},
				"west": {"uv": [2, 14, 14, 16], "texture": "#texture"},
				"up": {"uv": [2, 2, 14, 14], "texture": "#texture"}
			}
		},
		{
			"name": "crop_in",
			"from": [2, -1, 9],
			"to": [14, 1, 9],
			"rotation": {"angle": 0, "axis": "y", "origin": [8, 0, 8]},
			"faces": {
				"north": {"uv": [2, 14, 14, 16], "texture": "#texture"}
			}
		},
		{
			"name": "crop_in",
			"from": [2, -1, 7],
			"to": [14, 1, 7],
			"rotation": {"angle": 0, "axis": "y", "origin": [8, 0, 8]},
			"faces": {
				"south": {"uv": [2, 14, 14, 16], "texture": "#texture"}
			}
		},
		{
			"name": "crop_in",
			"from": [9, -1, 2],
			"to": [9, 1, 14],
			"rotation": {"angle": 0, "axis": "y", "origin": [8, 0, 8]},
			"faces": {
				"west": {"uv": [2, 14, 14, 16], "texture": "#texture"}
			}
		},
		{
			"name": "crop_in",
			"from": [7, -1, 2],
			"to": [7, 1, 14],
			"rotation": {"angle": 0, "axis": "y", "origin": [8, 0, 8]},
			"faces": {
				"east": {"uv": [2, 14, 14, 16], "texture": "#texture"}
			}
		},
		{
			"name": "leaf1",
			"from": [4, 3.5, 11],
			"to": [5, 6, 13.5],
			"rotation": {"angle": -45, "axis": "x", "origin": [4, 4, 11.5]},
			"faces": {
				"east": {"uv": [8, 3, 13, 8], "rotation": 270, "texture": "#1"},
				"west": {"uv": [8, 3, 13, 8], "texture": "#1"}
			}
		},
		{
			"name": "leaf1",
			"from": [11, 3.5, 11],
			"to": [12, 6, 13.5],
			"rotation": {"angle": -45, "axis": "x", "origin": [4, 4, 11.5]},
			"faces": {
				"east": {"uv": [8, 3, 13, 8], "rotation": 270, "texture": "#1"},
				"west": {"uv": [8, 3, 13, 8], "texture": "#1"}
			}
		},
		{
			"name": "Box5",
			"from": [4, 4, 11],
			"to": [12, 6, 12],
			"rotation": {"angle": -45, "axis": "x", "origin": [4, 4, 11.5]},
			"faces": {
				"north": {"uv": [8, 12, 16, 16], "texture": "#1"},
				"south": {"uv": [8, 12, 16, 16], "texture": "#1"},
				"up": {"uv": [8, 12, 16, 16], "texture": "#1"}
			}
		},
		{
			"name": "Box5",
			"from": [4, 4, 11],
			"to": [12, 6, 12],
			"rotation": {"angle": 45, "axis": "x", "origin": [4, 4, 11.5]},
			"faces": {
				"north": {"uv": [8, 12, 16, 16], "texture": "#1"},
				"south": {"uv": [8, 12, 16, 16], "texture": "#1"},
				"up": {"uv": [8, 12, 16, 16], "texture": "#1"}
			}
		}
	],
	"groups": [
		{
			"name": "leaf0",
			"origin": [0, 0, 0],
			"color": 0,
			"children": [0, 1, 2, 3, 4]
		},
		{
			"name": "leaf1",
			"origin": [4, 4, 4.5],
			"color": 0,
			"children": [5, 6, 7, 8]
		},
		{
			"name": "crop",
			"origin": [8, 0, 8],
			"color": 0,
			"children": [9, 10, 11, 12, 13]
		},
		{
			"name": "leaf1",
			"origin": [4, 4, 4.5],
			"color": 0,
			"children": [14, 15, 16, 17]
		}
	]
}