{
	"__comment": "Designed by Blue_Beaker with Cubik Studio - https://cubik.studio",
	"textures": {
		"particle": "block/pumpkin_side",
		"cap": "block/pumpkin_top",
		"side": "block/pumpkin_side",
		"texture": "3dres/pumpkin/misc"
	},
	"elements": [ 	 
		{
			"__comment": "Box5",
			"from": [ 7, 16, 7 ],
			"to": [ 9, 19, 9 ],
			"faces": {
				"up": { "uv": [ 8, 0, 16, 8 ], "texture": "#texture", "cullface": "up" },
				"north": { "uv": [ 0, 0, 8, 8 ], "texture": "#texture", "cullface": "up" },
				"south": { "uv": [ 0, 0, 8, 8 ], "texture": "#texture", "cullface": "up" },
				"west": { "uv": [ 0, 0, 8, 8 ], "texture": "#texture", "cullface": "up" },
				"east": { "uv": [ 0, 0, 8, 8 ], "texture": "#texture", "cullface": "up" }
			}
		},
		{
			"__comment": "Box17",
			"from": [ 0, 0, 0 ],
			"to": [ 16, 16, 16 ],
			"faces": {
				"down": { "uv": [ 0, 0, 16, 16 ], "texture": "#cap" },
				"up": { "uv": [ 0, 0, 16, 16 ], "texture": "#cap" },
				"north": { "uv": [ 0, 0, 16, 16 ], "texture": "#side" },
				"south": { "uv": [ 0, 0, 16, 16 ], "texture": "#side" },
				"west": { "uv": [ 0, 0, 16, 16 ], "texture": "#side" },
				"east": { "uv": [ 0, 0, 16, 16 ], "texture": "#side" }
			}
		}
	],
	"display": {
		"thirdperson_righthand": {
			"rotation":  [ 75, 45, 0 ],
			"translation":  [ 0, 2.5, 0 ],
			"scale":  [ 0.375, 0.375, 0.375 ]
		},
		"thirdperson_lefthand": {
			"rotation":  [ 75, 45, 0 ],
			"translation":  [ 0, 2.5, 0 ],
			"scale":  [ 0.375, 0.375, 0.375 ]
		},
		"firstperson_righthand": {
			"rotation":  [ 0, 45, 0 ],
			"scale":  [ 0.4, 0.4, 0.4 ]
		},
		"firstperson_lefthand": {
			"rotation":  [ 0, 45, 0 ],
			"scale":  [ 0.4, 0.4, 0.4 ]
		},
		"gui": {
			"rotation":  [ 30, 225, 0 ],
			"scale":  [ 0.625, 0.625, 0.625 ]
		},
		"ground": {
			"translation":  [ 0, 3, 0 ],
			"scale":  [ 0.25, 0.25, 0.25 ]
		},
		"fixed": {
			"scale":  [ 0.5, 0.5, 0.5 ]
		}
	}
}