{
	"credit": "Made with Blockbench",
	"textures": {
		"rail": "3dres/rails",
		"particle": "3dres/rail_particle"
	},
	"elements": [
		{
			"name": "Wood",
			"from": [1.00038, 0.00006, 13.00014],
			"to": [15.00038, 0.50006, 15.00014],
			"faces": {
				"north": {"uv": [0.5, 2, 15.5, 3], "texture": "#rail"},
				"east": {"uv": [0.5, 0, 1, 2], "texture": "#rail"},
				"south": {"uv": [0.5, 2, 15.5, 3], "texture": "#rail"},
				"west": {"uv": [0.5, 0, 1, 2], "texture": "#rail"},
				"up": {"uv": [0.5, 0, 15.5, 2], "texture": "#rail"},
				"down": {"uv": [0.5, 0, 15.5, 2], "texture": "#rail"}
			}
		},
		{
			"name": "Wood1",
			"from": [12.99959, 0, 0.99912],
			"to": [14.99959, 0.5, 14.99912],
			"faces": {
				"north": {"uv": [0.5, 2, 15.5, 3], "texture": "#rail"},
				"east": {"uv": [0.5, 0, 1, 2], "texture": "#rail"},
				"south": {"uv": [0.5, 2, 15.5, 3], "texture": "#rail"},
				"west": {"uv": [0.5, 0, 1, 2], "texture": "#rail"},
				"up": {"uv": [0.5, 0, 15.5, 2], "rotation": 90, "texture": "#rail"},
				"down": {"uv": [0.5, 0, 15.5, 2], "rotation": 90, "texture": "#rail"}
			}
		},
		{
			"name": "Wood3",
			"from": [12.93359, 0.00043, 0.55612],
			"to": [14.93359, 0.50043, 14.55612],
			"rotation": {"angle": 22.5, "axis": "y", "origin": [14.5, 0, 13.5]},
			"faces": {
				"north": {"uv": [0.5, 0, 1, 2], "texture": "#rail"},
				"east": {"uv": [0.5, 2, 15.5, 3], "texture": "#rail"},
				"south": {"uv": [0.5, 0, 1, 2], "texture": "#rail"},
				"west": {"uv": [0.5, 2, 15.5, 3], "texture": "#rail"},
				"up": {"uv": [0.5, 0, 15.5, 2], "rotation": 90, "texture": "#rail"},
				"down": {"uv": [0.5, 0, 15.5, 2], "rotation": 270, "texture": "#rail"}
			}
		},
		{
			"name": "Box5",
			"from": [13.0007, 0.50059, 15.00087],
			"to": [15.8257, 1.50059, 16.00087],
			"rotation": {"angle": 45, "axis": "y", "origin": [13, 0.5, 15]},
			"faces": {
				"north": {"uv": [0, 3, 16, 5], "texture": "#rail"},
				"east": {"uv": [0, 3, 16, 5], "rotation": 270, "texture": "#rail"},
				"south": {"uv": [0, 3, 16, 5], "texture": "#rail"},
				"west": {"uv": [0, 3, 16, 5], "rotation": 270, "texture": "#rail"},
				"up": {"uv": [0, 3, 16, 5], "texture": "#rail"},
				"down": {"uv": [0, 3, 16, 5], "texture": "#rail"}
			}
		},
		{
			"name": "Box5",
			"from": [2.00078, 0.50066, 9.00016],
			"to": [3.00078, 1.50066, 16.00016],
			"faces": {
				"north": {"uv": [0, 3, 16, 5], "rotation": 270, "texture": "#rail"},
				"east": {"uv": [0, 3, 16, 5], "rotation": 180, "texture": "#rail"},
				"south": {"uv": [0, 3, 16, 5], "rotation": 270, "texture": "#rail"},
				"west": {"uv": [0, 3, 16, 5], "rotation": 180, "texture": "#rail"},
				"up": {"uv": [0, 3, 16, 5], "rotation": 270, "texture": "#rail"},
				"down": {"uv": [0, 3, 16, 5], "rotation": 270, "texture": "#rail"}
			}
		},
		{
			"name": "Box5",
			"from": [13.00081, 0.49915, 14.99957],
			"to": [14.00081, 1.49915, 15.99957],
			"faces": {
				"north": {"uv": [0, 3, 16, 5], "rotation": 270, "texture": "#rail"},
				"east": {"uv": [0, 3, 16, 5], "rotation": 180, "texture": "#rail"},
				"south": {"uv": [0, 3, 16, 5], "rotation": 270, "texture": "#rail"},
				"west": {"uv": [0, 3, 16, 5], "rotation": 180, "texture": "#rail"},
				"up": {"uv": [0, 3, 16, 5], "rotation": 270, "texture": "#rail"},
				"down": {"uv": [0, 3, 16, 5], "rotation": 270, "texture": "#rail"}
			}
		},
		{
			"name": "Box5",
			"from": [2.00024, 0.49903, 8.99976],
			"to": [11.90024, 1.49903, 9.99976],
			"rotation": {"angle": 45, "axis": "y", "origin": [2, 0.5, 9]},
			"faces": {
				"north": {"uv": [0, 3, 16, 5], "texture": "#rail"},
				"east": {"uv": [0, 3, 16, 5], "rotation": 270, "texture": "#rail"},
				"south": {"uv": [0, 3, 16, 5], "texture": "#rail"},
				"west": {"uv": [0, 3, 16, 5], "rotation": 270, "texture": "#rail"},
				"up": {"uv": [0, 3, 16, 5], "texture": "#rail"},
				"down": {"uv": [0, 3, 16, 5], "texture": "#rail"}
			}
		},
		{
			"name": "Box5",
			"from": [14.99901, 0.4995, 12.99945],
			"to": [15.99901, 1.4995, 13.99945],
			"faces": {
				"north": {"uv": [0, 3, 16, 5], "texture": "#rail"},
				"east": {"uv": [0, 3, 16, 5], "rotation": 270, "texture": "#rail"},
				"south": {"uv": [0, 3, 16, 5], "texture": "#rail"},
				"west": {"uv": [0, 3, 16, 5], "rotation": 270, "texture": "#rail"},
				"up": {"uv": [0, 3, 16, 5], "texture": "#rail"},
				"down": {"uv": [0, 3, 16, 5], "texture": "#rail"}
			}
		},
		{
			"name": "Wood3",
			"from": [0.55592, 0.00001, 12.9349],
			"to": [14.55592, 0.50001, 14.9349],
			"rotation": {"angle": -22.5, "axis": "y", "origin": [13.5, 0, 14.5]},
			"faces": {
				"north": {"uv": [0.5, 2, 15.5, 3], "texture": "#rail"},
				"east": {"uv": [0.5, 0, 1, 2], "texture": "#rail"},
				"south": {"uv": [0.5, 2, 15.5, 3], "texture": "#rail"},
				"west": {"uv": [0.5, 0, 1, 2], "texture": "#rail"},
				"up": {"uv": [0.5, 0, 15.5, 2], "texture": "#rail"},
				"down": {"uv": [0.5, 0, 15.5, 2], "texture": "#rail"}
			}
		},
		{
			"name": "Wood3",
			"from": [0.99996, 0.0009, 12.99933],
			"to": [14.99996, 0.5009, 14.99933],
			"rotation": {"angle": -45, "axis": "y", "origin": [14, 0, 14]},
			"faces": {
				"north": {"uv": [0.5, 2, 15.5, 3], "texture": "#rail"},
				"east": {"uv": [0.5, 0, 1, 2], "texture": "#rail"},
				"south": {"uv": [0.5, 2, 15.5, 3], "texture": "#rail"},
				"west": {"uv": [0.5, 0, 1, 2], "texture": "#rail"},
				"up": {"uv": [0.5, 0, 15.5, 2], "texture": "#rail"},
				"down": {"uv": [0.5, 0, 15.5, 2], "texture": "#rail"}
			}
		},
		{
			"name": "Box5",
			"from": [9.00098, 0.49994, 2.00088],
			"to": [16.00098, 1.49994, 3.00088],
			"faces": {
				"north": {"uv": [0, 3, 16, 5], "texture": "#rail"},
				"east": {"uv": [0, 3, 16, 5], "rotation": 270, "texture": "#rail"},
				"south": {"uv": [0, 3, 16, 5], "texture": "#rail"},
				"west": {"uv": [0, 3, 16, 5], "rotation": 270, "texture": "#rail"},
				"up": {"uv": [0, 3, 16, 5], "texture": "#rail"},
				"down": {"uv": [0, 3, 16, 5], "texture": "#rail"}
			}
		}
	]
}