{
	"__comment": "Designed by Blue_Beaker with Cubik Studio - https://cubik.studio",
	"textures": {
		"particle": "block/red_tulip",
		"texture": "3dres/flowers/flower_tulip_red"
	},
	"elements": [ 	 
		{
			"__comment": "Box1",
			"from": [ 7.5, 0, 7.5 ],
			"to": [ 8.5, 6, 8.5 ],
			"faces": {
				"down": { "uv": [ 0, 0, 2, 2 ], "texture": "#texture", "rotation": 90 },
				"north": { "uv": [ 0, 9, 2, 16 ], "texture": "#texture" },
				"south": { "uv": [ 0, 9, 2, 16 ], "texture": "#texture" },
				"west": { "uv": [ 2, 9, 0, 16 ], "texture": "#texture" },
				"east": { "uv": [ 2, 9, 0, 16 ], "texture": "#texture" }
			}
		},
		{
			"__comment": "Box3",
			"from": [ 6.5, 6, 6.5 ],
			"to": [ 9.5, 6.5, 9.5 ],
			"faces": {
				"down": { "uv": [ 2, 0, 8, 6 ], "texture": "#texture" },
				"up": { "uv": [ 2, 0, 8, 6 ], "texture": "#texture" }
			}
		},
		{
			"__comment": "Box5",
			"from": [ 6.5, 6, 9 ],
			"to": [ 9.5, 10, 9.5 ],
			"rotation": { "origin": [ 6.5, 6, 9.5 ], "axis": "x", "angle": 22.5 },
			"faces": {
				"up": { "uv": [ 2, 8, 8, 16 ], "texture": "#texture" },
				"north": { "uv": [ 8, 8, 2, 16 ], "texture": "#texture" },
				"south": { "uv": [ 2, 8, 8, 16 ], "texture": "#texture" },
				"west": { "uv": [ 2, 8, 3, 16 ], "texture": "#texture" },
				"east": { "uv": [ 3, 8, 4, 16 ], "texture": "#texture" }
			}
		},
		{
			"__comment": "Box5",
			"from": [ 9, 6, 6.5 ],
			"to": [ 9.5, 10, 9.5 ],
			"rotation": { "origin": [ 9.5, 6, 9.5 ], "axis": "z", "angle": -22.5 },
			"faces": {
				"up": { "uv": [ 8, 8, 2, 16 ], "texture": "#texture", "rotation": 270 },
				"north": { "uv": [ 2, 8, 3, 16 ], "texture": "#texture" },
				"south": { "uv": [ 3, 8, 4, 16 ], "texture": "#texture" },
				"west": { "uv": [ 2, 8, 8, 16 ], "texture": "#texture" },
				"east": { "uv": [ 8, 8, 2, 16 ], "texture": "#texture" }
			}
		},
		{
			"__comment": "Box5",
			"from": [ 6.5, 6, 6.5 ],
			"to": [ 9.5, 10, 7 ],
			"rotation": { "origin": [ 6.5, 6, 6.5 ], "axis": "x", "angle": -22.5 },
			"faces": {
				"up": { "uv": [ 8, 8, 2, 16 ], "texture": "#texture" },
				"north": { "uv": [ 2, 8, 8, 16 ], "texture": "#texture" },
				"south": { "uv": [ 8, 8, 2, 16 ], "texture": "#texture" },
				"west": { "uv": [ 3, 8, 4, 16 ], "texture": "#texture" },
				"east": { "uv": [ 2, 8, 3, 16 ], "texture": "#texture" }
			}
		},
		{
			"__comment": "Box5",
			"from": [ 6.5, 6, 6.5 ],
			"to": [ 7, 10, 9.5 ],
			"rotation": { "origin": [ 6.5, 6, 9.5 ], "axis": "z", "angle": 22.5 },
			"faces": {
				"up": { "uv": [ 2, 8, 8, 16 ], "texture": "#texture", "rotation": 270 },
				"north": { "uv": [ 3, 8, 4, 16 ], "texture": "#texture" },
				"south": { "uv": [ 2, 8, 3, 16 ], "texture": "#texture" },
				"west": { "uv": [ 8, 8, 2, 16 ], "texture": "#texture" },
				"east": { "uv": [ 2, 8, 8, 16 ], "texture": "#texture" }
			}
		}
	],
	"display": {
		"thirdperson_righthand": {
			"translation":  [ 0, 3, 1 ],
			"scale":  [ 0.375, 0.375, 0.375 ]
		},
		"thirdperson_lefthand": {
			"translation":  [ 0, 3, 1 ],
			"scale":  [ 0.375, 0.375, 0.375 ]
		},
		"firstperson_righthand": {
			"rotation":  [ 0, 45, 0 ],
			"translation":  [ 0, 3, 0 ],
			"scale":  [ 0.4, 0.4, 0.4 ]
		},
		"firstperson_lefthand": {
			"rotation":  [ 0, 45, 0 ],
			"translation":  [ 0, 3, 0 ],
			"scale":  [ 0.4, 0.4, 0.4 ]
		},
		"gui": {
			"rotation":  [ 30, 225, 0 ],
			"scale":  [ 0.625, 0.625, 0.625 ]
		},
		"ground": {
			"translation":  [ 0, 2, 0 ],
			"scale":  [ 0.5, 0.5, 0.5 ]
		},
		"fixed": {
			"scale":  [ 0.5, 0.5, 0.5 ]
		}
	}
}