{
	"__comment": "Designed by Blue_Beaker with Cubik Studio - https://cubik.studio",
	"textures": {
		"particle": "3dres/redstone_lamp/out",
		"texture": "3dres/redstone_lamp/out",
		"texture1": "3dres/redstone_lamp/on"
	},
	"elements": [ 	 
		{
			"__comment": "Box1",
			"from": [ 0, 0, 0 ],
			"to": [ 2, 2, 16 ],
			"faces": {
				"down": { "uv": [ 0, 0, 2, 16 ], "texture": "#texture" },
				"up": { "uv": [ 0, 0, 2, 16 ], "texture": "#texture", "cullface": "west" },
				"north": { "uv": [ 14, 14, 16, 16 ], "texture": "#texture" },
				"south": { "uv": [ 0, 14, 2, 16 ], "texture": "#texture" },
				"west": { "uv": [ 0, 14, 16, 16 ], "texture": "#texture" },
				"east": { "uv": [ 0, 14, 16, 16 ], "texture": "#texture" }
			}
		},
		{
			"__comment": "Box1",
			"from": [ 0, 0, 0 ],
			"to": [ 2, 16, 2 ],
			"faces": {
				"down": { "uv": [ 0, 14, 2, 16 ], "texture": "#texture" },
				"up": { "uv": [ 0, 0, 2, 2 ], "texture": "#texture" },
				"north": { "uv": [ 14, 0, 16, 16 ], "texture": "#texture" },
				"south": { "uv": [ 0, 0, 2, 16 ], "texture": "#texture", "cullface": "west" },
				"west": { "uv": [ 0, 0, 2, 16 ], "texture": "#texture" },
				"east": { "uv": [ 14, 0, 16, 16 ], "texture": "#texture", "cullface": "north" }
			}
		},
		{
			"__comment": "Box1",
			"from": [ 14, 0, 0 ],
			"to": [ 16, 16, 2 ],
			"faces": {
				"down": { "uv": [ 14, 14, 16, 16 ], "texture": "#texture" },
				"up": { "uv": [ 14, 0, 16, 2 ], "texture": "#texture" },
				"north": { "uv": [ 0, 0, 2, 16 ], "texture": "#texture" },
				"south": { "uv": [ 14, 0, 16, 16 ], "texture": "#texture", "cullface": "east" },
				"west": { "uv": [ 0, 0, 2, 16 ], "texture": "#texture", "cullface": "north" },
				"east": { "uv": [ 14, 0, 16, 16 ], "texture": "#texture" }
			}
		},
		{
			"__comment": "Box1",
			"from": [ 0, 0, 14 ],
			"to": [ 2, 16, 16 ],
			"faces": {
				"down": { "uv": [ 0, 0, 2, 2 ], "texture": "#texture" },
				"up": { "uv": [ 0, 14, 2, 16 ], "texture": "#texture" },
				"north": { "uv": [ 14, 0, 16, 16 ], "texture": "#texture", "cullface": "west" },
				"south": { "uv": [ 0, 0, 2, 16 ], "texture": "#texture" },
				"west": { "uv": [ 14, 0, 16, 16 ], "texture": "#texture" },
				"east": { "uv": [ 0, 0, 2, 16 ], "texture": "#texture", "cullface": "south" }
			}
		},
		{
			"__comment": "Box1",
			"from": [ 14, 0, 14 ],
			"to": [ 16, 16, 16 ],
			"faces": {
				"down": { "uv": [ 14, 0, 16, 2 ], "texture": "#texture" },
				"up": { "uv": [ 14, 14, 16, 16 ], "texture": "#texture" },
				"north": { "uv": [ 0, 0, 2, 16 ], "texture": "#texture", "cullface": "east" },
				"south": { "uv": [ 14, 0, 16, 16 ], "texture": "#texture" },
				"west": { "uv": [ 14, 0, 16, 16 ], "texture": "#texture", "cullface": "south" },
				"east": { "uv": [ 0, 0, 2, 16 ], "texture": "#texture" }
			}
		},
		{
			"__comment": "Box1",
			"from": [ 0, 0, 14 ],
			"to": [ 16, 2, 16 ],
			"faces": {
				"down": { "uv": [ 0, 0, 16, 2 ], "texture": "#texture" },
				"up": { "uv": [ 0, 14, 16, 16 ], "texture": "#texture", "cullface": "south" },
				"north": { "uv": [ 0, 14, 16, 16 ], "texture": "#texture" },
				"south": { "uv": [ 0, 14, 16, 16 ], "texture": "#texture" },
				"west": { "uv": [ 14, 14, 16, 16 ], "texture": "#texture" },
				"east": { "uv": [ 0, 14, 2, 16 ], "texture": "#texture" }
			}
		},
		{
			"__comment": "Box1",
			"from": [ 0, 0, 0 ],
			"to": [ 16, 2, 2 ],
			"faces": {
				"down": { "uv": [ 0, 14, 16, 16 ], "texture": "#texture" },
				"up": { "uv": [ 0, 0, 16, 2 ], "texture": "#texture", "cullface": "north" },
				"north": { "uv": [ 0, 14, 16, 16 ], "texture": "#texture" },
				"south": { "uv": [ 0, 14, 16, 16 ], "texture": "#texture" },
				"west": { "uv": [ 0, 14, 2, 16 ], "texture": "#texture" },
				"east": { "uv": [ 14, 14, 16, 16 ], "texture": "#texture" }
			}
		},
		{
			"__comment": "Box1",
			"from": [ 0, 14, 0 ],
			"to": [ 16, 16, 2 ],
			"faces": {
				"down": { "uv": [ 0, 14, 16, 16 ], "texture": "#texture", "cullface": "north" },
				"up": { "uv": [ 0, 0, 16, 2 ], "texture": "#texture" },
				"north": { "uv": [ 0, 0, 16, 2 ], "texture": "#texture" },
				"south": { "uv": [ 0, 0, 16, 2 ], "texture": "#texture", "cullface": "up" },
				"west": { "uv": [ 0, 0, 2, 2 ], "texture": "#texture" },
				"east": { "uv": [ 14, 0, 16, 2 ], "texture": "#texture" }
			}
		},
		{
			"__comment": "Box1",
			"from": [ 0, 14, 14 ],
			"to": [ 16, 16, 16 ],
			"faces": {
				"down": { "uv": [ 0, 0, 16, 2 ], "texture": "#texture", "cullface": "south" },
				"up": { "uv": [ 0, 14, 16, 16 ], "texture": "#texture" },
				"north": { "uv": [ 0, 0, 16, 2 ], "texture": "#texture", "cullface": "up" },
				"south": { "uv": [ 0, 0, 16, 2 ], "texture": "#texture" },
				"west": { "uv": [ 14, 0, 16, 2 ], "texture": "#texture" },
				"east": { "uv": [ 0, 0, 2, 2 ], "texture": "#texture" }
			}
		},
		{
			"__comment": "Box1",
			"from": [ 0, 14, 0 ],
			"to": [ 2, 16, 16 ],
			"faces": {
				"down": { "uv": [ 0, 0, 2, 16 ], "texture": "#texture", "cullface": "west" },
				"up": { "uv": [ 0, 0, 2, 16 ], "texture": "#texture" },
				"north": { "uv": [ 14, 0, 16, 2 ], "texture": "#texture" },
				"south": { "uv": [ 0, 0, 2, 2 ], "texture": "#texture" },
				"west": { "uv": [ 0, 0, 16, 2 ], "texture": "#texture" },
				"east": { "uv": [ 0, 0, 16, 2 ], "texture": "#texture", "cullface": "up" }
			}
		},
		{
			"__comment": "Box1",
			"from": [ 14, 14, 0 ],
			"to": [ 16, 16, 16 ],
			"faces": {
				"down": { "uv": [ 14, 0, 16, 16 ], "texture": "#texture", "cullface": "east" },
				"up": { "uv": [ 14, 0, 16, 16 ], "texture": "#texture" },
				"north": { "uv": [ 0, 0, 2, 2 ], "texture": "#texture" },
				"south": { "uv": [ 14, 0, 16, 2 ], "texture": "#texture" },
				"west": { "uv": [ 0, 0, 16, 2 ], "texture": "#texture", "cullface": "up" },
				"east": { "uv": [ 0, 0, 16, 2 ], "texture": "#texture" }
			}
		},
		{
			"__comment": "Box1",
			"from": [ 14, 0, 0 ],
			"to": [ 16, 2, 16 ],
			"faces": {
				"down": { "uv": [ 14, 0, 16, 16 ], "texture": "#texture" },
				"up": { "uv": [ 14, 0, 16, 16 ], "texture": "#texture", "cullface": "east" },
				"north": { "uv": [ 0, 14, 2, 16 ], "texture": "#texture" },
				"south": { "uv": [ 14, 14, 16, 16 ], "texture": "#texture" },
				"west": { "uv": [ 0, 14, 16, 16 ], "texture": "#texture" },
				"east": { "uv": [ 0, 14, 16, 16 ], "texture": "#texture" }
			}
		},
		{
			"__comment": "Box13",
			"from": [ 2, 2, 2 ],
			"to": [ 14, 14, 14 ],
			"faces": {
				"down": { "uv": [ 2, 2, 14, 14 ], "texture": "#texture1" },
				"up": { "uv": [ 2, 2, 14, 14 ], "texture": "#texture1" },
				"north": { "uv": [ 2, 2, 14, 14 ], "texture": "#texture1" },
				"south": { "uv": [ 2, 2, 14, 14 ], "texture": "#texture1" },
				"west": { "uv": [ 2, 2, 14, 14 ], "texture": "#texture1" },
				"east": { "uv": [ 2, 2, 14, 14 ], "texture": "#texture1" }
			}
		},
		{
			"__comment": "PlaneY14",
			"from": [ 12, -0.0009999999, 5 ],
			"to": [ 13, 1.164153E-10, 6 ],
			"faces": {
				"down": { "uv": [ 12, 10, 13, 11 ], "texture": "#texture" }
			}
		},
		{
			"__comment": "PlaneY14",
			"from": [ 4, -0.0009999999, 11 ],
			"to": [ 5, 1.164153E-10, 12 ],
			"faces": {
				"down": { "uv": [ 4, 4, 5, 5 ], "texture": "#texture" }
			}
		},
		{
			"__comment": "PlaneY14",
			"from": [ 5, -0.0009999999, 12 ],
			"to": [ 6, 1.164153E-10, 13 ],
			"faces": {
				"down": { "uv": [ 5, 3, 6, 4 ], "texture": "#texture" }
			}
		},
		{
			"__comment": "PlaneY14",
			"from": [ 3, -0.0009999999, 10 ],
			"to": [ 4, 1.164153E-10, 11 ],
			"faces": {
				"down": { "uv": [ 3, 5, 4, 6 ], "texture": "#texture" }
			}
		},
		{
			"__comment": "PlaneY14",
			"from": [ 10, -0.0009999999, 3 ],
			"to": [ 11, 1.164153E-10, 4 ],
			"faces": {
				"down": { "uv": [ 10, 12, 11, 13 ], "texture": "#texture" }
			}
		},
		{
			"__comment": "PlaneY14",
			"from": [ 11, -0.0009999999, 4 ],
			"to": [ 12, 1.164153E-10, 5 ],
			"faces": {
				"down": { "uv": [ 11, 11, 12, 12 ], "texture": "#texture" }
			}
		},
		{
			"__comment": "PlaneY14",
			"from": [ 12, 16, 10 ],
			"to": [ 13, 16.001, 11 ],
			"faces": {
				"down": { "uv": [ 12, 5, 13, 6 ], "texture": "#texture" },
				"up": { "uv": [ 12, 10, 13, 11 ], "texture": "#texture" }
			}
		},
		{
			"__comment": "PlaneY14",
			"from": [ 4, 16, 4 ],
			"to": [ 5, 16.001, 5 ],
			"faces": {
				"down": { "uv": [ 4, 11, 5, 12 ], "texture": "#texture" },
				"up": { "uv": [ 4, 4, 5, 5 ], "texture": "#texture" }
			}
		},
		{
			"__comment": "PlaneY14",
			"from": [ 5, 16, 3 ],
			"to": [ 6, 16.001, 4 ],
			"faces": {
				"down": { "uv": [ 5, 12, 6, 13 ], "texture": "#texture" },
				"up": { "uv": [ 5, 3, 6, 4 ], "texture": "#texture" }
			}
		},
		{
			"__comment": "PlaneY14",
			"from": [ 3, 16, 5 ],
			"to": [ 4, 16.001, 6 ],
			"faces": {
				"down": { "uv": [ 3, 10, 4, 11 ], "texture": "#texture" },
				"up": { "uv": [ 3, 5, 4, 6 ], "texture": "#texture" }
			}
		},
		{
			"__comment": "PlaneY14",
			"from": [ 10, 16, 12 ],
			"to": [ 11, 16.001, 13 ],
			"faces": {
				"down": { "uv": [ 10, 3, 11, 4 ], "texture": "#texture" },
				"up": { "uv": [ 10, 12, 11, 13 ], "texture": "#texture" }
			}
		},
		{
			"__comment": "PlaneY14",
			"from": [ 11, 16, 11 ],
			"to": [ 12, 16.001, 12 ],
			"faces": {
				"down": { "uv": [ 11, 4, 12, 5 ], "texture": "#texture" },
				"up": { "uv": [ 11, 11, 12, 12 ], "texture": "#texture" }
			}
		},
		{
			"__comment": "PlaneZ26",
			"from": [ 5, 3, -0.0009999999 ],
			"to": [ 6, 4, 1.164153E-10 ],
			"faces": {
				"north": { "uv": [ 10, 12, 11, 13 ], "texture": "#texture" }
			}
		},
		{
			"__comment": "PlaneZ26",
			"from": [ 4, 4, -0.0009999999 ],
			"to": [ 5, 5, 1.164153E-10 ],
			"faces": {
				"north": { "uv": [ 11, 11, 12, 12 ], "texture": "#texture" }
			}
		},
		{
			"__comment": "PlaneZ26",
			"from": [ 3, 5, -0.0009999999 ],
			"to": [ 4, 6, 1.164153E-10 ],
			"faces": {
				"north": { "uv": [ 12, 10, 13, 11 ], "texture": "#texture" }
			}
		},
		{
			"__comment": "PlaneZ26",
			"from": [ 12, 10, -0.0009999999 ],
			"to": [ 13, 11, 1.164153E-10 ],
			"faces": {
				"north": { "uv": [ 3, 5, 4, 6 ], "texture": "#texture" }
			}
		},
		{
			"__comment": "PlaneZ26",
			"from": [ 11, 11, -0.0009999999 ],
			"to": [ 12, 12, 1.164153E-10 ],
			"faces": {
				"north": { "uv": [ 4, 4, 5, 5 ], "texture": "#texture" }
			}
		},
		{
			"__comment": "PlaneZ26",
			"from": [ 10, 12, -0.0009999999 ],
			"to": [ 11, 13, 1.164153E-10 ],
			"faces": {
				"north": { "uv": [ 5, 3, 6, 4 ], "texture": "#texture" }
			}
		},
		{
			"__comment": "PlaneZ26",
			"from": [ 10, 3, 16 ],
			"to": [ 11, 4, 16.001 ],
			"faces": {
				"north": { "uv": [ 5, 12, 6, 13 ], "texture": "#texture" },
				"south": { "uv": [ 10, 12, 11, 13 ], "texture": "#texture" }
			}
		},
		{
			"__comment": "PlaneZ26",
			"from": [ 11, 4, 16 ],
			"to": [ 12, 5, 16.001 ],
			"faces": {
				"north": { "uv": [ 4, 11, 5, 12 ], "texture": "#texture" },
				"south": { "uv": [ 11, 11, 12, 12 ], "texture": "#texture" }
			}
		},
		{
			"__comment": "PlaneZ26",
			"from": [ 12, 5, 16 ],
			"to": [ 13, 6, 16.001 ],
			"faces": {
				"north": { "uv": [ 3, 10, 4, 11 ], "texture": "#texture" },
				"south": { "uv": [ 12, 10, 13, 11 ], "texture": "#texture" }
			}
		},
		{
			"__comment": "PlaneZ26",
			"from": [ 3, 10, 16 ],
			"to": [ 4, 11, 16.001 ],
			"faces": {
				"north": { "uv": [ 12, 5, 13, 6 ], "texture": "#texture" },
				"south": { "uv": [ 3, 5, 4, 6 ], "texture": "#texture" }
			}
		},
		{
			"__comment": "PlaneZ26",
			"from": [ 4, 11, 16 ],
			"to": [ 5, 12, 16.001 ],
			"faces": {
				"north": { "uv": [ 11, 4, 12, 5 ], "texture": "#texture" },
				"south": { "uv": [ 4, 4, 5, 5 ], "texture": "#texture" }
			}
		},
		{
			"__comment": "PlaneZ26",
			"from": [ 5, 12, 16 ],
			"to": [ 6, 13, 16.001 ],
			"faces": {
				"north": { "uv": [ 10, 3, 11, 4 ], "texture": "#texture" },
				"south": { "uv": [ 5, 3, 6, 4 ], "texture": "#texture" }
			}
		},
		{
			"__comment": "PlaneX38",
			"from": [ 15.999, 3, 5 ],
			"to": [ 16, 4, 6 ],
			"faces": {
				"east": { "uv": [ 10, 12, 11, 13 ], "texture": "#texture" }
			}
		},
		{
			"__comment": "PlaneX38",
			"from": [ 15.999, 4, 4 ],
			"to": [ 16, 5, 5 ],
			"faces": {
				"east": { "uv": [ 4, 4, 5, 5 ], "texture": "#texture" }
			}
		},
		{
			"__comment": "PlaneX38",
			"from": [ 15.999, 5, 3 ],
			"to": [ 16, 6, 4 ],
			"faces": {
				"east": { "uv": [ 5, 3, 6, 4 ], "texture": "#texture" }
			}
		},
		{
			"__comment": "PlaneX38",
			"from": [ 15.999, 10, 12 ],
			"to": [ 16, 11, 13 ],
			"faces": {
				"east": { "uv": [ 3, 5, 4, 6 ], "texture": "#texture" }
			}
		},
		{
			"__comment": "PlaneX38",
			"from": [ 15.999, 11, 11 ],
			"to": [ 16, 12, 12 ],
			"faces": {
				"east": { "uv": [ 4, 4, 5, 5 ], "texture": "#texture" }
			}
		},
		{
			"__comment": "PlaneX38",
			"from": [ 15.999, 12, 10 ],
			"to": [ 16, 13, 11 ],
			"faces": {
				"east": { "uv": [ 5, 3, 6, 4 ], "texture": "#texture" }
			}
		},
		{
			"__comment": "PlaneX38",
			"from": [ 0, 3, 10 ],
			"to": [ 0.001, 4, 11 ],
			"faces": {
				"west": { "uv": [ 10, 12, 11, 13 ], "texture": "#texture" },
				"east": { "uv": [ 5, 12, 6, 13 ], "texture": "#texture" }
			}
		},
		{
			"__comment": "PlaneX38",
			"from": [ 0, 4, 11 ],
			"to": [ 0.001, 5, 12 ],
			"faces": {
				"west": { "uv": [ 11, 11, 12, 12 ], "texture": "#texture" },
				"east": { "uv": [ 4, 11, 5, 12 ], "texture": "#texture" }
			}
		},
		{
			"__comment": "PlaneX38",
			"from": [ 0, 5, 12 ],
			"to": [ 0.001, 6, 13 ],
			"faces": {
				"west": { "uv": [ 12, 10, 13, 11 ], "texture": "#texture" },
				"east": { "uv": [ 3, 10, 4, 11 ], "texture": "#texture" }
			}
		},
		{
			"__comment": "PlaneX38",
			"from": [ 0, 10, 3 ],
			"to": [ 0.001, 11, 4 ],
			"faces": {
				"west": { "uv": [ 3, 5, 4, 6 ], "texture": "#texture" },
				"east": { "uv": [ 12, 5, 13, 6 ], "texture": "#texture" }
			}
		},
		{
			"__comment": "PlaneX38",
			"from": [ 0, 11, 4 ],
			"to": [ 0.001, 12, 5 ],
			"faces": {
				"west": { "uv": [ 4, 4, 5, 5 ], "texture": "#texture" },
				"east": { "uv": [ 11, 4, 12, 5 ], "texture": "#texture" }
			}
		},
		{
			"__comment": "PlaneX38",
			"from": [ 0, 12, 5 ],
			"to": [ 0.001, 13, 6 ],
			"faces": {
				"west": { "uv": [ 5, 3, 6, 4 ], "texture": "#texture" },
				"east": { "uv": [ 10, 3, 11, 4 ], "texture": "#texture" }
			}
		}
	],
	"display": {
		"thirdperson_righthand": {
			"rotation":  [ 75, 45, 0 ],
			"translation":  [ 0, 2.5, 0 ],
			"scale":  [ 0.375, 0.375, 0.375 ]
		},
		"thirdperson_lefthand": {
			"rotation":  [ 75, 45, 0 ],
			"translation":  [ 0, 2.5, 0 ],
			"scale":  [ 0.375, 0.375, 0.375 ]
		},
		"firstperson_righthand": {
			"rotation":  [ 0, 45, 0 ],
			"scale":  [ 0.4, 0.4, 0.4 ]
		},
		"firstperson_lefthand": {
			"rotation":  [ 0, 45, 0 ],
			"scale":  [ 0.4, 0.4, 0.4 ]
		},
		"gui": {
			"rotation":  [ 30, 225, 0 ],
			"scale":  [ 0.625, 0.625, 0.625 ]
		},
		"ground": {
			"translation":  [ 0, 3, 0 ],
			"scale":  [ 0.25, 0.25, 0.25 ]
		},
		"fixed": {
			"scale":  [ 0.5, 0.5, 0.5 ]
		}
	}
}