{
	"__comment": "Designed by Blue_Beaker with Cubik Studio - https://cubik.studio",
	"textures": {
		"particle": "block/smoker_front",
		"cap": "block/smoker_top",
		"side": "block/smoker_side",
		"front": "block/smoker_front",
		"coal": "block/oak_log",
		"fire": "block/fire_0",
		"fire1": "block/fire_1",
		"lava": "item/cooked_beef",
		"frame": "block/oak_log",
		"frame_top": "block/oak_log_top",
		"chimney": "3dres/smoker_chimney",
		"bottom": "block/smoker_bottom"
	},
	"elements": [ 	 
		{
			"__comment": "Box2",
			"from": [ 0, 1, 0 ],
			"to": [ 2, 15, 2 ],
			"faces": {
				"north": { "uv": [ 14, 1, 16, 15 ], "texture": "#frame", "cullface": "north" },
				"south": { "uv": [ 0, 1, 2, 15 ], "texture": "#frame", "cullface": "west" },
				"west": { "uv": [ 0, 1, 2, 15 ], "texture": "#frame", "cullface": "west" },
				"east": { "uv": [ 14, 1, 16, 15 ], "texture": "#frame", "cullface": "north" }
			}
		},
		{
			"__comment": "Box2",
			"from": [ 14, 1, 0 ],
			"to": [ 16, 15, 2 ],
			"faces": {
				"north": { "uv": [ 0, 1, 2, 15 ], "texture": "#frame", "cullface": "north" },
				"south": { "uv": [ 14, 1, 16, 15 ], "texture": "#frame", "cullface": "east" },
				"west": { "uv": [ 0, 1, 2, 15 ], "texture": "#frame", "cullface": "north" },
				"east": { "uv": [ 14, 1, 16, 15 ], "texture": "#frame", "cullface": "east" }
			}
		},
		{
			"__comment": "Box2",
			"from": [ 14, 1, 14 ],
			"to": [ 16, 15, 16 ],
			"faces": {
				"north": { "uv": [ 0, 1, 2, 15 ], "texture": "#frame", "cullface": "east" },
				"south": { "uv": [ 14, 1, 16, 15 ], "texture": "#frame", "cullface": "south" },
				"west": { "uv": [ 14, 1, 16, 15 ], "texture": "#frame", "cullface": "south" },
				"east": { "uv": [ 0, 1, 2, 15 ], "texture": "#frame", "cullface": "east" }
			}
		},
		{
			"__comment": "Box2",
			"from": [ 0, 1, 14 ],
			"to": [ 2, 15, 16 ],
			"faces": {
				"north": { "uv": [ 14, 1, 16, 15 ], "texture": "#frame", "cullface": "west" },
				"south": { "uv": [ 0, 1, 2, 15 ], "texture": "#frame", "cullface": "south" },
				"west": { "uv": [ 14, 1, 16, 15 ], "texture": "#frame", "cullface": "west" },
				"east": { "uv": [ 0, 1, 2, 15 ], "texture": "#frame", "cullface": "south" }
			}
		},
		{
			"__comment": "Box6",
			"from": [ 0, 0, 0 ],
			"to": [ 1, 2, 16 ],
			"faces": {
				"down": { "uv": [ 0, 0, 1, 16 ], "texture": "#frame_top", "cullface": "down" },
				"up": { "uv": [ 0, 0, 1, 16 ], "texture": "#frame_top", "cullface": "west" },
				"west": { "uv": [ 0, 15, 16, 16 ], "texture": "#frame", "cullface": "west" },
				"east": { "uv": [ 0, 15, 16, 16 ], "texture": "#frame", "cullface": "down" }
			}
		},
		{
			"__comment": "Box6",
			"from": [ 15, 0, 0 ],
			"to": [ 16, 2, 16 ],
			"faces": {
				"down": { "uv": [ 15, 0, 16, 16 ], "texture": "#frame_top", "cullface": "down" },
				"up": { "uv": [ 15, 0, 16, 16 ], "texture": "#frame_top", "cullface": "east" },
				"west": { "uv": [ 0, 15, 16, 16 ], "texture": "#frame", "cullface": "down" },
				"east": { "uv": [ 0, 15, 16, 16 ], "texture": "#frame", "cullface": "east" }
			}
		},
		{
			"__comment": "Box10",
			"from": [ 0, 0, 0 ],
			"to": [ 16, 2, 1 ],
			"faces": {
				"down": { "uv": [ 0, 15, 16, 16 ], "texture": "#frame_top", "cullface": "down" },
				"up": { "uv": [ 0, 0, 16, 1 ], "texture": "#frame_top", "cullface": "north" },
				"north": { "uv": [ 0, 15, 16, 16 ], "texture": "#frame", "cullface": "north" },
				"south": { "uv": [ 0, 15, 16, 16 ], "texture": "#frame", "cullface": "down" }
			}
		},
		{
			"__comment": "Box10",
			"from": [ 0, 0, 15 ],
			"to": [ 16, 2, 16 ],
			"faces": {
				"down": { "uv": [ 0, 0, 16, 1 ], "texture": "#frame_top", "cullface": "down" },
				"up": { "uv": [ 0, 15, 16, 16 ], "texture": "#frame_top", "cullface": "south" },
				"north": { "uv": [ 0, 15, 16, 16 ], "texture": "#frame", "cullface": "down" },
				"south": { "uv": [ 0, 15, 16, 16 ], "texture": "#frame", "cullface": "south" }
			}
		},
		{
			"__comment": "Box2",
			"from": [ 0.5, 0.5, 6 ],
			"to": [ 15.5, 15.5, 15.5 ],
			"faces": {
				"down": { "uv": [ 0.5, 0.5, 15.5, 10 ], "texture": "#bottom", "cullface": "down" },
				"up": { "uv": [ 0.5, 6, 15.5, 15.5 ], "texture": "#cap", "cullface": "up" },
				"north": { "uv": [ 0.5, 0.5, 15.5, 15.5 ], "texture": "#bottom", "cullface": "north" },
				"south": { "uv": [ 0.5, 0.5, 15.5, 15.5 ], "texture": "#side", "cullface": "south" },
				"west": { "uv": [ 6, 0.5, 15.5, 15.5 ], "texture": "#side", "cullface": "west" },
				"east": { "uv": [ 0.5, 0.5, 10, 15.5 ], "texture": "#side", "cullface": "east" }
			}
		},
		{
			"__comment": "Box2",
			"from": [ 0.5, 0.5, 0.5 ],
			"to": [ 15.5, 1, 6.5 ],
			"faces": {
				"down": { "uv": [ 0.5, 9.5, 15.5, 15.5 ], "texture": "#bottom", "cullface": "down" },
				"up": { "uv": [ 2, 0, 4, 5.5 ], "texture": "#cap", "cullface": "north" },
				"north": { "uv": [ 0.5, 15, 15.5, 15.5 ], "texture": "#front", "cullface": "north" },
				"west": { "uv": [ 0.5, 15, 6.5, 15.5 ], "texture": "#side" },
				"east": { "uv": [ 9.5, 15, 15.5, 15.5 ], "texture": "#side" }
			}
		},
		{
			"__comment": "Box2",
			"from": [ 0.5, 5, 0.5 ],
			"to": [ 15.5, 9, 6 ],
			"faces": {
				"down": { "uv": [ 2, 0, 4, 5.5 ], "texture": "#cap", "cullface": "north" },
				"up": { "uv": [ 2, 0, 4, 5.5 ], "texture": "#cap", "cullface": "north" },
				"north": { "uv": [ 0.5, 7, 15.5, 11 ], "texture": "#front", "cullface": "north" },
				"west": { "uv": [ 0.5, 7, 6, 10 ], "texture": "#side", "cullface": "west" },
				"east": { "uv": [ 10, 7, 15.5, 10 ], "texture": "#side", "cullface": "east" }
			}
		},
		{
			"__comment": "Box2",
			"from": [ 0.5, 13, 0.5 ],
			"to": [ 15.5, 15.5, 6 ],
			"faces": {
				"down": { "uv": [ 2, 10.5, 4, 16 ], "texture": "#cap", "cullface": "north" },
				"up": { "uv": [ 0.5, 0.5, 15.5, 6 ], "texture": "#cap", "cullface": "up" },
				"north": { "uv": [ 0.5, 0.5, 15.5, 3 ], "texture": "#front", "cullface": "north" },
				"west": { "uv": [ 0.5, 0.5, 6, 3 ], "texture": "#side", "cullface": "west" },
				"east": { "uv": [ 10, 0.5, 15.5, 3 ], "texture": "#side", "cullface": "east" }
			}
		},
		{
			"__comment": "Box2",
			"from": [ 0.5, 9, 0.5 ],
			"to": [ 5, 13, 6 ],
			"faces": {
				"north": { "uv": [ 11, 3, 15.5, 7 ], "texture": "#front", "cullface": "north" },
				"west": { "uv": [ 0.5, 3, 6, 7 ], "texture": "#side", "cullface": "west" },
				"east": { "uv": [ 9.5, 3, 4, 7 ], "texture": "#front", "cullface": "north" }
			}
		},
		{
			"__comment": "Box2",
			"from": [ 11, 9, 0.5 ],
			"to": [ 15.5, 13, 6 ],
			"faces": {
				"north": { "uv": [ 0.5, 3, 5, 7 ], "texture": "#front", "cullface": "north" },
				"west": { "uv": [ 4, 3, 9.5, 7 ], "texture": "#front", "cullface": "north" },
				"east": { "uv": [ 10, 3, 15.5, 7 ], "texture": "#side", "cullface": "east" }
			}
		},
		{
			"__comment": "Box2",
			"from": [ 11, 1, 0.5 ],
			"to": [ 15.5, 6, 6 ],
			"faces": {
				"north": { "uv": [ 0.5, 10, 5, 15 ], "texture": "#front", "cullface": "north" },
				"west": { "uv": [ 4, 3, 9.5, 7 ], "texture": "#front", "cullface": "north" },
				"east": { "uv": [ 10, 10, 15.5, 15 ], "texture": "#side", "cullface": "east" }
			}
		},
		{
			"__comment": "Box2",
			"from": [ 0.5, 1, 0.5 ],
			"to": [ 5, 6, 6 ],
			"faces": {
				"north": { "uv": [ 11, 10, 15.5, 15 ], "texture": "#front", "cullface": "north" },
				"west": { "uv": [ 0.5, 10, 6, 15 ], "texture": "#side", "cullface": "west" },
				"east": { "uv": [ 9.5, 3, 4, 7 ], "texture": "#front", "cullface": "north" }
			}
		},
		{
			"__comment": "Box10",
			"from": [ 5.5, 1, 0.5 ],
			"to": [ 10.5, 1.5, 5.5 ],
			"faces": {
				"up": { "uv": [ 0, 0, 16, 16 ], "texture": "#coal", "cullface": "north" },
				"north": { "uv": [ 16, 1, 0, 0 ], "texture": "#coal", "cullface": "north" },
				"south": { "uv": [ 0, 15, 16, 16 ], "texture": "#coal", "cullface": "north" },
				"west": { "uv": [ 0, 0, 1, 16 ], "texture": "#coal", "cullface": "north", "rotation": 270 },
				"east": { "uv": [ 16, 0, 15, 16 ], "texture": "#coal", "cullface": "north", "rotation": 90 }
			}
		},
		{
			"__comment": "Box10",
			"from": [ 0, 15, 0 ],
			"to": [ 16, 16, 1 ],
			"faces": {
				"down": { "uv": [ 0, 15, 16, 16 ], "texture": "#frame_top", "cullface": "north" },
				"up": { "uv": [ 0, 0, 16, 1 ], "texture": "#frame_top", "cullface": "up" },
				"north": { "uv": [ 0, 15, 16, 16 ], "texture": "#frame", "cullface": "north" },
				"south": { "uv": [ 0, 15, 16, 16 ], "texture": "#frame", "cullface": "up" }
			}
		},
		{
			"__comment": "Box6",
			"from": [ 0, 15, 0 ],
			"to": [ 1, 16, 16 ],
			"faces": {
				"down": { "uv": [ 0, 0, 1, 16 ], "texture": "#frame_top", "cullface": "west" },
				"up": { "uv": [ 0, 0, 1, 16 ], "texture": "#frame_top", "cullface": "up" },
				"west": { "uv": [ 0, 15, 16, 16 ], "texture": "#frame", "cullface": "west" },
				"east": { "uv": [ 0, 15, 16, 16 ], "texture": "#frame", "cullface": "up" }
			}
		},
		{
			"__comment": "Box10",
			"from": [ 0, 15, 15 ],
			"to": [ 16, 16, 16 ],
			"faces": {
				"down": { "uv": [ 0, 0, 16, 1 ], "texture": "#frame_top", "cullface": "south" },
				"up": { "uv": [ 0, 15, 16, 16 ], "texture": "#frame_top", "cullface": "up" },
				"north": { "uv": [ 0, 15, 16, 16 ], "texture": "#frame", "cullface": "up" },
				"south": { "uv": [ 0, 15, 16, 16 ], "texture": "#frame", "cullface": "south" }
			}
		},
		{
			"__comment": "Box6",
			"from": [ 15, 15, 0 ],
			"to": [ 16, 16, 16 ],
			"faces": {
				"down": { "uv": [ 15, 0, 16, 16 ], "texture": "#frame_top", "cullface": "east" },
				"up": { "uv": [ 15, 0, 16, 16 ], "texture": "#frame_top", "cullface": "up" },
				"west": { "uv": [ 0, 15, 16, 16 ], "texture": "#frame", "cullface": "up" },
				"east": { "uv": [ 0, 15, 16, 16 ], "texture": "#frame", "cullface": "east" }
			}
		},
		{
			"__comment": "Box10",
			"from": [ 0, 6, 0 ],
			"to": [ 16, 8, 1 ],
			"faces": {
				"down": { "uv": [ 0, 15, 16, 16 ], "texture": "#frame_top", "cullface": "north" },
				"up": { "uv": [ 0, 0, 16, 1 ], "texture": "#frame_top", "cullface": "north" },
				"north": { "uv": [ 0, 15, 16, 16 ], "texture": "#frame", "cullface": "north" }
			}
		},
		{
			"__comment": "Box6",
			"from": [ 0, 6, 0 ],
			"to": [ 1, 8, 16 ],
			"faces": {
				"down": { "uv": [ 0, 0, 1, 16 ], "texture": "#frame_top", "cullface": "west" },
				"up": { "uv": [ 0, 0, 1, 16 ], "texture": "#frame_top", "cullface": "west" },
				"west": { "uv": [ 0, 15, 16, 16 ], "texture": "#frame", "cullface": "west" }
			}
		},
		{
			"__comment": "Box10",
			"from": [ 0, 6, 15 ],
			"to": [ 16, 8, 16 ],
			"faces": {
				"down": { "uv": [ 0, 0, 16, 1 ], "texture": "#frame_top", "cullface": "south" },
				"up": { "uv": [ 0, 15, 16, 16 ], "texture": "#frame_top", "cullface": "south" },
				"south": { "uv": [ 0, 15, 16, 16 ], "texture": "#frame", "cullface": "south" }
			}
		},
		{
			"__comment": "Box6",
			"from": [ 15, 6, 0 ],
			"to": [ 16, 8, 16 ],
			"faces": {
				"down": { "uv": [ 15, 0, 16, 16 ], "texture": "#frame_top", "cullface": "east" },
				"up": { "uv": [ 15, 0, 16, 16 ], "texture": "#frame_top", "cullface": "east" },
				"east": { "uv": [ 0, 15, 16, 16 ], "texture": "#frame", "cullface": "east" }
			}
		},
		{
			"__comment": "Box57",
			"from": [ 4, 15, 4 ],
			"to": [ 12, 24, 5 ],
			"faces": {
				"up": { "uv": [ 4, 0.5, 12, 0 ], "texture": "#chimney", "cullface": "up" },
				"north": { "uv": [ 12, 0, 4, 9 ], "texture": "#chimney", "cullface": "up" },
				"south": { "uv": [ 4, 0, 12, 9 ], "texture": "#chimney", "cullface": "up" }
			}
		},
		{
			"__comment": "Box57",
			"from": [ 4, 15, 11 ],
			"to": [ 12, 24, 12 ],
			"faces": {
				"up": { "uv": [ 4, 0.5, 12, 0 ], "texture": "#chimney", "cullface": "up", "rotation": 180 },
				"north": { "uv": [ 4, 0, 12, 9 ], "texture": "#chimney", "cullface": "up" },
				"south": { "uv": [ 12, 0, 4, 9 ], "texture": "#chimney", "cullface": "up" }
			}
		},
		{
			"__comment": "Box57",
			"from": [ 11, 15, 4 ],
			"to": [ 12, 24, 12 ],
			"faces": {
				"up": { "uv": [ 4, 0.5, 12, 0 ], "texture": "#chimney", "cullface": "up", "rotation": 90 },
				"west": { "uv": [ 4, 0, 12, 9 ], "texture": "#chimney", "cullface": "up" },
				"east": { "uv": [ 12, 0, 4, 9 ], "texture": "#chimney", "cullface": "up" }
			}
		},
		{
			"__comment": "Box57",
			"from": [ 4, 15, 4 ],
			"to": [ 5, 24, 12 ],
			"faces": {
				"up": { "uv": [ 4, 0.5, 12, 0 ], "texture": "#chimney", "cullface": "up", "rotation": 270 },
				"west": { "uv": [ 12, 0, 4, 9 ], "texture": "#chimney", "cullface": "up" },
				"east": { "uv": [ 4, 0, 12, 9 ], "texture": "#chimney", "cullface": "up" }
			}
		},
		{
			"__comment": "Box40",
			"from": [ 0, 15, 0 ],
			"to": [ 2, 16, 2 ],
			"faces": {
				"up": { "uv": [ 0, 0, 2, 2 ], "texture": "#frame_top", "cullface": "up" },
				"south": { "uv": [ 0, 0, 2, 1 ], "texture": "#frame", "cullface": "up" },
				"east": { "uv": [ 14, 0, 16, 1 ], "texture": "#frame", "cullface": "up" }
			}
		},
		{
			"__comment": "Box40",
			"from": [ 14, 15, 0 ],
			"to": [ 16, 16, 2 ],
			"faces": {
				"up": { "uv": [ 14, 0, 16, 2 ], "texture": "#frame_top", "cullface": "up" },
				"south": { "uv": [ 14, 0, 16, 1 ], "texture": "#frame", "cullface": "up" },
				"west": { "uv": [ 0, 0, 2, 1 ], "texture": "#frame", "cullface": "up" }
			}
		},
		{
			"__comment": "Box40",
			"from": [ 14, 15, 14 ],
			"to": [ 16, 16, 16 ],
			"faces": {
				"up": { "uv": [ 14, 14, 16, 16 ], "texture": "#frame_top", "cullface": "up" },
				"north": { "uv": [ 0, 0, 2, 1 ], "texture": "#frame", "cullface": "up" },
				"west": { "uv": [ 14, 0, 16, 1 ], "texture": "#frame", "cullface": "up" }
			}
		},
		{
			"__comment": "Box40",
			"from": [ 0, 15, 14 ],
			"to": [ 2, 16, 16 ],
			"faces": {
				"up": { "uv": [ 0, 14, 2, 16 ], "texture": "#frame_top", "cullface": "up" },
				"north": { "uv": [ 14, 0, 16, 1 ], "texture": "#frame", "cullface": "up" },
				"east": { "uv": [ 0, 0, 2, 1 ], "texture": "#frame", "cullface": "up" }
			}
		},
		{
			"__comment": "Box40",
			"from": [ 14, 0, 14 ],
			"to": [ 16, 1, 16 ],
			"faces": {
				"down": { "uv": [ 14, 0, 16, 2 ], "texture": "#frame_top", "cullface": "down" },
				"north": { "uv": [ 0, 15, 2, 16 ], "texture": "#frame", "cullface": "down" },
				"west": { "uv": [ 14, 15, 16, 16 ], "texture": "#frame", "cullface": "down" }
			}
		},
		{
			"__comment": "Box40",
			"from": [ 14, 0, 0 ],
			"to": [ 16, 1, 2 ],
			"faces": {
				"down": { "uv": [ 14, 14, 16, 16 ], "texture": "#frame_top", "cullface": "down" },
				"south": { "uv": [ 14, 15, 16, 16 ], "texture": "#frame", "cullface": "down" },
				"west": { "uv": [ 0, 15, 2, 16 ], "texture": "#frame", "cullface": "down" }
			}
		},
		{
			"__comment": "Box40",
			"from": [ 0, 0, 0 ],
			"to": [ 2, 1, 2 ],
			"faces": {
				"down": { "uv": [ 0, 14, 2, 16 ], "texture": "#frame_top", "cullface": "down" },
				"south": { "uv": [ 0, 15, 2, 16 ], "texture": "#frame", "cullface": "down" },
				"east": { "uv": [ 14, 15, 16, 16 ], "texture": "#frame", "cullface": "down" }
			}
		},
		{
			"__comment": "Box40",
			"from": [ 0, 0, 14 ],
			"to": [ 2, 1, 16 ],
			"faces": {
				"down": { "uv": [ 0, 0, 2, 2 ], "texture": "#frame_top", "cullface": "down" },
				"north": { "uv": [ 14, 15, 16, 16 ], "texture": "#frame", "cullface": "down" },
				"east": { "uv": [ 0, 15, 2, 16 ], "texture": "#frame", "cullface": "down" }
			}
		}
	],
	"display": {
		"thirdperson_righthand": {
			"rotation":  [ 75, 45, 0 ],
			"translation":  [ 0, 2.5, 0 ],
			"scale":  [ 0.375, 0.375, 0.375 ]
		},
		"thirdperson_lefthand": {
			"rotation":  [ 75, 45, 0 ],
			"translation":  [ 0, 2.5, 0 ],
			"scale":  [ 0.375, 0.375, 0.375 ]
		},
		"firstperson_righthand": {
			"rotation":  [ 0, 45, 0 ],
			"scale":  [ 0.4, 0.4, 0.4 ]
		},
		"firstperson_lefthand": {
			"rotation":  [ 0, 45, 0 ],
			"scale":  [ 0.4, 0.4, 0.4 ]
		},
		"gui": {
			"rotation":  [ 30, 225, 0 ],
			"translation":  [ 0, -1, 0 ],
			"scale":  [ 0.5, 0.5, 0.5 ]
		},
		"ground": {
			"translation":  [ 0, 3, 0 ],
			"scale":  [ 0.25, 0.25, 0.25 ]
		},
		"fixed": {
			"scale":  [ 0.5, 0.5, 0.5 ]
		}
	}
}