{
	"credit": "Made by Blue_Beaker with Blockbench",
	"textures": {
		"texture": "3dres/reeds",
		"particle": "block/sugar_cane"
	},
	"elements": [
		{
			"name": "Box1",
			"from": [13, 0, 13],
			"to": [15, 16, 15],
			"faces": {
				"north": {"uv": [0, 0, 2, 16], "texture": "#texture", "tintindex": 0},
				"east": {"uv": [2, 0, 0, 16], "texture": "#texture", "tintindex": 0},
				"south": {"uv": [0, 0, 2, 16], "texture": "#texture", "tintindex": 0},
				"west": {"uv": [2, 0, 0, 16], "texture": "#texture", "tintindex": 0},
				"up": {"uv": [2, 0, 4, 2], "texture": "#texture", "tintindex": 0},
				"down": {"uv": [4, 0, 2, 2], "texture": "#texture", "tintindex": 0}
			}
		},
		{
			"name": "Box1",
			"from": [1, 0, 13],
			"to": [3, 16, 15],
			"faces": {
				"north": {"uv": [0, 0, 2, 16], "texture": "#texture", "tintindex": 0},
				"east": {"uv": [2, 0, 0, 16], "texture": "#texture", "tintindex": 0},
				"south": {"uv": [0, 0, 2, 16], "texture": "#texture", "tintindex": 0},
				"west": {"uv": [2, 0, 0, 16], "texture": "#texture", "tintindex": 0},
				"up": {"uv": [2, 0, 4, 2], "texture": "#texture", "tintindex": 0},
				"down": {"uv": [4, 0, 2, 2], "texture": "#texture", "tintindex": 0}
			}
		},
		{
			"name": "Box1",
			"from": [5, 0, 13],
			"to": [7, 16, 15],
			"faces": {
				"north": {"uv": [0, 0, 2, 16], "texture": "#texture", "tintindex": 0},
				"east": {"uv": [2, 0, 0, 16], "texture": "#texture", "tintindex": 0},
				"south": {"uv": [0, 0, 2, 16], "texture": "#texture", "tintindex": 0},
				"west": {"uv": [2, 0, 0, 16], "texture": "#texture", "tintindex": 0},
				"up": {"uv": [2, 0, 4, 2], "texture": "#texture", "tintindex": 0},
				"down": {"uv": [4, 0, 2, 2], "texture": "#texture", "tintindex": 0}
			}
		},
		{
			"name": "Box1",
			"from": [9, 0, 13],
			"to": [11, 16, 15],
			"faces": {
				"north": {"uv": [0, 0, 2, 16], "texture": "#texture", "tintindex": 0},
				"east": {"uv": [2, 0, 0, 16], "texture": "#texture", "tintindex": 0},
				"south": {"uv": [0, 0, 2, 16], "texture": "#texture", "tintindex": 0},
				"west": {"uv": [2, 0, 0, 16], "texture": "#texture", "tintindex": 0},
				"up": {"uv": [2, 0, 4, 2], "texture": "#texture", "tintindex": 0},
				"down": {"uv": [4, 0, 2, 2], "texture": "#texture", "tintindex": 0}
			}
		},
		{
			"name": "Box1",
			"from": [13, 0, 1],
			"to": [15, 16, 3],
			"faces": {
				"north": {"uv": [0, 0, 2, 16], "texture": "#texture", "tintindex": 0},
				"east": {"uv": [2, 0, 0, 16], "texture": "#texture", "tintindex": 0},
				"south": {"uv": [0, 0, 2, 16], "texture": "#texture", "tintindex": 0},
				"west": {"uv": [2, 0, 0, 16], "texture": "#texture", "tintindex": 0},
				"up": {"uv": [2, 0, 4, 2], "texture": "#texture", "tintindex": 0},
				"down": {"uv": [4, 0, 2, 2], "texture": "#texture", "tintindex": 0}
			}
		},
		{
			"name": "Box1",
			"from": [1, 0, 1],
			"to": [3, 16, 3],
			"faces": {
				"north": {"uv": [0, 0, 2, 16], "texture": "#texture", "tintindex": 0},
				"east": {"uv": [2, 0, 0, 16], "texture": "#texture", "tintindex": 0},
				"south": {"uv": [0, 0, 2, 16], "texture": "#texture", "tintindex": 0},
				"west": {"uv": [2, 0, 0, 16], "texture": "#texture", "tintindex": 0},
				"up": {"uv": [2, 0, 4, 2], "texture": "#texture", "tintindex": 0},
				"down": {"uv": [4, 0, 2, 2], "texture": "#texture", "tintindex": 0}
			}
		},
		{
			"name": "Box1",
			"from": [5, 0, 1],
			"to": [7, 16, 3],
			"faces": {
				"north": {"uv": [0, 0, 2, 16], "texture": "#texture", "tintindex": 0},
				"east": {"uv": [2, 0, 0, 16], "texture": "#texture", "tintindex": 0},
				"south": {"uv": [0, 0, 2, 16], "texture": "#texture", "tintindex": 0},
				"west": {"uv": [2, 0, 0, 16], "texture": "#texture", "tintindex": 0},
				"up": {"uv": [2, 0, 4, 2], "texture": "#texture", "tintindex": 0},
				"down": {"uv": [4, 0, 2, 2], "texture": "#texture", "tintindex": 0}
			}
		},
		{
			"name": "Box1",
			"from": [9, 0, 1],
			"to": [11, 16, 3],
			"faces": {
				"north": {"uv": [0, 0, 2, 16], "texture": "#texture", "tintindex": 0},
				"east": {"uv": [2, 0, 0, 16], "texture": "#texture", "tintindex": 0},
				"south": {"uv": [0, 0, 2, 16], "texture": "#texture", "tintindex": 0},
				"west": {"uv": [2, 0, 0, 16], "texture": "#texture", "tintindex": 0},
				"up": {"uv": [2, 0, 4, 2], "texture": "#texture", "tintindex": 0},
				"down": {"uv": [4, 0, 2, 2], "texture": "#texture", "tintindex": 0}
			}
		},
		{
			"name": "Box1",
			"from": [13, 0, 5],
			"to": [15, 16, 7],
			"faces": {
				"north": {"uv": [0, 0, 2, 16], "texture": "#texture", "tintindex": 0},
				"east": {"uv": [2, 0, 0, 16], "texture": "#texture", "tintindex": 0},
				"south": {"uv": [0, 0, 2, 16], "texture": "#texture", "tintindex": 0},
				"west": {"uv": [2, 0, 0, 16], "texture": "#texture", "tintindex": 0},
				"up": {"uv": [2, 0, 4, 2], "texture": "#texture", "tintindex": 0},
				"down": {"uv": [4, 0, 2, 2], "texture": "#texture", "tintindex": 0}
			}
		},
		{
			"name": "Box1",
			"from": [1, 0, 5],
			"to": [3, 16, 7],
			"faces": {
				"north": {"uv": [0, 0, 2, 16], "texture": "#texture", "tintindex": 0},
				"east": {"uv": [2, 0, 0, 16], "texture": "#texture", "tintindex": 0},
				"south": {"uv": [0, 0, 2, 16], "texture": "#texture", "tintindex": 0},
				"west": {"uv": [2, 0, 0, 16], "texture": "#texture", "tintindex": 0},
				"up": {"uv": [2, 0, 4, 2], "texture": "#texture", "tintindex": 0},
				"down": {"uv": [4, 0, 2, 2], "texture": "#texture", "tintindex": 0}
			}
		},
		{
			"name": "Box1",
			"from": [5, 0, 5],
			"to": [7, 16, 7],
			"faces": {
				"north": {"uv": [0, 0, 2, 16], "texture": "#texture", "tintindex": 0},
				"east": {"uv": [2, 0, 0, 16], "texture": "#texture", "tintindex": 0},
				"south": {"uv": [0, 0, 2, 16], "texture": "#texture", "tintindex": 0},
				"west": {"uv": [2, 0, 0, 16], "texture": "#texture", "tintindex": 0},
				"up": {"uv": [2, 0, 4, 2], "texture": "#texture", "tintindex": 0},
				"down": {"uv": [4, 0, 2, 2], "texture": "#texture", "tintindex": 0}
			}
		},
		{
			"name": "Box1",
			"from": [9, 0, 5],
			"to": [11, 16, 7],
			"faces": {
				"north": {"uv": [0, 0, 2, 16], "texture": "#texture", "tintindex": 0},
				"east": {"uv": [2, 0, 0, 16], "texture": "#texture", "tintindex": 0},
				"south": {"uv": [0, 0, 2, 16], "texture": "#texture", "tintindex": 0},
				"west": {"uv": [2, 0, 0, 16], "texture": "#texture", "tintindex": 0},
				"up": {"uv": [2, 0, 4, 2], "texture": "#texture", "tintindex": 0},
				"down": {"uv": [4, 0, 2, 2], "texture": "#texture", "tintindex": 0}
			}
		},
		{
			"name": "Box1",
			"from": [13, 0, 9],
			"to": [15, 16, 11],
			"faces": {
				"north": {"uv": [0, 0, 2, 16], "texture": "#texture", "tintindex": 0},
				"east": {"uv": [2, 0, 0, 16], "texture": "#texture", "tintindex": 0},
				"south": {"uv": [0, 0, 2, 16], "texture": "#texture", "tintindex": 0},
				"west": {"uv": [2, 0, 0, 16], "texture": "#texture", "tintindex": 0},
				"up": {"uv": [2, 0, 4, 2], "texture": "#texture", "tintindex": 0},
				"down": {"uv": [4, 0, 2, 2], "texture": "#texture", "tintindex": 0}
			}
		},
		{
			"name": "Box1",
			"from": [1, 0, 9],
			"to": [3, 16, 11],
			"faces": {
				"north": {"uv": [0, 0, 2, 16], "texture": "#texture", "tintindex": 0},
				"east": {"uv": [2, 0, 0, 16], "texture": "#texture", "tintindex": 0},
				"south": {"uv": [0, 0, 2, 16], "texture": "#texture", "tintindex": 0},
				"west": {"uv": [2, 0, 0, 16], "texture": "#texture", "tintindex": 0},
				"up": {"uv": [2, 0, 4, 2], "texture": "#texture", "tintindex": 0},
				"down": {"uv": [4, 0, 2, 2], "texture": "#texture", "tintindex": 0}
			}
		},
		{
			"name": "Box1",
			"from": [5, 0, 9],
			"to": [7, 16, 11],
			"faces": {
				"north": {"uv": [0, 0, 2, 16], "texture": "#texture", "tintindex": 0},
				"east": {"uv": [2, 0, 0, 16], "texture": "#texture", "tintindex": 0},
				"south": {"uv": [0, 0, 2, 16], "texture": "#texture", "tintindex": 0},
				"west": {"uv": [2, 0, 0, 16], "texture": "#texture", "tintindex": 0},
				"up": {"uv": [2, 0, 4, 2], "texture": "#texture", "tintindex": 0},
				"down": {"uv": [4, 0, 2, 2], "texture": "#texture", "tintindex": 0}
			}
		},
		{
			"name": "Box1",
			"from": [9, 0, 9],
			"to": [11, 16, 11],
			"faces": {
				"north": {"uv": [0, 0, 2, 16], "texture": "#texture", "tintindex": 0},
				"east": {"uv": [2, 0, 0, 16], "texture": "#texture", "tintindex": 0},
				"south": {"uv": [0, 0, 2, 16], "texture": "#texture", "tintindex": 0},
				"west": {"uv": [2, 0, 0, 16], "texture": "#texture", "tintindex": 0},
				"up": {"uv": [2, 0, 4, 2], "texture": "#texture", "tintindex": 0},
				"down": {"uv": [4, 0, 2, 2], "texture": "#texture", "tintindex": 0}
			}
		}
	],
	"display": {
		"thirdperson_righthand": {
			"rotation": [75, 45, 0],
			"translation": [0, 2.5, 0],
			"scale": [0.375, 0.375, 0.375]
		},
		"thirdperson_lefthand": {
			"rotation": [75, 45, 0],
			"translation": [0, 2.5, 0],
			"scale": [0.375, 0.375, 0.375]
		},
		"firstperson_righthand": {
			"rotation": [0, 45, 0],
			"scale": [0.4, 0.4, 0.4]
		},
		"firstperson_lefthand": {
			"rotation": [0, 45, 0],
			"scale": [0.4, 0.4, 0.4]
		},
		"ground": {
			"translation": [0, 3, 0],
			"scale": [0.25, 0.25, 0.25]
		},
		"gui": {
			"rotation": [30, 225, 0],
			"scale": [0.625, 0.625, 0.625]
		},
		"fixed": {
			"scale": [0.5, 0.5, 0.5]
		}
	}
}