{
	"__comment": "Designed by Blue_Beaker with Cubik Studio - https://cubik.studio",
	"textures": {
		"particle": "block/sunflower_bottom",
		"texture": "3dres/flowers/double_plant_sunflower"
	},
	"elements": [ 	 
		{
			"__comment": "Box1",
			"from": [ 7.5, 13.5, 4.5 ],
			"to": [ 8.5, 14.5, 7.5 ],
			"rotation": { "origin": [ 7.5, 13.5, 7.5 ], "axis": "x", "angle": 22.5 },
			"faces": {
				"down": { "uv": [ 2, 16, 0, 9 ], "texture": "#texture" },
				"up": { "uv": [ 0, 9, 2, 16 ], "texture": "#texture" },
				"north": { "uv": [ 2, 2, 0, 0 ], "texture": "#texture" },
				"south": { "uv": [ 0, 0, 2, 2 ], "texture": "#texture", "rotation": 90 },
				"west": { "uv": [ 2, 9, 0, 16 ], "texture": "#texture", "rotation": 270 },
				"east": { "uv": [ 2, 9, 0, 16 ], "texture": "#texture", "rotation": 90 }
			}
		},
		{
			"__comment": "Box1",
			"from": [ 7.5, 0, 7.5 ],
			"to": [ 8.5, 16, 8.5 ],
			"faces": {
				"down": { "uv": [ 0, 0, 2, 2 ], "texture": "#texture", "rotation": 90 },
				"north": { "uv": [ 0, 9, 2, 16 ], "texture": "#texture" },
				"south": { "uv": [ 0, 9, 2, 16 ], "texture": "#texture" },
				"west": { "uv": [ 2, 9, 0, 16 ], "texture": "#texture" },
				"east": { "uv": [ 2, 9, 0, 16 ], "texture": "#texture" }
			}
		},
		{
			"__comment": "Box1",
			"from": [ 7.5, 13.5, 8.5 ],
			"to": [ 8.5, 14.5, 11.5 ],
			"rotation": { "origin": [ 7.5, 13.5, 8.5 ], "axis": "x", "angle": -22.5 },
			"faces": {
				"down": { "uv": [ 0, 9, 2, 16 ], "texture": "#texture" },
				"up": { "uv": [ 2, 16, 0, 9 ], "texture": "#texture" },
				"north": { "uv": [ 2, 2, 0, 0 ], "texture": "#texture", "rotation": 90 },
				"south": { "uv": [ 0, 0, 2, 2 ], "texture": "#texture" },
				"west": { "uv": [ 2, 9, 0, 16 ], "texture": "#texture", "rotation": 90 },
				"east": { "uv": [ 2, 9, 0, 16 ], "texture": "#texture", "rotation": 270 }
			}
		}
	],
	"display": {
		"thirdperson_righthand": {
			"translation":  [ 0, 3, 1 ],
			"scale":  [ 0.375, 0.375, 0.375 ]
		},
		"thirdperson_lefthand": {
			"translation":  [ 0, 3, 1 ],
			"scale":  [ 0.375, 0.375, 0.375 ]
		},
		"firstperson_righthand": {
			"rotation":  [ 0, 45, 0 ],
			"translation":  [ 0, 3, 0 ],
			"scale":  [ 0.4, 0.4, 0.4 ]
		},
		"firstperson_lefthand": {
			"rotation":  [ 0, 45, 0 ],
			"translation":  [ 0, 3, 0 ],
			"scale":  [ 0.4, 0.4, 0.4 ]
		},
		"gui": {
			"rotation":  [ 30, 225, 0 ],
			"scale":  [ 0.625, 0.625, 0.625 ]
		},
		"ground": {
			"translation":  [ 0, 2, 0 ],
			"scale":  [ 0.5, 0.5, 0.5 ]
		},
		"fixed": {
			"scale":  [ 0.5, 0.5, 0.5 ]
		}
	}
}