{
	"__comment": "Designed by Blue_Beaker with Cubik Studio - https://cubik.studio",
	"ambientocclusion": false,
	"textures": {
		"particle": "block/vine",
		"texture": "3dres/vine",
		"vine": "block/vine"
	},
	"elements": [ 	 
		{
			"__comment": "Box4",
			"from": [ 0, 15, 11 ],
			"to": [ 16, 16, 13 ],
			"faces": {
				"down": { "uv": [ 0, 3, 16, 5 ], "texture": "#texture", "tintindex": 0 },
				"up": { "uv": [ 0, 11, 16, 13 ], "texture": "#texture", "tintindex": 0 },
				"north": { "uv": [ 0, 0, 16, 1 ], "texture": "#texture", "tintindex": 0 },
				"south": { "uv": [ 0, 0, 16, 1 ], "texture": "#texture", "tintindex": 0 },
				"west": { "uv": [ 11, 0, 13, 1 ], "texture": "#texture", "tintindex": 0 },
				"east": { "uv": [ 3, 0, 5, 1 ], "texture": "#texture", "tintindex": 0 }
			}
		},
		{
			"__comment": "Box4",
			"from": [ 3, 15, 0 ],
			"to": [ 5, 16, 16 ],
			"faces": {
				"down": { "uv": [ 3, 0, 5, 16 ], "texture": "#texture", "tintindex": 0 },
				"up": { "uv": [ 3, 0, 5, 16 ], "texture": "#texture", "tintindex": 0 },
				"north": { "uv": [ 11, 0, 13, 1 ], "texture": "#texture", "tintindex": 0 },
				"south": { "uv": [ 3, 0, 5, 1 ], "texture": "#texture", "tintindex": 0 },
				"west": { "uv": [ 0, 0, 16, 1 ], "texture": "#texture", "tintindex": 0 },
				"east": { "uv": [ 0, 0, 16, 1 ], "texture": "#texture", "tintindex": 0 }
			}
		},
		{
			"__comment": "Box4",
			"from": [ 11, 15, 0 ],
			"to": [ 13, 16, 16 ],
			"faces": {
				"down": { "uv": [ 11, 0, 13, 16 ], "texture": "#texture", "tintindex": 0 },
				"up": { "uv": [ 11, 0, 13, 16 ], "texture": "#texture", "tintindex": 0 },
				"north": { "uv": [ 3, 0, 5, 1 ], "texture": "#texture", "tintindex": 0 },
				"south": { "uv": [ 11, 0, 13, 1 ], "texture": "#texture", "tintindex": 0 },
				"west": { "uv": [ 0, 0, 16, 1 ], "texture": "#texture", "tintindex": 0 },
				"east": { "uv": [ 0, 0, 16, 1 ], "texture": "#texture", "tintindex": 0 }
			}
		},
		{
			"__comment": "Box4",
			"from": [ 0, 15, 3 ],
			"to": [ 16, 16, 5 ],
			"faces": {
				"down": { "uv": [ 0, 11, 16, 13 ], "texture": "#texture", "tintindex": 0 },
				"up": { "uv": [ 0, 3, 16, 5 ], "texture": "#texture", "tintindex": 0 },
				"north": { "uv": [ 0, 0, 16, 1 ], "texture": "#texture", "tintindex": 0 },
				"south": { "uv": [ 0, 0, 16, 1 ], "texture": "#texture", "tintindex": 0 },
				"west": { "uv": [ 3, 0, 5, 1 ], "texture": "#texture", "tintindex": 0 },
				"east": { "uv": [ 11, 0, 13, 1 ], "texture": "#texture", "tintindex": 0 }
			}
		}
	]
}