{
	"credit": "Made with Blockbench",
	"textures": {
		"particle": "#texture"
	},
	"elements": [
		{
			"name": "Box1",
			"from": [1, 6, 4],
			"to": [15, 10, 12],
			"faces": {
				"north": {"uv": [1, 8, 15, 12], "texture": "#texture"},
				"east": {"uv": [1, 12, 9, 16], "texture": "#texture"},
				"south": {"uv": [1, 8, 15, 12], "texture": "#texture"},
				"west": {"uv": [1, 12, 9, 16], "texture": "#texture"},
				"up": {"uv": [1, 0, 15, 8], "texture": "#texture"},
				"down": {"uv": [1, 0, 15, 8], "texture": "#texture"}
			}
		}
	],
	"display": {
		"thirdperson_righthand": {
			"rotation": [75, 45, 0],
			"translation": [0, 2.5, 0],
			"scale": [0.375, 0.375, 0.375]
		},
		"thirdperson_lefthand": {
			"rotation": [75, 45, 0],
			"translation": [0, 2.5, 0],
			"scale": [0.375, 0.375, 0.375]
		},
		"firstperson_righthand": {
			"rotation": [0, 45, 0],
			"scale": [0.4, 0.4, 0.4]
		},
		"firstperson_lefthand": {
			"rotation": [0, 45, 0],
			"scale": [0.4, 0.4, 0.4]
		},
		"ground": {
			"translation": [0, 2, 0],
			"scale": [0.5, 0.5, 0.5]
		},
		"gui": {
			"rotation": [30, 225, 0],
			"scale": [0.8, 0.8, 0.8]
		},
		"fixed": {
			"rotation": [-90, 0, 0],
			"scale": [0.5, 0.5, 0.5]
		}
	}
}