{"credit": "Made with Blockbench", "textures": {"stick": "3dres/tool/stick", "particle": "#head"}, "elements": [{"name": "Box1", "from": [3, 10, 5], "to": [13, 16, 11], "faces": {"north": {"uv": [0, 6, 10, 12], "texture": "#head"}, "east": {"uv": [10, 0, 16, 6], "texture": "#head"}, "south": {"uv": [0, 6, 10, 12], "texture": "#head"}, "west": {"uv": [10, 0, 16, 6], "texture": "#head"}, "up": {"uv": [0, 0, 10, 6], "rotation": 180, "texture": "#head"}, "down": {"uv": [0, 0, 10, 6], "texture": "#head"}}}, {"name": "Box1", "from": [7, 0, 7], "to": [9, 12, 9], "faces": {"north": {"uv": [0, 4, 2, 16], "texture": "#stick"}, "east": {"uv": [0, 4, 2, 16], "texture": "#stick"}, "south": {"uv": [0, 4, 2, 16], "texture": "#stick"}, "west": {"uv": [0, 4, 2, 16], "texture": "#stick"}, "down": {"uv": [2, 0, 4, 2], "rotation": 270, "texture": "#stick"}}}], "display": {"thirdperson_righthand": {"rotation": [-5, 90, 0], "translation": [0, 2, 1], "scale": [0.8, 0.8, 0.8]}, "thirdperson_lefthand": {"rotation": [-5, -90, 0], "translation": [0, 2, 1], "scale": [0.8, 0.8, 0.8]}, "firstperson_righthand": {"rotation": [15, 90, 0], "translation": [0, 3, 0], "scale": [0.8, 0.8, 0.8]}, "firstperson_lefthand": {"rotation": [15, -90, 0], "translation": [0, 3, 0], "scale": [0.8, 0.8, 0.8]}, "ground": {"scale": [0.5, 0.5, 0.5]}, "gui": {"rotation": [10, -180, 45], "translation": [-1, -1, 0], "scale": [0.9, 0.9, 0.9]}, "head": {"rotation": [0, 0, 45], "translation": [0, 0, 7.8]}, "fixed": {"rotation": [0, 0, 45], "translation": [0, -1, 0]}}}