{"credit": "Made with Blockbench", "textures": {"stick": "3dres/tool/stick", "particle": "#head"}, "elements": [{"name": "Box1", "from": [6, 14, 6.5], "to": [11, 15, 9.5], "faces": {"north": {"uv": [0, 10, 8, 12], "texture": "#head"}, "south": {"uv": [0, 10, 8, 12], "texture": "#head"}, "west": {"uv": [0, 8, 6, 10], "texture": "#head"}, "up": {"uv": [6, 10, 12, 0], "rotation": 90, "texture": "#head"}, "down": {"uv": [6, 0, 12, 10], "rotation": 270, "texture": "#head"}}}, {"name": "Box1", "from": [7, 0, 7], "to": [9, 16, 9], "faces": {"north": {"uv": [0, 0, 2, 16], "texture": "#stick"}, "east": {"uv": [0, 0, 2, 16], "texture": "#stick"}, "south": {"uv": [0, 0, 2, 16], "texture": "#stick"}, "west": {"uv": [0, 0, 2, 16], "texture": "#stick"}, "up": {"uv": [2, 0, 4, 2], "rotation": 90, "texture": "#stick"}, "down": {"uv": [2, 0, 4, 2], "rotation": 270, "texture": "#stick"}}}, {"name": "Box1", "from": [11, 14, 6.5], "to": [15, 15, 9.5], "rotation": {"angle": -22.5, "axis": "z", "origin": [11, 15, 6.5]}, "faces": {"north": {"uv": [0, 12, 10, 14], "texture": "#head"}, "east": {"uv": [0, 8, 6, 10], "texture": "#head"}, "south": {"uv": [0, 12, 10, 14], "texture": "#head"}, "up": {"uv": [0, 8, 6, 0], "rotation": 90, "texture": "#head"}, "down": {"uv": [0, 0, 6, 8.5], "rotation": 270, "texture": "#head"}}}], "display": {"thirdperson_righthand": {"rotation": [-5, 90, 0], "translation": [0, 2, 1], "scale": [0.8, 0.8, 0.8]}, "thirdperson_lefthand": {"rotation": [-5, -90, 0], "translation": [0, 2, 1], "scale": [0.8, 0.8, 0.8]}, "firstperson_righthand": {"rotation": [15, 90, 0], "translation": [0, 3, 0], "scale": [0.8, 0.8, 0.8]}, "firstperson_lefthand": {"rotation": [15, -90, 0], "translation": [0, 3, 0], "scale": [0.8, 0.8, 0.8]}, "ground": {"scale": [0.5, 0.5, 0.5]}, "gui": {"rotation": [10, -180, 45], "translation": [-1, -1, 0], "scale": [0.9, 0.9, 0.9]}, "head": {"rotation": [0, 0, 45], "translation": [0, 0, 7.8]}, "fixed": {"rotation": [0, 0, 45], "translation": [0, -1, 0]}}}