{"credit": "Made with Blockbench", "textures": {"stick": "3dres/tool/stick", "particle": "#head"}, "elements": [{"name": "Box1", "from": [4, 14, 6.5], "to": [12, 15, 9.5], "faces": {"north": {"uv": [0, 8, 8, 9], "texture": "#head"}, "south": {"uv": [0, 8, 8, 9], "texture": "#head"}, "up": {"uv": [0, 0, 3, 8], "rotation": 90, "texture": "#head"}, "down": {"uv": [0, 0, 3, 8], "rotation": 270, "texture": "#head"}}}, {"name": "Box1", "from": [7, 0, 7], "to": [9, 16, 9], "faces": {"north": {"uv": [0, 0, 2, 16], "texture": "#stick"}, "east": {"uv": [0, 0, 2, 16], "texture": "#stick"}, "south": {"uv": [0, 0, 2, 16], "texture": "#stick"}, "west": {"uv": [0, 0, 2, 16], "texture": "#stick"}, "up": {"uv": [2, 0, 4, 2], "rotation": 90, "texture": "#stick"}, "down": {"uv": [2, 0, 4, 2], "rotation": 270, "texture": "#stick"}}}, {"name": "Box1", "from": [-2, 14, 6.5], "to": [4, 15, 9.5], "rotation": {"angle": 22.5, "axis": "z", "origin": [4, 15, 6.5]}, "faces": {"north": {"uv": [0, 9, 6, 10], "texture": "#head"}, "east": {"uv": [0, 11, 3, 12], "texture": "#head"}, "south": {"uv": [0, 9, 6, 10], "texture": "#head"}, "west": {"uv": [0, 11, 3, 12], "texture": "#head"}, "up": {"uv": [6, 0, 9, 6], "rotation": 90, "texture": "#head"}, "down": {"uv": [3, 0, 6, 6], "rotation": 270, "texture": "#head"}}}, {"name": "Box1", "from": [12, 14, 6.5], "to": [18, 15, 9.5], "rotation": {"angle": -22.5, "axis": "z", "origin": [12, 15, 6.5]}, "faces": {"north": {"uv": [0, 9, 6, 10], "texture": "#head"}, "east": {"uv": [0, 11, 3, 12], "texture": "#head"}, "south": {"uv": [0, 9, 6, 10], "texture": "#head"}, "west": {"uv": [0, 11, 3, 12], "texture": "#head"}, "up": {"uv": [3, 0, 6, 6], "rotation": 90, "texture": "#head"}, "down": {"uv": [6, 0, 9, 6], "rotation": 270, "texture": "#head"}}}], "display": {"thirdperson_righthand": {"rotation": [-5, 90, 0], "translation": [0, 3, 1], "scale": [0.6, 0.6, 0.6]}, "thirdperson_lefthand": {"rotation": [-5, -90, 0], "translation": [0, 3, 1], "scale": [0.6, 0.6, 0.6]}, "firstperson_righthand": {"rotation": [15, 90, 0], "translation": [0, 3, 0], "scale": [0.8, 0.8, 0.8]}, "firstperson_lefthand": {"rotation": [15, -90, 0], "translation": [0, 3, 0], "scale": [0.8, 0.8, 0.8]}, "ground": {"scale": [0.5, 0.5, 0.5]}, "gui": {"rotation": [10, -180, 45], "translation": [-1, -1, 0], "scale": [0.9, 0.9, 0.9]}, "head": {"rotation": [0, 0, 45], "translation": [0, 0, 7.8]}, "fixed": {"rotation": [0, 0, 45], "translation": [1, -1, 0]}}}