{"credit": "Made with Blockbench", "textures": {"stick": "3dres/tool/stick", "particle": "#head"}, "elements": [{"name": "Box1", "from": [12, 3, 7], "to": [14, 15, 9], "faces": {"north": {"uv": [0, 0, 2, 14], "texture": "#stick"}, "east": {"uv": [0, 0, 2, 14], "texture": "#stick"}, "south": {"uv": [0, 0, 2, 14], "texture": "#stick"}, "west": {"uv": [0, 0, 2, 14], "texture": "#stick"}, "up": {"uv": [2, 0, 4, 2], "rotation": 90, "texture": "#stick"}, "down": {"uv": [2, 0, 4, 2], "rotation": 270, "texture": "#stick"}}}, {"name": "Box7", "from": [8, 6, 7.5], "to": [12, 15, 8], "faces": {"north": {"uv": [4, 3, 8, 12], "texture": "#head"}, "east": {"uv": [8, 3, 8.5, 12], "texture": "#head"}, "south": {"uv": [8, 3, 12, 12], "texture": "#head"}, "west": {"uv": [7.5, 3, 8, 12], "texture": "#head"}, "up": {"uv": [7.5, 4, 8, 8], "rotation": 90, "texture": "#head"}, "down": {"uv": [7.5, 8, 8, 12], "rotation": 270, "texture": "#head"}}}, {"name": "Box7", "from": [4, 6, 8], "to": [8, 15, 8.5], "faces": {"north": {"uv": [8, 3, 12, 12], "texture": "#head"}, "east": {"uv": [7.5, 3, 8, 12], "texture": "#head"}, "south": {"uv": [4, 3, 8, 12], "texture": "#head"}, "west": {"uv": [8, 3, 8.5, 12], "texture": "#head"}, "up": {"uv": [8, 8, 8.5, 12], "rotation": 90, "texture": "#head"}, "down": {"uv": [8, 4, 8.5, 8], "rotation": 270, "texture": "#head"}}}, {"name": "Box1", "from": [2, 3, 7], "to": [4, 15, 9], "faces": {"north": {"uv": [0, 0, 2, 14], "texture": "#stick"}, "east": {"uv": [0, 0, 2, 14], "texture": "#stick"}, "south": {"uv": [0, 0, 2, 14], "texture": "#stick"}, "west": {"uv": [0, 0, 2, 14], "texture": "#stick"}, "up": {"uv": [2, 0, 4, 2], "rotation": 90, "texture": "#stick"}, "down": {"uv": [2, 0, 4, 2], "rotation": 270, "texture": "#stick"}}}, {"name": "Box1", "from": [2, 1, 7], "to": [14, 3, 9], "faces": {"north": {"uv": [2, 2, 4, 16], "rotation": 90, "texture": "#stick"}, "east": {"uv": [2, 2, 4, 16], "rotation": 90, "texture": "#stick"}, "south": {"uv": [2, 2, 4, 16], "rotation": 90, "texture": "#stick"}, "west": {"uv": [2, 2, 4, 16], "rotation": 90, "texture": "#stick"}, "up": {"uv": [2, 0, 4, 2], "rotation": 90, "texture": "#stick"}, "down": {"uv": [2, 0, 4, 2], "rotation": 270, "texture": "#stick"}}}, {"name": "Box11", "from": [7.5, 1.5, 6.5], "to": [8.5, 2.5, 9.5], "faces": {"north": {"uv": [7.5, 13.5, 8.5, 14.5], "texture": "#head"}, "east": {"uv": [7.5, 13.5, 8.5, 14.5], "texture": "#head"}, "south": {"uv": [8.5, 13.5, 7.5, 14.5], "texture": "#head"}, "west": {"uv": [8.5, 13.5, 7.5, 14.5], "texture": "#head"}, "up": {"uv": [7.5, 14.5, 8.5, 13.5], "rotation": 180, "texture": "#head"}, "down": {"uv": [7.5, 13.5, 8.5, 14.5], "rotation": 180, "texture": "#head"}}}], "display": {"thirdperson_righthand": {"rotation": [-5, 90, 0], "translation": [0, 2, 1], "scale": [0.8, 0.8, 0.8]}, "thirdperson_lefthand": {"rotation": [-5, -90, 0], "translation": [0, 2, 1], "scale": [0.8, 0.8, 0.8]}, "firstperson_righthand": {"rotation": [15, 90, 0], "translation": [0, 3, 0], "scale": [0.8, 0.8, 0.8]}, "firstperson_lefthand": {"rotation": [15, -90, 0], "translation": [0, 3, 0], "scale": [0.8, 0.8, 0.8]}, "ground": {"scale": [0.5, 0.5, 0.5]}, "gui": {"rotation": [10, -180, 45], "scale": [0.9, 0.9, 0.9]}, "head": {"rotation": [0, 0, 45], "translation": [0, 0, 7.8]}, "fixed": {"rotation": [0, 0, 45], "translation": [0, -1, -1]}}}