{"credit": "Made with Blockbench", "textures": {"stick": "3dres/tool/stick", "particle": "#head"}, "elements": [{"name": "Box1", "from": [7, 0, 7], "to": [9, 4, 9], "faces": {"north": {"uv": [0, 10, 2, 14], "texture": "#stick"}, "east": {"uv": [0, 10, 2, 14], "texture": "#stick"}, "south": {"uv": [0, 10, 2, 14], "texture": "#stick"}, "west": {"uv": [0, 10, 2, 14], "texture": "#stick"}}}, {"name": "Box3", "from": [5, 4, 6.5], "to": [11, 5, 9.5], "faces": {"north": {"uv": [0, 15, 6, 16], "texture": "#head"}, "east": {"uv": [0, 14, 3, 15], "texture": "#head"}, "south": {"uv": [0, 15, 6, 16], "texture": "#head"}, "west": {"uv": [0, 14, 3, 15], "texture": "#head"}, "up": {"uv": [2.5, 0, 5.5, 6], "rotation": 90, "texture": "#head"}, "down": {"uv": [2.5, 0, 5.5, 6], "rotation": 270, "texture": "#head"}}}, {"name": "Box4", "from": [6.75, -1.25, 6.75], "to": [9.25, 1.25, 9.25], "faces": {"north": {"uv": [0, 0, 2.5, 2.5], "texture": "#head"}, "east": {"uv": [0, 0, 2.5, 2.5], "texture": "#head"}, "south": {"uv": [0, 0, 2.5, 2.5], "texture": "#head"}, "west": {"uv": [0, 0, 2.5, 2.5], "texture": "#head"}, "up": {"uv": [0, 0, 2.5, 2.5], "rotation": 90, "texture": "#head"}, "down": {"uv": [0, 0, 2.5, 2.5], "rotation": 270, "texture": "#head"}}}, {"name": "Box3", "from": [6.58578, 14.5858, 7.5], "to": [9.4142, 17.4142, 8.5], "rotation": {"angle": 45, "axis": "z", "origin": [8, 16, 7.5]}, "faces": {"north": {"uv": [11.5, 0, 15.5, 4], "texture": "#head"}, "east": {"uv": [10.5, 0, 11.5, 4], "texture": "#head"}, "south": {"uv": [11.5, 0, 15.5, 4], "rotation": 90, "texture": "#head"}, "up": {"uv": [10.5, 0, 11.5, 4], "rotation": 90, "texture": "#head"}}}, {"name": "Box3", "from": [6, 5, 7.5], "to": [10, 16, 8.5], "faces": {"north": {"uv": [6.5, 0, 10.5, 11], "texture": "#head"}, "east": {"uv": [5.5, 0, 6.5, 11], "texture": "#head"}, "south": {"uv": [6.5, 0, 10.5, 11], "texture": "#head"}, "west": {"uv": [5.5, 0, 6.5, 11], "texture": "#head"}}}], "display": {"thirdperson_righthand": {"rotation": [-5, 90, 0], "translation": [0, 3.5, 1], "scale": [0.8, 0.8, 0.8]}, "thirdperson_lefthand": {"rotation": [-5, -90, 0], "translation": [0, 3.5, 1], "scale": [0.8, 0.8, 0.8]}, "firstperson_righthand": {"rotation": [15, 90, 0], "translation": [0, 3, 0], "scale": [0.8, 0.8, 0.8]}, "firstperson_lefthand": {"rotation": [15, -90, 0], "translation": [0, 3, 0], "scale": [0.8, 0.8, 0.8]}, "ground": {"scale": [0.5, 0.5, 0.5]}, "gui": {"rotation": [10, -180, 45], "scale": [0.9, 0.9, 0.9]}, "head": {"rotation": [0, 0, 45], "translation": [0, 0, 7.8]}, "fixed": {"rotation": [0, 0, 45]}}}