{
	"credit": "Made with Blockbench",
	"textures": {
		"texture": "entity/projectiles/arrow"
	},
	"elements": [
		{
			"name": "PlaneY2",
			"from": [7.9991, 0, 5.5],
			"to": [8.0001, 16, 10.5],
			"rotation": {"angle": -45, "axis": "z", "origin": [8, 8, 8]},
			"faces": {
				"east": {"uv": [0, 0, 8, 2.5], "rotation": 270, "texture": "#texture"},
				"west": {"uv": [8, 0, 0, 2.5], "rotation": 90, "texture": "#texture"}
			}
		},
		{
			"name": "PlaneZ4",
			"from": [5.5002, 0, 8],
			"to": [10.5002, 16, 8.001],
			"rotation": {"angle": -45, "axis": "z", "origin": [8, 8, 8]},
			"faces": {
				"north": {"uv": [8, 0, 0, 2.5], "rotation": 90, "texture": "#texture"},
				"south": {"uv": [0, 0, 8, 2.5], "rotation": 270, "texture": "#texture"}
			}
		}
	],
	"gui_light": "front",
	"display": {
		"thirdperson_righthand": {
			"translation": [0, 3, 1],
			"scale": [0.55, 0.55, 0.55]
		},
		"thirdperson_lefthand": {
			"translation": [0, 3, 1],
			"scale": [0.55, 0.55, 0.55]
		},
		"firstperson_righthand": {
			"translation": [1.13, 3.2, 1.13],
			"scale": [0.68, 0.68, 0.68]
		},
		"firstperson_lefthand": {
			"translation": [1.13, 3.2, 1.13],
			"scale": [0.68, 0.68, 0.68]
		},
		"ground": {
			"translation": [0, 2, 0],
			"scale": [0.5, 0.5, 0.5]
		},
		"gui": {
			"scale": [0.9, 0.9, 0.9]
		},
		"head": {
			"rotation": [0, 180, 0],
			"translation": [0, 13, 7]
		},
		"fixed": {
			"rotation": [0, 180, 0]
		}
	}
}