{
	"__comment": "Designed by Blue_Beaker with Cubik Studio - https://cubik.studio",
	"textures": {
		"particle": "3dres/bamboo_stalk",
		"texture": "3dres/bamboo_stalk",
		"texture1": "3dres/bamboo_singleleaf"
	},
	"gui_light": "front",
	"elements": [ 	 
		{
			"__comment": "Box1",
			"from": [ 7, 0, 7 ],
			"to": [ 9, 16, 9 ],
			"faces": {
				"down": { "uv": [ 13, 0, 16, 3 ], "texture": "#texture" },
				"up": { "uv": [ 13, 0, 16, 3 ], "texture": "#texture" },
				"north": { "uv": [ 7, 0, 9, 16 ], "texture": "#texture" },
				"south": { "uv": [ 7, 0, 9, 16 ], "texture": "#texture" },
				"west": { "uv": [ 7, 0, 9, 16 ], "texture": "#texture" },
				"east": { "uv": [ 7, 0, 9, 16 ], "texture": "#texture" }
			}
		},
		{
			"__comment": "PlaneZ2",
			"from": [ 9, 15, 8 ],
			"to": [ 11, 16, 8.001 ],
			"faces": {
				"north": { "uv": [ 4.5, 3, 1, 5 ], "texture": "#texture1" },
				"south": { "uv": [ 1, 3, 4.5, 5 ], "texture": "#texture1" }
			}
		},
		{
			"__comment": "PlaneZ2",
			"from": [ 5, 10, 8 ],
			"to": [ 7, 12, 8.001 ],
			"faces": {
				"north": { "uv": [ 4.5, 3, 1, 5 ], "texture": "#texture1" },
				"south": { "uv": [ 1, 3, 4.5, 5 ], "texture": "#texture1" }
			}
		},
		{
			"__comment": "PlaneZ2",
			"from": [ 9, 6, 8 ],
			"to": [ 12, 8, 8.001 ],
			"faces": {
				"north": { "uv": [ 4.5, 3, 1, 5 ], "texture": "#texture1" },
				"south": { "uv": [ 1, 3, 4.5, 5 ], "texture": "#texture1" }
			}
		}
	],
	"display": {
		"thirdperson_righthand": {
			"rotation":  [ -5, 0, 0 ],
			"translation":  [ 0, 2, 1 ],
			"scale":  [ 0.5, 0.5, 0.5 ]
		},
		"thirdperson_lefthand": {
			"rotation":  [ -5, 0, 0 ],
			"translation":  [ 0, 2, 1 ],
			"scale":  [ 0.5, 0.5, 0.5 ]
		},
		"firstperson_righthand": {
			"rotation":  [ 15, 0, 0 ],
			"translation":  [ 0, 3, 0 ],
			"scale":  [ 0.5, 0.5, 0.5 ]
		},
		"firstperson_lefthand": {
			"rotation":  [ 15, 0, 0 ],
			"translation":  [ 0, 3, 0 ],
			"scale":  [ 0.5, 0.5, 0.5 ]
		},
		"gui": {
			"rotation":  [ 10, 0, -45 ]
		},
		"head": {
			"translation":  [ 0, 16, 0 ]
		},
		"ground": {
			"rotation":  [ 90, 0, 0 ],
			"scale":  [ 0.5, 0.5, 0.5 ]
		},
		"fixed": {
			"rotation":  [ 0, 0, 45 ]
		}
	}
}