{
	"__comment": "Designed by Blue_Beaker with Cubik Studio - https://cubik.studio",
	"textures": {
		"texture": "3dres/beetroot_soup",
		"particle": "3dres/particle/beetroot_soup"
	},
	"elements": [ 	 
		{
			"__comment": "Box1",
			"from": [ 13, 5, 2 ],
			"to": [ 14, 9, 14 ],
			"faces": {
				"up": { "uv": [ 0, 0, 12, 1 ], "texture": "#texture", "rotation": 90 },
				"west": { "uv": [ 0, 0, 12, 4 ], "texture": "#texture" },
				"east": { "uv": [ 0, 0, 12, 4 ], "texture": "#texture" }
			}
		},
		{
			"__comment": "Box1",
			"from": [ 2, 5, 2 ],
			"to": [ 14, 6, 14 ],
			"faces": {
				"down": { "uv": [ 0, 4, 12, 16 ], "texture": "#texture" },
				"up": { "uv": [ 0, 4, 12, 16 ], "texture": "#texture" }
			}
		},
		{
			"__comment": "Box1",
			"from": [ 2, 5, 2 ],
			"to": [ 14, 9, 3 ],
			"faces": {
				"up": { "uv": [ 0, 0, 12, 1 ], "texture": "#texture" },
				"north": { "uv": [ 0, 0, 12, 4 ], "texture": "#texture" },
				"south": { "uv": [ 0, 0, 12, 4 ], "texture": "#texture" }
			}
		},
		{
			"__comment": "Box1",
			"from": [ 2, 5, 13 ],
			"to": [ 14, 9, 14 ],
			"faces": {
				"up": { "uv": [ 0, 0, 12, 1 ], "texture": "#texture" },
				"north": { "uv": [ 0, 0, 12, 4 ], "texture": "#texture" },
				"south": { "uv": [ 0, 0, 12, 4 ], "texture": "#texture" }
			}
		},
		{
			"__comment": "Box1",
			"from": [ 2, 5, 2 ],
			"to": [ 3, 9, 14 ],
			"faces": {
				"up": { "uv": [ 0, 0, 12, 1 ], "texture": "#texture", "rotation": 90 },
				"west": { "uv": [ 0, 0, 12, 4 ], "texture": "#texture" },
				"east": { "uv": [ 0, 0, 12, 4 ], "texture": "#texture" }
			}
		},
		{
			"__comment": "PlaneY6",
			"from": [ 3, 8.5, 3 ],
			"to": [ 13, 8.501, 13 ],
			"faces": {
				"up": { "uv": [ 12, 0, 16, 16 ], "texture": "#texture" }
			}
		}
	],
	"display": {
		"thirdperson_righthand": {
			"rotation":  [ 75, 45, 0 ],
			"translation":  [ 0, 2.5, 0 ],
			"scale":  [ 0.375, 0.375, 0.375 ]
		},
		"thirdperson_lefthand": {
			"rotation":  [ 75, 45, 0 ],
			"translation":  [ 0, 2.5, 0 ],
			"scale":  [ 0.375, 0.375, 0.375 ]
		},
		"firstperson_righthand": {
			"rotation":  [ 0, 45, 0 ],
			"scale":  [ 0.4, 0.4, 0.4 ]
		},
		"firstperson_lefthand": {
			"rotation":  [ 0, 45, 0 ],
			"scale":  [ 0.4, 0.4, 0.4 ]
		},
		"gui": {
			"rotation":  [ 30, 225, 0 ],
			"scale":  [ 0.625, 0.625, 0.625 ]
		},
		"ground": {
			"translation":  [ 0, 2, 0 ],
			"scale":  [ 0.5, 0.5, 0.5 ]
		},
		"fixed": {
			"scale":  [ 0.5, 0.5, 0.5 ]
		}
	}
}