{
	"__comment": "Designed by Blue_Beaker with Cubik Studio - https://cubik.studio",
	"textures": {
		"particle": "block/bell_bottom",
		"bar": "block/dark_oak_planks",
		"post": "block/stone",
		"side": "block/bell_side",
		"top": "block/bell_top"
	},
	"elements": [ 	 
		{
			"__comment": "Element",
			"from": [ 2, 13, 7 ],
			"to": [ 14, 15, 9 ],
			"faces": {
				"down": { "uv": [ 2, 3, 14, 5 ], "texture": "#bar" },
				"up": { "uv": [ 2, 3, 14, 5 ], "texture": "#bar" },
				"north": { "uv": [ 2, 2, 14, 4 ], "texture": "#bar" },
				"south": { "uv": [ 2, 3, 14, 5 ], "texture": "#bar" }
			}
		},
		{
			"__comment": "Element",
			"from": [ 14, 0, 6 ],
			"to": [ 16, 16, 10 ],
			"faces": {
				"down": { "uv": [ 0, 0, 2, 4 ], "texture": "#post", "cullface": "down" },
				"up": { "uv": [ 0, 0, 2, 4 ], "texture": "#post", "cullface": "up" },
				"north": { "uv": [ 0, 1, 2, 16 ], "texture": "#post" },
				"south": { "uv": [ 0, 1, 2, 16 ], "texture": "#post" },
				"west": { "uv": [ 0, 1, 4, 16 ], "texture": "#post" },
				"east": { "uv": [ 0, 1, 4, 16 ], "texture": "#post" }
			}
		},
		{
			"__comment": "Element",
			"from": [ 0, 0, 6 ],
			"to": [ 2, 16, 10 ],
			"faces": {
				"down": { "uv": [ 0, 0, 2, 4 ], "texture": "#post", "cullface": "down" },
				"up": { "uv": [ 0, 0, 2, 4 ], "texture": "#post", "cullface": "up" },
				"north": { "uv": [ 0, 1, 2, 16 ], "texture": "#post" },
				"south": { "uv": [ 0, 1, 2, 16 ], "texture": "#post" },
				"west": { "uv": [ 0, 1, 4, 16 ], "texture": "#post" },
				"east": { "uv": [ 0, 1, 4, 16 ], "texture": "#post" }
			}
		},
		{
			"__comment": "Box4",
			"from": [ 5, 5, 5 ],
			"to": [ 11, 13, 11 ],
			"faces": {
				"up": { "uv": [ 0, 0, 8, 8 ], "texture": "#top" },
				"north": { "uv": [ 1, 0, 7, 7 ], "texture": "#side" },
				"south": { "uv": [ 1, 0, 7, 7 ], "texture": "#side" },
				"west": { "uv": [ 1, 0, 7, 7 ], "texture": "#side" },
				"east": { "uv": [ 1, 0, 7, 7 ], "texture": "#side" }
			}
		},
		{
			"__comment": "Box5",
			"from": [ 4, 3, 4 ],
			"to": [ 12, 5, 12 ],
			"faces": {
				"down": { "uv": [ 0, 0, 8, 8 ], "texture": "#particle" },
				"up": { "uv": [ 0, 0, 8, 8 ], "texture": "#particle" },
				"north": { "uv": [ 0, 7, 8, 9 ], "texture": "#side" },
				"south": { "uv": [ 0, 7, 8, 9 ], "texture": "#side" },
				"west": { "uv": [ 0, 7, 8, 9 ], "texture": "#side" },
				"east": { "uv": [ 0, 7, 8, 9 ], "texture": "#side" }
			}
		}
	],
	"display": {
		"thirdperson_righthand": {
			"rotation":  [ -5, 0, 0 ],
			"translation":  [ 0, 2, 1 ],
			"scale":  [ 0.5, 0.5, 0.5 ]
		},
		"thirdperson_lefthand": {
			"rotation":  [ -5, 0, 0 ],
			"translation":  [ 0, 2, 1 ],
			"scale":  [ 0.5, 0.5, 0.5 ]
		},
		"firstperson_righthand": {
			"rotation":  [ 15, 0, 0 ],
			"translation":  [ 0, 3, 0 ],
			"scale":  [ 0.5, 0.5, 0.5 ]
		},
		"firstperson_lefthand": {
			"rotation":  [ 15, 0, 0 ],
			"translation":  [ 0, 3, 0 ],
			"scale":  [ 0.5, 0.5, 0.5 ]
		},
		"gui": {
			"rotation":  [ 30, 225, 0 ],
			"scale":  [ 0.625, 0.625, 0.625 ]
		},
		"ground": {
			"translation":  [ 0, 3, 0 ],
			"scale":  [ 0.25, 0.25, 0.25 ]
		},
		"fixed": {
			"scale":  [ 0.5, 0.5, 0.5 ]
		}
	}
}