{
	"__comment": "Designed by Blue_Beaker with Cubik Studio - https://cubik.studio",
	"textures": {
		"texture": "3dres/tool/stick",
		"texture1": "3dres/tool/string",
		"texture2": "3dres/tool/fishing_rod",
		"texture3": "3dres/carrot"
	},
	"gui_light":"front",
	"elements": [ 	 
		{
			"__comment": "Box1",
			"from": [ 6.5, 4.5, 11.5 ],
			"to": [ 9.5, 6.5, 14.5 ],
			"faces": {
				"down": { "uv": [ 10, 0, 16, 6 ], "texture": "#texture3" },
				"up": { "uv": [ 10, 0, 16, 6 ], "texture": "#texture3" },
				"north": { "uv": [ 0, 0, 6, 4 ], "texture": "#texture3" },
				"south": { "uv": [ 0, 0, 6, 4 ], "texture": "#texture3" },
				"west": { "uv": [ 0, 0, 6, 4 ], "texture": "#texture3" },
				"east": { "uv": [ 0, 0, 6, 4 ], "texture": "#texture3" }
			}
		},
		{
			"__comment": "Box1",
			"from": [ 7.75, 0.5, 12.75 ],
			"to": [ 8.251, 1, 13.25 ],
			"faces": {
				"down": { "uv": [ 9, 9, 10, 10 ], "texture": "#texture3" },
				"north": { "uv": [ 0, 12, 1, 14 ], "texture": "#texture3" },
				"south": { "uv": [ 0, 12, 1, 14 ], "texture": "#texture3" },
				"west": { "uv": [ 0, 12, 1, 14 ], "texture": "#texture3" },
				"east": { "uv": [ 0, 12, 1, 14 ], "texture": "#texture3" }
			}
		},
		{
			"__comment": "Box1",
			"from": [ 7.5, 1, 12.5 ],
			"to": [ 8.5, 1.5, 13.5 ],
			"faces": {
				"down": { "uv": [ 8, 7, 10, 8.5 ], "texture": "#texture3" },
				"north": { "uv": [ 0, 10, 2, 12 ], "texture": "#texture3" },
				"south": { "uv": [ 0, 10, 2, 12 ], "texture": "#texture3" },
				"west": { "uv": [ 0, 10, 2, 12 ], "texture": "#texture3" },
				"east": { "uv": [ 0, 10, 2, 12 ], "texture": "#texture3" }
			}
		},
		{
			"__comment": "Box1",
			"from": [ 7.25, 1.5, 12.25 ],
			"to": [ 8.75, 2.5, 13.75 ],
			"faces": {
				"down": { "uv": [ 7, 4, 10, 7 ], "texture": "#texture3" },
				"north": { "uv": [ 0, 8, 3, 10 ], "texture": "#texture3" },
				"south": { "uv": [ 0, 8, 3, 10 ], "texture": "#texture3" },
				"west": { "uv": [ 0, 8, 3, 10 ], "texture": "#texture3" },
				"east": { "uv": [ 0, 8, 3, 10 ], "texture": "#texture3" }
			}
		},
		{
			"__comment": "Box1",
			"from": [ 7, 2.5, 12 ],
			"to": [ 9, 3.5, 14 ],
			"faces": {
				"down": { "uv": [ 12, 11, 16, 15 ], "texture": "#texture3" },
				"north": { "uv": [ 0, 6, 4, 8 ], "texture": "#texture3" },
				"south": { "uv": [ 0, 6, 4, 8 ], "texture": "#texture3" },
				"west": { "uv": [ 0, 6, 4, 8 ], "texture": "#texture3" },
				"east": { "uv": [ 0, 6, 4, 8 ], "texture": "#texture3" }
			}
		},
		{
			"__comment": "Box1",
			"from": [ 6.75, 3.5, 11.75 ],
			"to": [ 9.25, 4.5, 14.25 ],
			"faces": {
				"down": { "uv": [ 11, 6, 16, 11 ], "texture": "#texture3" },
				"north": { "uv": [ 0, 4, 5, 6 ], "texture": "#texture3" },
				"south": { "uv": [ 0, 4, 5, 6 ], "texture": "#texture3" },
				"west": { "uv": [ 0, 4, 5, 6 ], "texture": "#texture3" },
				"east": { "uv": [ 0, 4, 5, 6 ], "texture": "#texture3" }
			}
		},
		{
			"__comment": "Box1",
			"from": [ 7, 0, 7 ],
			"to": [ 9, 16, 9 ],
			"rotation": { "origin": [ 8, 8, 8 ], "axis": "x", "angle": 45 },
			"faces": {
				"down": { "uv": [ 2, 0, 4, 2 ], "texture": "#texture" },
				"up": { "uv": [ 2, 0, 4, 2 ], "texture": "#texture" },
				"north": { "uv": [ 0, 0, 2, 16 ], "texture": "#texture" },
				"south": { "uv": [ 0, 0, 2, 16 ], "texture": "#texture" },
				"west": { "uv": [ 0, 0, 2, 16 ], "texture": "#texture" },
				"east": { "uv": [ 0, 0, 2, 16 ], "texture": "#texture" }
			}
		},
		{
			"__comment": "Box2",
			"from": [ 7.5, 13, 10.5 ],
			"to": [ 8.5, 14, 13.5 ],
			"faces": {
				"down": { "uv": [ 7.5, 0, 8.5, 8 ], "texture": "#texture1" },
				"up": { "uv": [ 8.5, 8, 7.5, 0 ], "texture": "#texture1" },
				"west": { "uv": [ 4.5, 0, 5.5, 8 ], "texture": "#texture1", "rotation": 90 },
				"east": { "uv": [ 10.5, 0, 11.5, 8 ], "texture": "#texture1", "rotation": 270 }
			}
		},
		{
			"__comment": "Box3",
			"from": [ 7, 6.5, 4 ],
			"to": [ 9, 8.5, 6 ],
			"faces": {
				"down": { "uv": [ 0, 4, 4, 8 ], "texture": "#texture2", "rotation": 90 },
				"up": { "uv": [ 0, 4, 4, 8 ], "texture": "#texture2", "rotation": 90 },
				"north": { "uv": [ 0, 4, 4, 8 ], "texture": "#texture2", "rotation": 90 },
				"south": { "uv": [ 0, 4, 4, 8 ], "texture": "#texture2", "rotation": 90 },
				"west": { "uv": [ 0, 0, 4, 4 ], "texture": "#texture2" },
				"east": { "uv": [ 0, 0, 4, 4 ], "texture": "#texture2" }
			}
		},
		{
			"__comment": "Box2",
			"from": [ 7.5, 4, 12.5 ],
			"to": [ 8.5, 13, 13.5 ],
			"faces": {
				"north": { "uv": [ 7.5, 3, 8.5, 12 ], "texture": "#texture1" },
				"south": { "uv": [ 7.5, 3, 8.5, 12 ], "texture": "#texture1" },
				"west": { "uv": [ 12.5, 3, 13.5, 12 ], "texture": "#texture1" },
				"east": { "uv": [ 2.5, 3, 3.5, 12 ], "texture": "#texture1" }
			}
		},
		{
			"__comment": "Box2",
			"from": [ 7.5, 7, 4.5 ],
			"to": [ 8.5, 8, 13 ],
			"rotation": { "origin": [ 7.5, 8, 4.5 ], "axis": "x", "angle": -45 },
			"faces": {
				"down": { "uv": [ 7.5, 0, 8.5, 8 ], "texture": "#texture1" },
				"up": { "uv": [ 8.5, 8, 7.5, 0 ], "texture": "#texture1" },
				"west": { "uv": [ 4.5, 0, 5.5, 8 ], "texture": "#texture1", "rotation": 90 },
				"east": { "uv": [ 10.5, 0, 11.5, 8 ], "texture": "#texture1", "rotation": 270 }
			}
		}
	],
	"display": {
		"thirdperson_righthand": {
			"rotation":  [ 45, 180, 0 ],
			"translation":  [ 0, 2, 1 ],
			"scale":  [ 0.7, 0.7, 0.7 ]
		},
		"thirdperson_lefthand": {
			"rotation":  [ 45, 180, 0 ],
			"translation":  [ 0, 2, 1 ],
			"scale":  [ 0.7, 0.7, 0.7 ]
		},
		"firstperson_righthand": {
			"rotation":  [ 15, 180, 0 ],
			"translation":  [ 3, 3, 0 ],
			"scale":  [ 0.7, 0.7, 0.7 ]
		},
		"firstperson_lefthand": {
			"rotation":  [ 15, 180, 0 ],
			"translation":  [ 3, 3, 0 ],
			"scale":  [ 0.7, 0.7, 0.7 ]
		},
		"gui": {
			"rotation":  [ 10, 90, 0 ],
			"scale":  [ 0.8, 0.8, 0.8 ]
		},
		"head": {
			"rotation":  [ 90, 90, -90 ],
			"translation":  [ 0, 0, 7.8 ]
		},
		"ground": {
			"rotation":  [ 90, 90, 0 ],
			"translation":  [ 0, 2, 0 ],
			"scale":  [ 0.5, 0.5, 0.5 ]
		},
		"fixed": {
			"rotation":  [ 0, -90, 0 ],
			"scale":  [ 0.5, 0.5, 0.5 ]
		}
	}
}