{
	"__comment": "Designed by Blue_Beaker with Cubik Studio - https://cubik.studio",
	"textures": {
		"texture": "3dres/fish/fish_salmon_cooked",
        "particle": "3dres/particle/fish_salmon_cooked"
	},
	"elements": [ 	 
		{
			"__comment": "Box1",
			"from": [ 13, 7, 7.5 ],
			"to": [ 16, 8.5, 8.5 ],
			"rotation": { "origin": [ 13, 8.5, 7.5 ], "axis": "z", "angle": -22.5 },
			"faces": {
				"down": { "uv": [ 14, 7, 15, 9 ], "texture": "#texture" },
				"up": { "uv": [ 14, 7, 15, 9 ], "texture": "#texture" },
				"north": { "uv": [ 14, 7, 15, 9 ], "texture": "#texture" },
				"south": { "uv": [ 14, 7, 15, 9 ], "texture": "#texture" },
				"west": { "uv": [ 14, 7, 15, 9 ], "texture": "#texture" },
				"east": { "uv": [ 14, 7, 15, 9 ], "texture": "#texture" }
			}
		},
		{
			"__comment": "Box1",
			"from": [ 1, 6, 7 ],
			"to": [ 13, 10, 9 ],
			"faces": {
				"down": { "uv": [ 1, 9, 13, 10 ], "texture": "#texture" },
				"up": { "uv": [ 1, 6, 13, 7 ], "texture": "#texture" },
				"north": { "uv": [ 13, 6, 1, 10 ], "texture": "#texture" },
				"south": { "uv": [ 1, 6, 13, 10 ], "texture": "#texture" },
				"west": { "uv": [ 1, 6, 2, 10 ], "texture": "#texture" },
				"east": { "uv": [ 12, 6, 13, 10 ], "texture": "#texture" }
			}
		},
		{
			"__comment": "Box1",
			"from": [ 13, 7.5, 7.5 ],
			"to": [ 16, 9, 8.5 ],
			"rotation": { "origin": [ 13, 7.5, 7.5 ], "axis": "z", "angle": 22.5 },
			"faces": {
				"down": { "uv": [ 14, 7, 15, 9 ], "texture": "#texture" },
				"up": { "uv": [ 14, 7, 15, 9 ], "texture": "#texture" },
				"north": { "uv": [ 14, 7, 15, 9 ], "texture": "#texture" },
				"south": { "uv": [ 14, 7, 15, 9 ], "texture": "#texture" },
				"west": { "uv": [ 14, 7, 15, 9 ], "texture": "#texture" },
				"east": { "uv": [ 14, 7, 15, 9 ], "texture": "#texture" }
			}
		}
	],
	"display": {
		"thirdperson_righthand": {
			"rotation":  [ 75, 45, 0 ],
			"translation":  [ 0, 2.5, 0 ],
			"scale":  [ 0.375, 0.375, 0.375 ]
		},
		"thirdperson_lefthand": {
			"rotation":  [ 75, 45, 0 ],
			"translation":  [ 0, 2.5, 0 ],
			"scale":  [ 0.375, 0.375, 0.375 ]
		},
		"firstperson_righthand": {
			"rotation":  [ 0, 45, 0 ],
			"scale":  [ 0.4, 0.4, 0.4 ]
		},
		"firstperson_lefthand": {
			"rotation":  [ 0, 45, 0 ],
			"scale":  [ 0.4, 0.4, 0.4 ]
		},
		"gui": {
			"rotation":  [ 30, 45, 0 ],
			"scale":  [ 0.625, 0.625, 0.625 ]
		},
		"ground": {
			"translation":  [ 0, 2, 0 ],
			"scale":  [ 0.5, 0.5, 0.5 ]
		},
		"fixed": {
			"rotation":  [ 0, 180, 0 ],
			"scale":  [ 0.5, 0.5, 0.5 ]
		}
	}
}