{
	"__comment": "Designed by Blue_Beaker with Cubik Studio - https://cubik.studio",
	"textures": {
		"texture": "3dres/book/book_enchanted"
	},
	"elements": [ 	 
		{
			"__comment": "Box3",
			"from": [ 3, 2.5, 1 ],
			"to": [ 13, 3, 15 ],
			"faces": {
				"down": { "uv": [ 0, 1, 10, 15 ], "texture": "#texture" },
				"up": { "uv": [ 0, 1, 10, 15 ], "texture": "#texture" },
				"north": { "uv": [ 10, 14, 0, 15 ], "texture": "#texture" },
				"south": { "uv": [ 0, 1, 10, 2 ], "texture": "#texture" },
				"west": { "uv": [ 0, 1, 1, 15 ], "texture": "#texture" },
				"east": { "uv": [ 9, 1, 10, 15 ], "texture": "#texture" }
			}
		},
		{
			"__comment": "Box3",
			"from": [ 3, 0, 1 ],
			"to": [ 13, 0.5, 15 ],
			"faces": {
				"down": { "uv": [ 0, 1, 10, 15 ], "texture": "#texture" },
				"up": { "uv": [ 0, 1, 10, 15 ], "texture": "#texture" },
				"north": { "uv": [ 10, 14, 0, 15 ], "texture": "#texture" },
				"south": { "uv": [ 0, 1, 10, 2 ], "texture": "#texture" },
				"west": { "uv": [ 0, 1, 1, 15 ], "texture": "#texture" },
				"east": { "uv": [ 9, 1, 10, 15 ], "texture": "#texture" }
			}
		},
		{
			"__comment": "Box5",
			"from": [ 3, 0.5, 1 ],
			"to": [ 3.5, 2.5, 15 ],
			"faces": {
				"north": { "uv": [ 0, 1, 0.5, 3 ], "texture": "#texture" },
				"south": { "uv": [ 0, 1, 0.5, 3 ], "texture": "#texture" },
				"west": { "uv": [ 0, 1, 0.5, 3 ], "texture": "#texture" },
				"east": { "uv": [ 0, 1, 0.5, 3 ], "texture": "#texture" }
			}
		},
		{
			"__comment": "Box6",
			"from": [ 3.5, 0.5, 1.5 ],
			"to": [ 12.5, 2.5, 14.5 ],
			"faces": {
				"north": { "uv": [ 12, 1, 16, 15 ], "texture": "#texture", "rotation": 90 },
				"south": { "uv": [ 12, 1, 16, 15 ], "texture": "#texture", "rotation": 90 },
				"west": { "uv": [ 12, 1, 16, 15 ], "texture": "#texture", "rotation": 90 },
				"east": { "uv": [ 12, 1, 16, 15 ], "texture": "#texture", "rotation": 90 }
			}
		}
	],
	"display": {
		"thirdperson_righthand": {
			"rotation":  [ 75, 45, 0 ],
			"translation":  [ 0, 2.5, 0 ],
			"scale":  [ 0.375, 0.375, 0.375 ]
		},
		"thirdperson_lefthand": {
			"rotation":  [ 75, 45, 0 ],
			"translation":  [ 0, 2.5, 0 ],
			"scale":  [ 0.375, 0.375, 0.375 ]
		},
		"firstperson_righthand": {
			"rotation":  [ 0, 45, 0 ],
			"translation":  [ 0, 2, 0 ],
			"scale":  [ 0.4, 0.4, 0.4 ]
		},
		"firstperson_lefthand": {
			"rotation":  [ 0, 45, 0 ],
			"translation":  [ 0, 2, 0 ],
			"scale":  [ 0.4, 0.4, 0.4 ]
		},
		"gui": {
			"rotation":  [ 30, -45, 0 ],
			"translation":  [ 0, 3, 0 ],
			"scale":  [ 0.8, 0.8, 0.8 ]
		},
		"ground": {
			"translation":  [ 0, 2, 0 ],
			"scale":  [ 0.5, 0.5, 0.5 ]
		},
		"fixed": {
			"rotation":  [ -90, 180, 0 ],
			"translation":  [ 0, 0, -3 ],
			"scale":  [ 0.5, 0.5, 0.5 ]
		}
	}
}