{
	"__comment": "Designed by  with Cubik Studio - https://cubik.studio",
	"textures": {
		"layer0": "item/ender_eye",
		"texture": "3dres/fireball"
	},
	"elements": [ 	 
		{
			"__comment": "Box2",
			"from": [ 5, 5, 5 ],
			"to": [ 11, 11, 11 ],
			"faces": {
				"down": { "uv": [ 5, 5, 11, 11 ], "texture": "#texture" },
				"up": { "uv": [ 5, 5, 11, 11 ], "texture": "#texture" },
				"north": { "uv": [ 5, 5, 11, 11 ], "texture": "#texture" },
				"south": { "uv": [ 5, 5, 11, 11 ], "texture": "#texture" },
				"west": { "uv": [ 5, 5, 11, 11 ], "texture": "#texture" },
				"east": { "uv": [ 5, 5, 11, 11 ], "texture": "#texture" }
			}
		},
		{
			"__comment": "Box3",
			"from": [ 11, 4, 11 ],
			"to": [ 12, 12, 12 ],
			"faces": {
				"north": { "uv": [ 4, 4, 5, 12 ], "texture": "#texture" },
				"south": { "uv": [ 11, 4, 12, 12 ], "texture": "#texture" },
				"west": { "uv": [ 11, 4, 12, 12 ], "texture": "#texture" },
				"east": { "uv": [ 4, 4, 5, 12 ], "texture": "#texture" }
			}
		},
		{
			"__comment": "Box3",
			"from": [ 11, 4, 4 ],
			"to": [ 12, 12, 5 ],
			"faces": {
				"north": { "uv": [ 4, 4, 5, 12 ], "texture": "#texture" },
				"south": { "uv": [ 11, 4, 12, 12 ], "texture": "#texture" },
				"west": { "uv": [ 4, 4, 5, 12 ], "texture": "#texture" },
				"east": { "uv": [ 11, 4, 12, 12 ], "texture": "#texture" }
			}
		},
		{
			"__comment": "Box3",
			"from": [ 4, 11, 4 ],
			"to": [ 12, 12, 5 ],
			"faces": {
				"down": { "uv": [ 4, 11, 12, 12 ], "texture": "#texture" },
				"up": { "uv": [ 4, 4, 12, 5 ], "texture": "#texture" },
				"north": { "uv": [ 4, 4, 12, 5 ], "texture": "#texture" },
				"south": { "uv": [ 4, 4, 12, 5 ], "texture": "#texture" }
			}
		},
		{
			"__comment": "Box3",
			"from": [ 4, 11, 4 ],
			"to": [ 5, 12, 12 ],
			"faces": {
				"down": { "uv": [ 4, 4, 5, 12 ], "texture": "#texture" },
				"up": { "uv": [ 4, 4, 5, 12 ], "texture": "#texture" },
				"west": { "uv": [ 4, 4, 12, 5 ], "texture": "#texture" },
				"east": { "uv": [ 4, 4, 12, 5 ], "texture": "#texture" }
			}
		},
		{
			"__comment": "Box3",
			"from": [ 4, 4, 11 ],
			"to": [ 5, 12, 12 ],
			"faces": {
				"north": { "uv": [ 11, 4, 12, 12 ], "texture": "#texture" },
				"south": { "uv": [ 4, 4, 5, 12 ], "texture": "#texture" },
				"west": { "uv": [ 11, 4, 12, 12 ], "texture": "#texture" },
				"east": { "uv": [ 4, 4, 5, 12 ], "texture": "#texture" }
			}
		},
		{
			"__comment": "Box3",
			"from": [ 4, 4, 4 ],
			"to": [ 12, 5, 5 ],
			"faces": {
				"down": { "uv": [ 4, 11, 12, 12 ], "texture": "#texture" },
				"up": { "uv": [ 4, 4, 12, 5 ], "texture": "#texture" },
				"north": { "uv": [ 4, 11, 12, 12 ], "texture": "#texture" },
				"south": { "uv": [ 4, 11, 12, 12 ], "texture": "#texture" }
			}
		},
		{
			"__comment": "Box3",
			"from": [ 4, 11, 11 ],
			"to": [ 12, 12, 12 ],
			"faces": {
				"down": { "uv": [ 4, 4, 12, 5 ], "texture": "#texture" },
				"up": { "uv": [ 4, 11, 12, 12 ], "texture": "#texture" },
				"north": { "uv": [ 4, 4, 12, 5 ], "texture": "#texture" },
				"south": { "uv": [ 4, 4, 12, 5 ], "texture": "#texture" }
			}
		},
		{
			"__comment": "Box3",
			"from": [ 4, 4, 11 ],
			"to": [ 12, 5, 12 ],
			"faces": {
				"down": { "uv": [ 4, 4, 12, 5 ], "texture": "#texture" },
				"up": { "uv": [ 4, 11, 12, 12 ], "texture": "#texture" },
				"north": { "uv": [ 4, 11, 12, 12 ], "texture": "#texture" },
				"south": { "uv": [ 4, 11, 12, 12 ], "texture": "#texture" }
			}
		},
		{
			"__comment": "Box3",
			"from": [ 4, 4, 4 ],
			"to": [ 5, 12, 5 ],
			"faces": {
				"north": { "uv": [ 11, 4, 12, 12 ], "texture": "#texture" },
				"south": { "uv": [ 4, 4, 5, 12 ], "texture": "#texture" },
				"west": { "uv": [ 4, 4, 5, 12 ], "texture": "#texture" },
				"east": { "uv": [ 11, 4, 12, 12 ], "texture": "#texture" }
			}
		},
		{
			"__comment": "Box3",
			"from": [ 4, 4, 4 ],
			"to": [ 5, 5, 12 ],
			"faces": {
				"down": { "uv": [ 4, 4, 5, 12 ], "texture": "#texture" },
				"up": { "uv": [ 4, 4, 5, 12 ], "texture": "#texture" },
				"west": { "uv": [ 4, 11, 12, 12 ], "texture": "#texture" },
				"east": { "uv": [ 4, 11, 12, 12 ], "texture": "#texture" }
			}
		},
		{
			"__comment": "Box3",
			"from": [ 11, 4, 4 ],
			"to": [ 12, 5, 12 ],
			"faces": {
				"down": { "uv": [ 11, 4, 12, 12 ], "texture": "#texture" },
				"up": { "uv": [ 11, 4, 12, 12 ], "texture": "#texture" },
				"west": { "uv": [ 4, 11, 12, 12 ], "texture": "#texture" },
				"east": { "uv": [ 4, 11, 12, 12 ], "texture": "#texture" }
			}
		},
		{
			"__comment": "Box3",
			"from": [ 11, 11, 4 ],
			"to": [ 12, 12, 12 ],
			"faces": {
				"down": { "uv": [ 11, 4, 12, 12 ], "texture": "#texture" },
				"up": { "uv": [ 11, 4, 12, 12 ], "texture": "#texture" },
				"west": { "uv": [ 4, 4, 12, 5 ], "texture": "#texture" },
				"east": { "uv": [ 4, 4, 12, 5 ], "texture": "#texture" }
			}
		}
	],
	"display": {
		"thirdperson_righthand": {
			"rotation":  [ 75, 45, 0 ],
			"translation":  [ 0, 2.5, 0 ],
			"scale":  [ 0.375, 0.375, 0.375 ]
		},
		"thirdperson_lefthand": {
			"rotation":  [ 75, 45, 0 ],
			"translation":  [ 0, 2.5, 0 ],
			"scale":  [ 0.375, 0.375, 0.375 ]
		},
		"firstperson_righthand": {
			"rotation":  [ 0, 45, 0 ],
			"scale":  [ 0.4, 0.4, 0.4 ]
		},
		"firstperson_lefthand": {
			"rotation":  [ 0, 45, 0 ],
			"scale":  [ 0.4, 0.4, 0.4 ]
		},
		"gui": {
			"rotation":  [ 30, 225, 0 ],
			"scale":  [ 0.625, 0.625, 0.625 ]
		},
		"ground": {
			"translation":  [ 0, 3, 0 ],
			"scale":  [ 0.25, 0.25, 0.25 ]
		},
		"fixed": {
			"scale":  [ 0.5, 0.5, 0.5 ]
		}
	}
}