{
	"__comment": "Designed by Blue_Beaker with Cubik Studio - https://cubik.studio",
	"textures": {
		"texture": "3dres/tool/stick",
		"texture1": "3dres/tool/string",
		"texture2": "3dres/tool/fishing_rod"
	},
    "overrides": [
        {
            "predicate": {
                "cast": 1
            },
            "model": "item/fishing_rod_cast"
        }
    ],
	"elements": [ 	 
		{
			"__comment": "Box1",
			"from": [ 7, 0, 7 ],
			"to": [ 9, 16, 9 ],
			"rotation": { "origin": [ 8, 8, 8 ], "axis": "x", "angle": 45 },
			"faces": {
				"down": { "uv": [ 2, 0, 4, 2 ], "texture": "#texture" },
				"up": { "uv": [ 2, 0, 4, 2 ], "texture": "#texture" },
				"north": { "uv": [ 0, 0, 2, 16 ], "texture": "#texture" },
				"south": { "uv": [ 0, 0, 2, 16 ], "texture": "#texture" },
				"west": { "uv": [ 0, 0, 2, 16 ], "texture": "#texture" },
				"east": { "uv": [ 0, 0, 2, 16 ], "texture": "#texture" }
			}
		},
		{
			"__comment": "Box2",
			"from": [ 7.5, 13, 10.5 ],
			"to": [ 8.5, 14, 13.5 ],
			"faces": {
				"down": { "uv": [ 7.5, 0, 8.5, 8 ], "texture": "#texture1" },
				"up": { "uv": [ 8.5, 8, 7.5, 0 ], "texture": "#texture1" },
				"west": { "uv": [ 4.5, 0, 5.5, 8 ], "texture": "#texture1", "rotation": 90 },
				"east": { "uv": [ 10.5, 0, 11.5, 8 ], "texture": "#texture1", "rotation": 270 }
			}
		},
		{
			"__comment": "Box3",
			"from": [ 7, 6.5, 4 ],
			"to": [ 9, 8.5, 6 ],
			"faces": {
				"down": { "uv": [ 0, 4, 4, 8 ], "texture": "#texture2", "rotation": 90 },
				"up": { "uv": [ 0, 4, 4, 8 ], "texture": "#texture2", "rotation": 90 },
				"north": { "uv": [ 0, 4, 4, 8 ], "texture": "#texture2", "rotation": 90 },
				"south": { "uv": [ 0, 4, 4, 8 ], "texture": "#texture2", "rotation": 90 },
				"west": { "uv": [ 0, 0, 4, 4 ], "texture": "#texture2" },
				"east": { "uv": [ 0, 0, 4, 4 ], "texture": "#texture2" }
			}
		},
		{
			"__comment": "Box2",
			"from": [ 7.5, 4, 12.5 ],
			"to": [ 8.5, 13, 13.5 ],
			"faces": {
				"north": { "uv": [ 7.5, 3, 8.5, 12 ], "texture": "#texture1" },
				"south": { "uv": [ 7.5, 3, 8.5, 12 ], "texture": "#texture1" },
				"west": { "uv": [ 12.5, 3, 13.5, 12 ], "texture": "#texture1" },
				"east": { "uv": [ 2.5, 3, 3.5, 12 ], "texture": "#texture1" }
			}
		},
		{
			"__comment": "Box2",
			"from": [ 7.5, 7, 4.5 ],
			"to": [ 8.5, 8, 13 ],
			"rotation": { "origin": [ 7.5, 8, 4.5 ], "axis": "x", "angle": -45 },
			"faces": {
				"down": { "uv": [ 7.5, 0, 8.5, 8 ], "texture": "#texture1" },
				"up": { "uv": [ 8.5, 8, 7.5, 0 ], "texture": "#texture1" },
				"west": { "uv": [ 4.5, 0, 5.5, 8 ], "texture": "#texture1", "rotation": 90 },
				"east": { "uv": [ 10.5, 0, 11.5, 8 ], "texture": "#texture1", "rotation": 270 }
			}
		},
		{
			"__comment": "Box6",
			"from": [ 7.5, 1, 10.5 ],
			"to": [ 8.5, 3, 11.5 ],
			"faces": {
				"up": { "uv": [ 4, 0, 5, 1 ], "texture": "#texture2" },
				"north": { "uv": [ 4, 0, 5, 1 ], "texture": "#texture2" },
				"south": { "uv": [ 4, 0, 5, 1 ], "texture": "#texture2" },
				"west": { "uv": [ 4, 0, 5, 1 ], "texture": "#texture2" },
				"east": { "uv": [ 4, 0, 5, 1 ], "texture": "#texture2" }
			}
		},
		{
			"__comment": "Box6",
			"from": [ 7.5, 1, 10.5 ],
			"to": [ 8.5, 2, 13.5 ],
			"faces": {
				"down": { "uv": [ 4, 0, 5, 1 ], "texture": "#texture2" },
				"up": { "uv": [ 4, 0, 5, 1 ], "texture": "#texture2" },
				"west": { "uv": [ 4, 0, 5, 1 ], "texture": "#texture2" },
				"east": { "uv": [ 4, 0, 5, 1 ], "texture": "#texture2" }
			}
		},
		{
			"__comment": "Box6",
			"from": [ 7.5, 1, 12.5 ],
			"to": [ 8.5, 4, 13.5 ],
			"faces": {
				"north": { "uv": [ 4, 0, 5, 1 ], "texture": "#texture2" },
				"south": { "uv": [ 4, 0, 5, 1 ], "texture": "#texture2" },
				"west": { "uv": [ 4, 0, 5, 1 ], "texture": "#texture2" },
				"east": { "uv": [ 4, 0, 5, 1 ], "texture": "#texture2" }
			}
		}
	],
	"display": {
		"thirdperson_righthand": {
			"rotation":  [ 90, 180, 0 ],
			"translation":  [ 0, 3, 3 ],
			"scale":  [ 0.7, 0.7, 0.7 ]
		},
		"thirdperson_lefthand": {
			"rotation":  [ 90, 180, 0 ],
			"translation":  [ 0, 3, 3 ],
			"scale":  [ 0.7, 0.7, 0.7 ]
		},
		"firstperson_righthand": {
			"rotation":  [ 15, 180, 0 ],
			"translation":  [ 3, 3, 0 ],
			"scale":  [ 0.7, 0.7, 0.7 ]
		},
		"firstperson_lefthand": {
			"rotation":  [ 15, 180, 0 ],
			"translation":  [ 3, 3, 0 ],
			"scale":  [ 0.7, 0.7, 0.7 ]
		},
		"gui": {
			"rotation":  [ 10, 90, 0 ],
			"scale":  [ 0.8, 0.8, 0.8 ]
		},
		"head": {
			"rotation":  [ 90, 90, -90 ],
			"translation":  [ 0, 0, 7.8 ]
		},
		"ground": {
			"rotation":  [ 90, 90, 0 ],
			"translation":  [ 0, 2, 0 ],
			"scale":  [ 0.5, 0.5, 0.5 ]
		},
		"fixed": {
			"rotation":  [ 0, -90, 0 ],
			"scale":  [ 0.5, 0.5, 0.5 ]
		}
	}
}