{
	"credit": "Made with Blockbench",
	"ambientocclusion": false,
	"textures": {
		"bottom": "block/iron_door_bottom",
		"top": "block/iron_door_top"
	},
	"elements": [
		{
			"name": "Element",
			"from": [7, 0, 4],
			"to": [8.5, 8, 12],
			"faces": {
				"north": {"uv": [3, 0, 0, 16], "texture": "#bottom", "cullface": "north"},
				"east": {"uv": [16, 0, 0, 16], "texture": "#bottom"},
				"south": {"uv": [0, 0, 3, 16], "texture": "#bottom", "cullface": "south"},
				"west": {"uv": [0, 0, 16, 16], "texture": "#bottom", "cullface": "west"},
				"down": {"uv": [0, 0, 3, 16], "texture": "#bottom"}
			}
		},
		{
			"name": "Element",
			"from": [7, 8, 4],
			"to": [8.5, 16, 12],
			"faces": {
				"north": {"uv": [3, 0, 0, 16], "texture": "#top", "cullface": "north"},
				"east": {"uv": [16, 0, 0, 16], "texture": "#top"},
				"south": {"uv": [0, 0, 3, 16], "texture": "#top", "cullface": "south"},
				"west": {"uv": [0, 0, 16, 16], "texture": "#top", "cullface": "west"},
				"up": {"uv": [0, 0, 3, 16], "texture": "#top", "cullface": "up"}
			}
		}
	],
	"gui_light":"front",
	"display": {
		"thirdperson_righthand": {
			"rotation": [0, 90, 0],
			"translation": [0, 2.5, 1],
			"scale": [0.375, 0.375, 0.375]
		},
		"thirdperson_lefthand": {
			"rotation": [0, 90, 0],
			"translation": [0, 2.5, 1],
			"scale": [0.375, 0.375, 0.375]
		},
		"firstperson_righthand": {
			"rotation": [0, 45, 0],
			"translation": [0, 3, 0],
			"scale": [0.4, 0.4, 0.4]
		},
		"firstperson_lefthand": {
			"rotation": [0, 45, 0],
			"translation": [0, 3, 0],
			"scale": [0.4, 0.4, 0.4]
		},
		"ground": {
			"translation": [0, 3, 0],
			"scale": [0.25, 0.25, 0.25]
		},
		"gui": {
			"rotation": [30, 90, 0],
			"scale": [0.9, 0.9, 0.9]
		},
		"fixed": {
			"rotation": [0, 90, 0],
			"scale": [0.5, 0.5, 0.5]
		}
	}
}