{
	"__comment": "Designed by  with Cubik Studio - https://cubik.studio",
	"textures": {
		"texture": "3dres/lapis"
	},
	"elements": [ 	 
		{
			"__comment": "Box1",
			"from": [ 3, 0, 7 ],
			"to": [ 13, 10, 11 ],
			"faces": {
				"down": { "uv": [ 0, 10, 5, 12 ], "texture": "#texture" },
				"north": { "uv": [ 0, 0, 5, 5 ], "texture": "#texture" },
				"south": { "uv": [ 0, 0, 5, 5 ], "texture": "#texture" },
				"west": { "uv": [ 0, 12, 5, 14 ], "texture": "#texture", "rotation": 270 },
				"east": { "uv": [ 0, 12, 5, 14 ], "texture": "#texture", "rotation": 270 }
			}
		},
		{
			"__comment": "Box9",
			"from": [ 3, 10, 7 ],
			"to": [ 10.071, 17.071, 11 ],
			"rotation": { "origin": [ 3, 10, 7 ], "axis": "z", "angle": -45 },
			"faces": {
				"up": { "uv": [ 0, 12, 5, 14 ], "texture": "#texture" },
				"north": { "uv": [ 0, 5, 5, 10 ], "texture": "#texture", "rotation": 90 },
				"south": { "uv": [ 0, 5, 5, 10 ], "texture": "#texture" },
				"west": { "uv": [ 0, 12, 5, 14 ], "texture": "#texture", "rotation": 90 }
			}
		},
		{
			"__comment": "Box1",
			"from": [ 3, 0, 5 ],
			"to": [ 11, 8, 7 ],
			"faces": {
				"down": { "uv": [ 5, 10, 9, 11 ], "texture": "#texture" },
				"north": { "uv": [ 5, 0, 9, 4 ], "texture": "#texture" },
				"south": { "uv": [ 5, 0, 9, 4 ], "texture": "#texture" },
				"west": { "uv": [ 5, 12, 9, 13 ], "texture": "#texture", "rotation": 270 },
				"east": { "uv": [ 5, 12, 9, 13 ], "texture": "#texture", "rotation": 270 }
			}
		},
		{
			"__comment": "Box9",
			"from": [ 3, 8, 5 ],
			"to": [ 8.6568, 13.6568, 7 ],
			"rotation": { "origin": [ 3, 8, 5 ], "axis": "z", "angle": -45 },
			"faces": {
				"up": { "uv": [ 5, 12, 9, 13 ], "texture": "#texture" },
				"north": { "uv": [ 5, 5, 9, 9 ], "texture": "#texture", "rotation": 90 },
				"south": { "uv": [ 5, 5, 9, 9 ], "texture": "#texture" },
				"west": { "uv": [ 5, 12, 9, 13 ], "texture": "#texture", "rotation": 90 }
			}
		},
		{
			"__comment": "Box5",
			"from": [ 10, 0, 4 ],
			"to": [ 14, 4, 8 ],
			"faces": {
				"down": { "uv": [ 12, 0, 14, 2 ], "texture": "#texture" },
				"up": { "uv": [ 12, 0, 14, 2 ], "texture": "#texture" },
				"north": { "uv": [ 12, 0, 14, 2 ], "texture": "#texture" },
				"south": { "uv": [ 12, 0, 14, 2 ], "texture": "#texture" },
				"west": { "uv": [ 12, 0, 14, 2 ], "texture": "#texture" },
				"east": { "uv": [ 12, 0, 14, 2 ], "texture": "#texture" }
			}
		},
		{
			"__comment": "Box1",
			"from": [ 4, 0, 11 ],
			"to": [ 10, 6, 13 ],
			"faces": {
				"down": { "uv": [ 9, 10, 12, 11 ], "texture": "#texture" },
				"north": { "uv": [ 9, 0, 12, 3 ], "texture": "#texture" },
				"south": { "uv": [ 9, 0, 12, 3 ], "texture": "#texture" },
				"west": { "uv": [ 9, 12, 12, 13 ], "texture": "#texture", "rotation": 270 },
				"east": { "uv": [ 9, 12, 12, 13 ], "texture": "#texture", "rotation": 270 }
			}
		},
		{
			"__comment": "Box9",
			"from": [ 4, 6, 11 ],
			"to": [ 8.2426, 10.2426, 13 ],
			"rotation": { "origin": [ 4, 6, 11 ], "axis": "z", "angle": -45 },
			"faces": {
				"up": { "uv": [ 9, 12, 12, 13 ], "texture": "#texture" },
				"north": { "uv": [ 9, 5, 12, 8 ], "texture": "#texture", "rotation": 90 },
				"south": { "uv": [ 9, 5, 12, 8 ], "texture": "#texture" },
				"west": { "uv": [ 9, 12, 12, 13 ], "texture": "#texture", "rotation": 90 }
			}
		}
	],
	"display": {
		"thirdperson_righthand": {
			"rotation":  [ 75, 45, 0 ],
			"translation":  [ 0, 2.5, 0 ],
			"scale":  [ 0.375, 0.375, 0.375 ]
		},
		"thirdperson_lefthand": {
			"rotation":  [ 75, 45, 0 ],
			"translation":  [ 0, 2.5, 0 ],
			"scale":  [ 0.375, 0.375, 0.375 ]
		},
		"firstperson_righthand": {
			"rotation":  [ 0, 45, 0 ],
			"scale":  [ 0.4, 0.4, 0.4 ]
		},
		"firstperson_lefthand": {
			"rotation":  [ 0, 45, 0 ],
			"scale":  [ 0.4, 0.4, 0.4 ]
		},
		"gui": {
			"rotation":  [ 30, 225, 0 ],
			"scale":  [ 0.625, 0.625, 0.625 ]
		},
		"ground": {
			"translation":  [ 0, 3, 0 ],
			"scale":  [ 0.25, 0.25, 0.25 ]
		},
		"fixed": {
			"scale":  [ 0.5, 0.5, 0.5 ]
		}
	}
}