{
	"credit": "Made with Blockbench",
	"textures": {
		"texture": "3dres/potion_bottle_lingering",
		"particle": "3dres/potion_bottle_lingering"
	},
	"elements": [
		{
			"name": "Box1",
			"from": [3, 0, 3],
			"to": [13, 1, 13],
			"faces": {
				"up": {"uv": [5, 0, 10, 5], "texture": "#texture"},
				"down": {"uv": [0, 0, 5, 5], "texture": "#texture"}
			}
		},
		{
			"name": "Box1",
			"from": [3, 0, 3],
			"to": [13, 10, 4],
			"faces": {
				"north": {"uv": [0, 0, 5, 5], "texture": "#texture"},
				"south": {"uv": [5, 0, 10, 5], "texture": "#texture"}
			}
		},
		{
			"name": "Box1",
			"from": [3, 0, 12],
			"to": [13, 10, 13],
			"faces": {
				"north": {"uv": [5, 0, 10, 5], "texture": "#texture"},
				"south": {"uv": [0, 0, 5, 5], "texture": "#texture"}
			}
		},
		{
			"name": "Box1",
			"from": [3, 0, 3],
			"to": [4, 10, 13],
			"faces": {
				"east": {"uv": [5, 0, 10, 5], "texture": "#texture"},
				"west": {"uv": [0, 0, 5, 5], "texture": "#texture"}
			}
		},
		{
			"name": "Box1",
			"from": [12, 0, 3],
			"to": [13, 10, 13],
			"faces": {
				"east": {"uv": [0, 0, 5, 5], "texture": "#texture"},
				"west": {"uv": [5, 0, 10, 5], "texture": "#texture"}
			}
		},
		{
			"name": "Box1",
			"from": [3, 9, 3],
			"to": [13, 10, 13],
			"faces": {
				"up": {"uv": [10, 10.5, 15, 15.5], "texture": "#texture"},
				"down": {"uv": [10, 5.5, 15, 10.5], "texture": "#texture"}
			}
		},
		{
			"name": "Box7",
			"from": [6, 9, 6],
			"to": [7, 13, 10],
			"faces": {
				"east": {"uv": [8, 6.5, 10, 8.5], "texture": "#texture"},
				"west": {"uv": [6, 6.5, 8, 8.5], "texture": "#texture"}
			}
		},
		{
			"name": "Box7",
			"from": [9, 9, 6],
			"to": [10, 13, 10],
			"faces": {
				"east": {"uv": [6, 6.5, 8, 8.5], "texture": "#texture"},
				"west": {"uv": [8, 6.5, 10, 8.5], "texture": "#texture"}
			}
		},
		{
			"name": "Box7",
			"from": [6, 9, 6],
			"to": [10, 13, 7],
			"faces": {
				"north": {"uv": [6, 6.5, 8, 8.5], "texture": "#texture"},
				"south": {"uv": [8, 6.5, 10, 8.5], "texture": "#texture"}
			}
		},
		{
			"name": "Box7",
			"from": [6, 9, 9],
			"to": [10, 13, 10],
			"faces": {
				"north": {"uv": [8, 6.5, 10, 8.5], "texture": "#texture"},
				"south": {"uv": [6, 6.5, 8, 8.5], "texture": "#texture"}
			}
		},
		{
			"name": "Box11",
			"from": [5, 12, 5],
			"to": [11, 13, 11],
			"faces": {
				"north": {"uv": [6, 9, 9, 9.5], "texture": "#texture"},
				"east": {"uv": [6, 9, 9, 9.5], "texture": "#texture"},
				"south": {"uv": [6, 9, 9, 9.5], "texture": "#texture"},
				"west": {"uv": [6, 9, 9, 9.5], "texture": "#texture"},
				"up": {"uv": [6, 10, 9, 13], "texture": "#texture"},
				"down": {"uv": [6, 10, 9, 13], "texture": "#texture"}
			}
		},
		{
			"name": "Box12",
			"from": [6, 13, 6],
			"to": [10, 13.5, 10],
			"faces": {
				"north": {"uv": [6, 5.5, 10, 6.5], "texture": "#texture"},
				"east": {"uv": [6, 5.5, 10, 6.5], "texture": "#texture"},
				"south": {"uv": [6, 5.5, 10, 6.5], "texture": "#texture"},
				"west": {"uv": [6, 5.5, 10, 6.5], "texture": "#texture"},
				"up": {"uv": [0, 5.5, 4, 9.5], "texture": "#texture"},
				"down": {"uv": [0, 5.5, 4, 9.5], "texture": "#texture"}
			}
		},
		{
			"name": "Box12",
			"from": [7, 10.5, 7],
			"to": [9, 13.5, 9],
			"faces": {
				"north": {"uv": [4, 7.5, 6, 10.5], "texture": "#texture"},
				"east": {"uv": [4, 7.5, 6, 10.5], "texture": "#texture"},
				"south": {"uv": [4, 7.5, 6, 10.5], "texture": "#texture"},
				"west": {"uv": [4, 7.5, 6, 10.5], "texture": "#texture"},
				"down": {"uv": [4, 5.5, 6, 7.5], "texture": "#texture"}
			}
		},
		{
			"name": "Box14",
			"from": [4, 1, 4],
			"to": [12, 7, 12],
			"faces": {
				"north": {"uv": [10.5, 0.5, 14.5, 4.5], "texture": "#particle", "tintindex": 0},
				"east": {"uv": [10.5, 0.5, 14.5, 4.5], "texture": "#particle", "tintindex": 0},
				"south": {"uv": [10.5, 0.5, 14.5, 4.5], "texture": "#particle", "tintindex": 0},
				"west": {"uv": [10.5, 0.5, 14.5, 4.5], "texture": "#particle", "tintindex": 0},
				"up": {"uv": [10.5, 0.5, 14.5, 4.5], "texture": "#particle", "tintindex": 0},
				"down": {"uv": [10.5, 0.5, 14.5, 4.5], "texture": "#particle", "tintindex": 0}
			}
		}
	],
	"display": {
		"thirdperson_righthand": {
			"rotation": [75, 45, 0],
			"translation": [0, 2.5, 0],
			"scale": [0.375, 0.375, 0.375]
		},
		"thirdperson_lefthand": {
			"rotation": [75, 45, 0],
			"translation": [0, 2.5, 0],
			"scale": [0.375, 0.375, 0.375]
		},
		"firstperson_righthand": {
			"rotation": [0, 45, 0],
			"translation": [0, 3, 0],
			"scale": [0.4, 0.4, 0.4]
		},
		"firstperson_lefthand": {
			"rotation": [0, 45, 0],
			"translation": [0, 3, 0],
			"scale": [0.4, 0.4, 0.4]
		},
		"ground": {
			"translation": [0, 2, 0],
			"scale": [0.5, 0.5, 0.5]
		},
		"gui": {
			"rotation": [30, 225, 0],
			"translation": [0, 1, 0],
			"scale": [0.8, 0.8, 0.8]
		}
	}
}