{
	"__comment": "Designed by Blue_Beaker with Cubik Studio - https://cubik.studio",
	"textures": {
		"texture": "3dres/nether_star/nether_star_outer",
		"texture1": "3dres/nether_star/nether_star"
	},
	"elements": [ 	 
		{
			"__comment": "Box1",
			"from": [ 15, 15, 0 ],
			"to": [ 16, 16, 16 ],
			"faces": {
				"down": { "uv": [ 15, 0, 16, 16 ], "texture": "#texture" },
				"up": { "uv": [ 15, 0, 16, 16 ], "texture": "#texture" },
				"west": { "uv": [ 0, 0, 16, 1 ], "texture": "#texture" },
				"east": { "uv": [ 0, 0, 16, 1 ], "texture": "#texture" }
			}
		},
		{
			"__comment": "Box1",
			"from": [ 0, 15, 0 ],
			"to": [ 1, 16, 16 ],
			"faces": {
				"down": { "uv": [ 0, 0, 1, 16 ], "texture": "#texture" },
				"up": { "uv": [ 0, 0, 1, 16 ], "texture": "#texture" },
				"west": { "uv": [ 0, 15, 16, 16 ], "texture": "#texture" },
				"east": { "uv": [ 0, 15, 16, 16 ], "texture": "#texture" }
			}
		},
		{
			"__comment": "Box1",
			"from": [ 15, 0, 0 ],
			"to": [ 16, 1, 16 ],
			"faces": {
				"down": { "uv": [ 15, 0, 16, 16 ], "texture": "#texture" },
				"up": { "uv": [ 15, 0, 16, 16 ], "texture": "#texture" },
				"west": { "uv": [ 0, 15, 16, 16 ], "texture": "#texture" },
				"east": { "uv": [ 0, 15, 16, 16 ], "texture": "#texture" }
			}
		},
		{
			"__comment": "Box1",
			"from": [ 0, 0, 0 ],
			"to": [ 1, 1, 16 ],
			"faces": {
				"down": { "uv": [ 0, 0, 1, 16 ], "texture": "#texture" },
				"up": { "uv": [ 0, 0, 1, 16 ], "texture": "#texture" },
				"west": { "uv": [ 0, 15, 16, 16 ], "texture": "#texture" },
				"east": { "uv": [ 0, 15, 16, 16 ], "texture": "#texture" }
			}
		},
		{
			"__comment": "Box5",
			"from": [ 0, 15, 15 ],
			"to": [ 16, 16, 16 ],
			"faces": {
				"down": { "uv": [ 0, 0, 16, 1 ], "texture": "#texture" },
				"up": { "uv": [ 0, 15, 16, 16 ], "texture": "#texture" },
				"north": { "uv": [ 0, 0, 16, 1 ], "texture": "#texture" },
				"south": { "uv": [ 0, 0, 16, 1 ], "texture": "#texture" }
			}
		},
		{
			"__comment": "Box5",
			"from": [ 0, 15, 0 ],
			"to": [ 16, 16, 1 ],
			"faces": {
				"down": { "uv": [ 0, 15, 16, 16 ], "texture": "#texture" },
				"up": { "uv": [ 0, 0, 16, 1 ], "texture": "#texture" },
				"north": { "uv": [ 0, 15, 16, 16 ], "texture": "#texture" },
				"south": { "uv": [ 0, 15, 16, 16 ], "texture": "#texture" }
			}
		},
		{
			"__comment": "Box5",
			"from": [ 0, 0, 15 ],
			"to": [ 16, 1, 16 ],
			"faces": {
				"down": { "uv": [ 0, 0, 16, 1 ], "texture": "#texture" },
				"up": { "uv": [ 0, 15, 16, 16 ], "texture": "#texture" },
				"north": { "uv": [ 0, 15, 16, 16 ], "texture": "#texture" },
				"south": { "uv": [ 0, 15, 16, 16 ], "texture": "#texture" }
			}
		},
		{
			"__comment": "Box5",
			"from": [ 0, 0, 0 ],
			"to": [ 16, 1, 1 ],
			"faces": {
				"down": { "uv": [ 0, 15, 16, 16 ], "texture": "#texture" },
				"up": { "uv": [ 0, 0, 16, 1 ], "texture": "#texture" },
				"north": { "uv": [ 0, 15, 16, 16 ], "texture": "#texture" },
				"south": { "uv": [ 0, 15, 16, 16 ], "texture": "#texture" }
			}
		},
		{
			"__comment": "Box9",
			"from": [ 15, 0, 15 ],
			"to": [ 16, 16, 16 ],
			"faces": {
				"north": { "uv": [ 0, 0, 1, 16 ], "texture": "#texture" },
				"south": { "uv": [ 15, 0, 16, 16 ], "texture": "#texture" },
				"west": { "uv": [ 15, 0, 16, 16 ], "texture": "#texture" },
				"east": { "uv": [ 0, 0, 1, 16 ], "texture": "#texture" }
			}
		},
		{
			"__comment": "Box9",
			"from": [ 15, 0, 0 ],
			"to": [ 16, 16, 1 ],
			"faces": {
				"north": { "uv": [ 15, 0, 16, 16 ], "texture": "#texture" },
				"south": { "uv": [ 0, 0, 1, 16 ], "texture": "#texture" },
				"west": { "uv": [ 0, 0, 1, 16 ], "texture": "#texture" },
				"east": { "uv": [ 15, 0, 16, 16 ], "texture": "#texture" }
			}
		},
		{
			"__comment": "Box9",
			"from": [ 0, 0, 15 ],
			"to": [ 1, 16, 16 ],
			"faces": {
				"north": { "uv": [ 15, 0, 16, 16 ], "texture": "#texture" },
				"south": { "uv": [ 0, 0, 1, 16 ], "texture": "#texture" },
				"west": { "uv": [ 15, 0, 16, 16 ], "texture": "#texture" },
				"east": { "uv": [ 0, 0, 1, 16 ], "texture": "#texture" }
			}
		},
		{
			"__comment": "Box9",
			"from": [ 0, 0, 0 ],
			"to": [ 1, 16, 1 ],
			"faces": {
				"north": { "uv": [ 15, 0, 16, 16 ], "texture": "#texture" },
				"south": { "uv": [ 0, 0, 1, 16 ], "texture": "#texture" },
				"west": { "uv": [ 0, 0, 1, 16 ], "texture": "#texture" },
				"east": { "uv": [ 15, 0, 16, 16 ], "texture": "#texture" }
			}
		},
		{
			"__comment": "PlaneY13",
			"from": [ 0, 8, 0 ],
			"to": [ 16, 8.001, 16 ],
			"faces": {
				"down": { "uv": [ 16, 0, 0, 16 ], "texture": "#texture1" },
				"up": { "uv": [ 0, 0, 16, 16 ], "texture": "#texture1" }
			}
		},
		{
			"__comment": "Box14",
			"from": [ 7, 7, 7 ],
			"to": [ 9, 9, 9 ],
			"faces": {
				"down": { "uv": [ 7, 7, 9, 9 ], "texture": "#texture1" },
				"up": { "uv": [ 7, 7, 9, 9 ], "texture": "#texture1" },
				"north": { "uv": [ 7, 7, 9, 9 ], "texture": "#texture1" },
				"south": { "uv": [ 7, 7, 9, 9 ], "texture": "#texture1" },
				"west": { "uv": [ 7, 7, 9, 9 ], "texture": "#texture1" },
				"east": { "uv": [ 7, 7, 9, 9 ], "texture": "#texture1" }
			}
		}
	],
	"display": {
		"thirdperson_righthand": {
			"rotation":  [ 75, 45, 0 ],
			"translation":  [ 0, 2.5, 0 ],
			"scale":  [ 0.375, 0.375, 0.375 ]
		},
		"thirdperson_lefthand": {
			"rotation":  [ 75, 45, 0 ],
			"translation":  [ 0, 2.5, 0 ],
			"scale":  [ 0.375, 0.375, 0.375 ]
		},
		"firstperson_righthand": {
			"rotation":  [ 0, 45, 0 ],
			"scale":  [ 0.4, 0.4, 0.4 ]
		},
		"firstperson_lefthand": {
			"rotation":  [ 0, 45, 0 ],
			"scale":  [ 0.4, 0.4, 0.4 ]
		},
		"gui": {
			"rotation":  [ 90, 0, 0 ]
		},
		"ground": {
			"translation":  [ 0, 3, 0 ],
			"scale":  [ 0.25, 0.25, 0.25 ]
		},
		"fixed": {
			"rotation":  [ 90, 0, 0 ],
			"scale":  [ 0.5, 0.5, 0.5 ]
		}
	}
}