{
	"credit": "Designed by Blue_Beaker with Cubik Studio - https://cubik.studio",
	"textures": {
		"texture": "item/paper"
	},
	"elements": [
		{
			"name": "PlaneY1",
			"from": [0, 0, 3],
			"to": [16, 0.001, 13],
			"faces": {
				"up": {"uv": [0, 3, 16, 13], "texture": "#texture"},
				"down": {"uv": [0, 3, 16, 13], "texture": "#texture"}
			}
		}
	],
	"gui_light": "front",
	"display": {
		"thirdperson_righthand": {
			"rotation": [75, 90, 0],
			"translation": [0, 2.5, 0],
			"scale": [0.375, 0.375, 0.375]
		},
		"thirdperson_lefthand": {
			"rotation": [75, 90, 0],
			"translation": [0, 2.5, 0],
			"scale": [0.375, 0.375, 0.375]
		},
		"firstperson_righthand": {
			"rotation": [0, 90, 0],
			"translation": [0, 3, 0],
			"scale": [0.4, 0.4, 0.4]
		},
		"firstperson_lefthand": {
			"rotation": [0, 90, 0],
			"translation": [0, 3, 0],
			"scale": [0.4, 0.4, 0.4]
		},
		"ground": {
			"translation": [0, 3, 0],
			"scale": [0.25, 0.25, 0.25]
		},
		"gui": {
			"rotation": [-90, 0, 0],
			"translation": [0, 0, -8]
		},
		"fixed": {
			"rotation": [-90, 0, 0],
			"translation": [0, 0, -7.652]
		}
	}
}