{
	"__comment": "Designed by Blue_Beaker with Cubik Studio - https://cubik.studio",
	"textures": {
		"Bucket": "3dres/bucket",
		"fluid": "block/water_still",
		"texture": "3dres/fish_pufferfish_raw"
	},
	"elements": [ 	 
		{
			"__comment": "Bucket",
			"from": [ 2, 0, 2 ],
			"to": [ 14, 12, 14 ],
			"shade": false,
			"faces": {
				"down": { "uv": [ 0, 0, 6, 6 ], "texture": "#Bucket" },
				"up": { "uv": [ 0, 6, 6, 12 ], "texture": "#Bucket" },
				"north": { "uv": [ 0, 0, 6, 6 ], "texture": "#Bucket" },
				"south": { "uv": [ 0, 0, 6, 6 ], "texture": "#Bucket" },
				"west": { "uv": [ 0, 0, 6, 6 ], "texture": "#Bucket" },
				"east": { "uv": [ 0, 0, 6, 6 ], "texture": "#Bucket" }
			}
		},
		{
			"__comment": "x",
			"from": [ 3, 1, 3 ],
			"to": [ 3.001, 12, 13 ],
			"faces": {
				"east": { "uv": [ 6, 0, 11, 5.5 ], "texture": "#Bucket" }
			}
		},
		{
			"__comment": "x",
			"from": [ 13, 1, 3 ],
			"to": [ 13.001, 12, 13 ],
			"faces": {
				"west": { "uv": [ 6, 0, 11, 5.5 ], "texture": "#Bucket" }
			}
		},
		{
			"__comment": "y",
			"from": [ 3, 1, 3 ],
			"to": [ 13, 1.001, 13 ],
			"faces": {
				"up": { "uv": [ 6, 6.000001, 11, 11 ], "texture": "#Bucket" }
			}
		},
		{
			"__comment": "z",
			"from": [ 3, 1, 13 ],
			"to": [ 13, 12, 13.001 ],
			"faces": {
				"north": { "uv": [ 6, 0, 11, 5.5 ], "texture": "#Bucket" }
			}
		},
		{
			"__comment": "z",
			"from": [ 3, 1, 3 ],
			"to": [ 13, 12, 3.001 ],
			"faces": {
				"south": { "uv": [ 6, 0, 11, 5.5 ], "texture": "#Bucket" }
			}
		},
		{
			"__comment": "Box8",
			"from": [ 15, 9.5, 7.5 ],
			"to": [ 16, 10.5, 17 ],
			"faces": {
				"down": { "uv": [ 11, 0, 16, 5 ], "texture": "#Bucket" },
				"up": { "uv": [ 11, 0, 16, 5 ], "texture": "#Bucket" },
				"north": { "uv": [ 11, 0, 16, 5 ], "texture": "#Bucket" },
				"south": { "uv": [ 11, 0, 16, 5 ], "texture": "#Bucket" },
				"west": { "uv": [ 11, 0, 16, 5 ], "texture": "#Bucket" },
				"east": { "uv": [ 11, 0, 16, 5 ], "texture": "#Bucket" }
			}
		},
		{
			"__comment": "Box10",
			"from": [ 14, 9.5, 7.5 ],
			"to": [ 15, 10.5, 8.5 ],
			"faces": {
				"down": { "uv": [ 11, 0, 16, 5 ], "texture": "#Bucket" },
				"up": { "uv": [ 11, 0, 16, 5 ], "texture": "#Bucket" },
				"north": { "uv": [ 11, 0, 16, 5 ], "texture": "#Bucket" },
				"south": { "uv": [ 11, 0, 16, 5 ], "texture": "#Bucket" }
			}
		},
		{
			"__comment": "Box10",
			"from": [ 1, 9.5, 7.5 ],
			"to": [ 2, 10.5, 8.5 ],
			"faces": {
				"down": { "uv": [ 11, 0, 16, 5 ], "texture": "#Bucket" },
				"up": { "uv": [ 11, 0, 16, 5 ], "texture": "#Bucket" },
				"north": { "uv": [ 11, 0, 16, 5 ], "texture": "#Bucket" },
				"south": { "uv": [ 11, 0, 16, 5 ], "texture": "#Bucket" }
			}
		},
		{
			"__comment": "Box8",
			"from": [ 1, 9.5, 16 ],
			"to": [ 15, 10.5, 17 ],
			"faces": {
				"down": { "uv": [ 11, 0, 16, 5 ], "texture": "#Bucket" },
				"up": { "uv": [ 11, 0, 16, 5 ], "texture": "#Bucket" },
				"north": { "uv": [ 11, 0, 16, 5 ], "texture": "#Bucket" },
				"south": { "uv": [ 11, 0, 16, 5 ], "texture": "#Bucket" },
				"west": { "uv": [ 11, 0, 16, 5 ], "texture": "#Bucket" },
				"east": { "uv": [ 11, 0, 16, 5 ], "texture": "#Bucket" }
			}
		},
		{
			"__comment": "Box8",
			"from": [ 0, 9.5, 7.5 ],
			"to": [ 1, 10.5, 17 ],
			"faces": {
				"down": { "uv": [ 11, 0, 16, 5 ], "texture": "#Bucket" },
				"up": { "uv": [ 11, 0, 16, 5 ], "texture": "#Bucket" },
				"north": { "uv": [ 11, 0, 16, 5 ], "texture": "#Bucket" },
				"south": { "uv": [ 11, 0, 16, 5 ], "texture": "#Bucket" },
				"west": { "uv": [ 11, 0, 16, 5 ], "texture": "#Bucket" },
				"east": { "uv": [ 11, 0, 16, 5 ], "texture": "#Bucket" }
			}
		},
		{
			"__comment": "PlaneY12",
			"from": [ 3, 10, 3 ],
			"to": [ 13, 10.001, 13 ],
			"faces": {
				"up": { "uv": [ 0, 0, 16, 16 ], "texture": "#fluid" }
			}
		},
		{
			"__comment": "Box1",
			"from": [ 4.5, 12.5, 6 ],
			"to": [ 8.5, 16.5, 10 ],
			"rotation": { "origin": [ 4.5, 12.5, 10 ], "axis": "z", "angle": -45 },
			"faces": {
				"down": { "uv": [ 8, 4, 16, 8 ], "texture": "#texture", "rotation": 90 },
				"up": { "uv": [ 8, 8, 16, 16 ], "texture": "#texture", "rotation": 270 },
				"north": { "uv": [ 8, 0, 16, 8 ], "texture": "#texture" },
				"south": { "uv": [ 8, 0, 16, 8 ], "texture": "#texture" },
				"west": { "uv": [ 0, 0, 8, 8 ], "texture": "#texture" },
				"east": { "uv": [ 8, 0, 16, 8 ], "texture": "#texture" }
			}
		},
		{
			"__comment": "Box2",
			"from": [ 8.5, 12.75, 9.25 ],
			"to": [ 9, 13.25, 9.75 ],
			"rotation": { "origin": [ 4.5, 12.5, 10 ], "axis": "z", "angle": -45 },
			"faces": {
				"down": { "uv": [ 0, 15, 1, 16 ], "texture": "#texture" },
				"up": { "uv": [ 0, 15, 1, 16 ], "texture": "#texture" },
				"north": { "uv": [ 0, 15, 1, 16 ], "texture": "#texture" },
				"south": { "uv": [ 0, 15, 1, 16 ], "texture": "#texture" },
				"west": { "uv": [ 0, 15, 1, 16 ], "texture": "#texture" },
				"east": { "uv": [ 0, 15, 1, 16 ], "texture": "#texture" }
			}
		},
		{
			"__comment": "Box2",
			"from": [ 8.5, 12.75, 6.25 ],
			"to": [ 9, 13.25, 6.75 ],
			"rotation": { "origin": [ 4.5, 12.5, 10 ], "axis": "z", "angle": -45 },
			"faces": {
				"down": { "uv": [ 0, 15, 1, 16 ], "texture": "#texture" },
				"up": { "uv": [ 0, 15, 1, 16 ], "texture": "#texture" },
				"north": { "uv": [ 0, 15, 1, 16 ], "texture": "#texture" },
				"south": { "uv": [ 0, 15, 1, 16 ], "texture": "#texture" },
				"west": { "uv": [ 0, 15, 1, 16 ], "texture": "#texture" },
				"east": { "uv": [ 0, 15, 1, 16 ], "texture": "#texture" }
			}
		},
		{
			"__comment": "Box2",
			"from": [ 8.5, 12.75, 7.25 ],
			"to": [ 9, 13.25, 7.75 ],
			"rotation": { "origin": [ 4.5, 12.5, 10 ], "axis": "z", "angle": -45 },
			"faces": {
				"down": { "uv": [ 0, 15, 1, 16 ], "texture": "#texture" },
				"up": { "uv": [ 0, 15, 1, 16 ], "texture": "#texture" },
				"north": { "uv": [ 0, 15, 1, 16 ], "texture": "#texture" },
				"south": { "uv": [ 0, 15, 1, 16 ], "texture": "#texture" },
				"west": { "uv": [ 0, 15, 1, 16 ], "texture": "#texture" },
				"east": { "uv": [ 0, 15, 1, 16 ], "texture": "#texture" }
			}
		},
		{
			"__comment": "Box2",
			"from": [ 8.5, 12.75, 8.25 ],
			"to": [ 9, 13.25, 8.75 ],
			"rotation": { "origin": [ 4.5, 12.5, 10 ], "axis": "z", "angle": -45 },
			"faces": {
				"down": { "uv": [ 0, 15, 1, 16 ], "texture": "#texture" },
				"up": { "uv": [ 0, 15, 1, 16 ], "texture": "#texture" },
				"north": { "uv": [ 0, 15, 1, 16 ], "texture": "#texture" },
				"south": { "uv": [ 0, 15, 1, 16 ], "texture": "#texture" },
				"west": { "uv": [ 0, 15, 1, 16 ], "texture": "#texture" },
				"east": { "uv": [ 0, 15, 1, 16 ], "texture": "#texture" }
			}
		},
		{
			"__comment": "Box2",
			"from": [ 8.5, 14.75, 9.25 ],
			"to": [ 9, 15.25, 9.75 ],
			"rotation": { "origin": [ 4.5, 12.5, 10 ], "axis": "z", "angle": -45 },
			"faces": {
				"down": { "uv": [ 0, 15, 1, 16 ], "texture": "#texture" },
				"up": { "uv": [ 0, 15, 1, 16 ], "texture": "#texture" },
				"north": { "uv": [ 0, 15, 1, 16 ], "texture": "#texture" },
				"south": { "uv": [ 0, 15, 1, 16 ], "texture": "#texture" },
				"west": { "uv": [ 0, 15, 1, 16 ], "texture": "#texture" },
				"east": { "uv": [ 0, 15, 1, 16 ], "texture": "#texture" }
			}
		},
		{
			"__comment": "Box2",
			"from": [ 8.5, 14.75, 6.25 ],
			"to": [ 9, 15.25, 6.75 ],
			"rotation": { "origin": [ 4.5, 12.5, 10 ], "axis": "z", "angle": -45 },
			"faces": {
				"down": { "uv": [ 0, 15, 1, 16 ], "texture": "#texture" },
				"up": { "uv": [ 0, 15, 1, 16 ], "texture": "#texture" },
				"north": { "uv": [ 0, 15, 1, 16 ], "texture": "#texture" },
				"south": { "uv": [ 0, 15, 1, 16 ], "texture": "#texture" },
				"west": { "uv": [ 0, 15, 1, 16 ], "texture": "#texture" },
				"east": { "uv": [ 0, 15, 1, 16 ], "texture": "#texture" }
			}
		},
		{
			"__comment": "Box2",
			"from": [ 8.5, 13.75, 9.25 ],
			"to": [ 9, 14.25, 9.75 ],
			"rotation": { "origin": [ 4.5, 12.5, 10 ], "axis": "z", "angle": -45 },
			"faces": {
				"down": { "uv": [ 0, 15, 1, 16 ], "texture": "#texture" },
				"up": { "uv": [ 0, 15, 1, 16 ], "texture": "#texture" },
				"north": { "uv": [ 0, 15, 1, 16 ], "texture": "#texture" },
				"south": { "uv": [ 0, 15, 1, 16 ], "texture": "#texture" },
				"west": { "uv": [ 0, 15, 1, 16 ], "texture": "#texture" },
				"east": { "uv": [ 0, 15, 1, 16 ], "texture": "#texture" }
			}
		},
		{
			"__comment": "Box2",
			"from": [ 8.5, 13.75, 6.25 ],
			"to": [ 9, 14.25, 6.75 ],
			"rotation": { "origin": [ 4.5, 12.5, 10 ], "axis": "z", "angle": -45 },
			"faces": {
				"down": { "uv": [ 0, 15, 1, 16 ], "texture": "#texture" },
				"up": { "uv": [ 0, 15, 1, 16 ], "texture": "#texture" },
				"north": { "uv": [ 0, 15, 1, 16 ], "texture": "#texture" },
				"south": { "uv": [ 0, 15, 1, 16 ], "texture": "#texture" },
				"west": { "uv": [ 0, 15, 1, 16 ], "texture": "#texture" },
				"east": { "uv": [ 0, 15, 1, 16 ], "texture": "#texture" }
			}
		},
		{
			"__comment": "Box2",
			"from": [ 7.75, 12, 6.25 ],
			"to": [ 8.25, 12.5, 6.75 ],
			"rotation": { "origin": [ 4.5, 12.5, 10 ], "axis": "z", "angle": -45 },
			"faces": {
				"down": { "uv": [ 0, 15, 1, 16 ], "texture": "#texture", "rotation": 90 },
				"up": { "uv": [ 0, 15, 1, 16 ], "texture": "#texture", "rotation": 270 },
				"north": { "uv": [ 0, 15, 1, 16 ], "texture": "#texture" },
				"south": { "uv": [ 0, 15, 1, 16 ], "texture": "#texture" },
				"west": { "uv": [ 0, 15, 1, 16 ], "texture": "#texture" },
				"east": { "uv": [ 0, 15, 1, 16 ], "texture": "#texture" }
			}
		},
		{
			"__comment": "Box2",
			"from": [ 4.75, 12, 6.25 ],
			"to": [ 5.25, 12.5, 6.75 ],
			"rotation": { "origin": [ 4.5, 12.5, 10 ], "axis": "z", "angle": -45 },
			"faces": {
				"down": { "uv": [ 0, 15, 1, 16 ], "texture": "#texture", "rotation": 90 },
				"up": { "uv": [ 0, 15, 1, 16 ], "texture": "#texture", "rotation": 270 },
				"north": { "uv": [ 0, 15, 1, 16 ], "texture": "#texture" },
				"south": { "uv": [ 0, 15, 1, 16 ], "texture": "#texture" },
				"west": { "uv": [ 0, 15, 1, 16 ], "texture": "#texture" },
				"east": { "uv": [ 0, 15, 1, 16 ], "texture": "#texture" }
			}
		},
		{
			"__comment": "Box2",
			"from": [ 5.75, 12, 6.25 ],
			"to": [ 6.25, 12.5, 6.75 ],
			"rotation": { "origin": [ 4.5, 12.5, 10 ], "axis": "z", "angle": -45 },
			"faces": {
				"down": { "uv": [ 0, 15, 1, 16 ], "texture": "#texture", "rotation": 90 },
				"up": { "uv": [ 0, 15, 1, 16 ], "texture": "#texture", "rotation": 270 },
				"north": { "uv": [ 0, 15, 1, 16 ], "texture": "#texture" },
				"south": { "uv": [ 0, 15, 1, 16 ], "texture": "#texture" },
				"west": { "uv": [ 0, 15, 1, 16 ], "texture": "#texture" },
				"east": { "uv": [ 0, 15, 1, 16 ], "texture": "#texture" }
			}
		},
		{
			"__comment": "Box2",
			"from": [ 6.75, 12, 6.25 ],
			"to": [ 7.25, 12.5, 6.75 ],
			"rotation": { "origin": [ 4.5, 12.5, 10 ], "axis": "z", "angle": -45 },
			"faces": {
				"down": { "uv": [ 0, 15, 1, 16 ], "texture": "#texture", "rotation": 90 },
				"up": { "uv": [ 0, 15, 1, 16 ], "texture": "#texture", "rotation": 270 },
				"north": { "uv": [ 0, 15, 1, 16 ], "texture": "#texture" },
				"south": { "uv": [ 0, 15, 1, 16 ], "texture": "#texture" },
				"west": { "uv": [ 0, 15, 1, 16 ], "texture": "#texture" },
				"east": { "uv": [ 0, 15, 1, 16 ], "texture": "#texture" }
			}
		},
		{
			"__comment": "Box2",
			"from": [ 7.75, 14.75, 10 ],
			"to": [ 8.25, 15.25, 10.5 ],
			"rotation": { "origin": [ 4.5, 12.5, 10 ], "axis": "z", "angle": -45 },
			"faces": {
				"down": { "uv": [ 0, 15, 1, 16 ], "texture": "#texture", "rotation": 90 },
				"up": { "uv": [ 0, 15, 1, 16 ], "texture": "#texture", "rotation": 270 },
				"north": { "uv": [ 0, 15, 1, 16 ], "texture": "#texture" },
				"south": { "uv": [ 0, 15, 1, 16 ], "texture": "#texture" },
				"west": { "uv": [ 0, 15, 1, 16 ], "texture": "#texture" },
				"east": { "uv": [ 0, 15, 1, 16 ], "texture": "#texture" }
			}
		},
		{
			"__comment": "Box2",
			"from": [ 4.75, 14.75, 10 ],
			"to": [ 5.25, 15.25, 10.5 ],
			"rotation": { "origin": [ 4.5, 12.5, 10 ], "axis": "z", "angle": -45 },
			"faces": {
				"down": { "uv": [ 0, 15, 1, 16 ], "texture": "#texture", "rotation": 90 },
				"up": { "uv": [ 0, 15, 1, 16 ], "texture": "#texture", "rotation": 270 },
				"north": { "uv": [ 0, 15, 1, 16 ], "texture": "#texture" },
				"south": { "uv": [ 0, 15, 1, 16 ], "texture": "#texture" },
				"west": { "uv": [ 0, 15, 1, 16 ], "texture": "#texture" },
				"east": { "uv": [ 0, 15, 1, 16 ], "texture": "#texture" }
			}
		},
		{
			"__comment": "Box2",
			"from": [ 5.75, 14.75, 10 ],
			"to": [ 6.25, 15.25, 10.5 ],
			"rotation": { "origin": [ 4.5, 12.5, 10 ], "axis": "z", "angle": -45 },
			"faces": {
				"down": { "uv": [ 0, 15, 1, 16 ], "texture": "#texture", "rotation": 90 },
				"up": { "uv": [ 0, 15, 1, 16 ], "texture": "#texture", "rotation": 270 },
				"north": { "uv": [ 0, 15, 1, 16 ], "texture": "#texture" },
				"south": { "uv": [ 0, 15, 1, 16 ], "texture": "#texture" },
				"west": { "uv": [ 0, 15, 1, 16 ], "texture": "#texture" },
				"east": { "uv": [ 0, 15, 1, 16 ], "texture": "#texture" }
			}
		},
		{
			"__comment": "Box2",
			"from": [ 6.75, 14.75, 10 ],
			"to": [ 7.25, 15.25, 10.5 ],
			"rotation": { "origin": [ 4.5, 12.5, 10 ], "axis": "z", "angle": -45 },
			"faces": {
				"down": { "uv": [ 0, 15, 1, 16 ], "texture": "#texture", "rotation": 90 },
				"up": { "uv": [ 0, 15, 1, 16 ], "texture": "#texture", "rotation": 270 },
				"north": { "uv": [ 0, 15, 1, 16 ], "texture": "#texture" },
				"south": { "uv": [ 0, 15, 1, 16 ], "texture": "#texture" },
				"west": { "uv": [ 0, 15, 1, 16 ], "texture": "#texture" },
				"east": { "uv": [ 0, 15, 1, 16 ], "texture": "#texture" }
			}
		},
		{
			"__comment": "Box2",
			"from": [ 7.75, 13.75, 10 ],
			"to": [ 8.25, 14.25, 10.5 ],
			"rotation": { "origin": [ 4.5, 12.5, 10 ], "axis": "z", "angle": -45 },
			"faces": {
				"down": { "uv": [ 0, 15, 1, 16 ], "texture": "#texture", "rotation": 90 },
				"up": { "uv": [ 0, 15, 1, 16 ], "texture": "#texture", "rotation": 270 },
				"north": { "uv": [ 0, 15, 1, 16 ], "texture": "#texture" },
				"south": { "uv": [ 0, 15, 1, 16 ], "texture": "#texture" },
				"west": { "uv": [ 0, 15, 1, 16 ], "texture": "#texture" },
				"east": { "uv": [ 0, 15, 1, 16 ], "texture": "#texture" }
			}
		},
		{
			"__comment": "Box2",
			"from": [ 4.75, 13.75, 10 ],
			"to": [ 5.25, 14.25, 10.5 ],
			"rotation": { "origin": [ 4.5, 12.5, 10 ], "axis": "z", "angle": -45 },
			"faces": {
				"down": { "uv": [ 0, 15, 1, 16 ], "texture": "#texture", "rotation": 90 },
				"up": { "uv": [ 0, 15, 1, 16 ], "texture": "#texture", "rotation": 270 },
				"north": { "uv": [ 0, 15, 1, 16 ], "texture": "#texture" },
				"south": { "uv": [ 0, 15, 1, 16 ], "texture": "#texture" },
				"west": { "uv": [ 0, 15, 1, 16 ], "texture": "#texture" },
				"east": { "uv": [ 0, 15, 1, 16 ], "texture": "#texture" }
			}
		},
		{
			"__comment": "Box2",
			"from": [ 5.75, 13.75, 10 ],
			"to": [ 6.25, 14.25, 10.5 ],
			"rotation": { "origin": [ 4.5, 12.5, 10 ], "axis": "z", "angle": -45 },
			"faces": {
				"down": { "uv": [ 0, 15, 1, 16 ], "texture": "#texture", "rotation": 90 },
				"up": { "uv": [ 0, 15, 1, 16 ], "texture": "#texture", "rotation": 270 },
				"north": { "uv": [ 0, 15, 1, 16 ], "texture": "#texture" },
				"south": { "uv": [ 0, 15, 1, 16 ], "texture": "#texture" },
				"west": { "uv": [ 0, 15, 1, 16 ], "texture": "#texture" },
				"east": { "uv": [ 0, 15, 1, 16 ], "texture": "#texture" }
			}
		},
		{
			"__comment": "Box2",
			"from": [ 6.75, 13.75, 10 ],
			"to": [ 7.25, 14.25, 10.5 ],
			"rotation": { "origin": [ 4.5, 12.5, 10 ], "axis": "z", "angle": -45 },
			"faces": {
				"down": { "uv": [ 0, 15, 1, 16 ], "texture": "#texture", "rotation": 90 },
				"up": { "uv": [ 0, 15, 1, 16 ], "texture": "#texture", "rotation": 270 },
				"north": { "uv": [ 0, 15, 1, 16 ], "texture": "#texture" },
				"south": { "uv": [ 0, 15, 1, 16 ], "texture": "#texture" },
				"west": { "uv": [ 0, 15, 1, 16 ], "texture": "#texture" },
				"east": { "uv": [ 0, 15, 1, 16 ], "texture": "#texture" }
			}
		},
		{
			"__comment": "Box2",
			"from": [ 7.75, 12.75, 5.5 ],
			"to": [ 8.25, 13.25, 6 ],
			"rotation": { "origin": [ 4.5, 12.5, 10 ], "axis": "z", "angle": -45 },
			"faces": {
				"down": { "uv": [ 0, 15, 1, 16 ], "texture": "#texture", "rotation": 90 },
				"up": { "uv": [ 0, 15, 1, 16 ], "texture": "#texture", "rotation": 270 },
				"north": { "uv": [ 0, 15, 1, 16 ], "texture": "#texture" },
				"south": { "uv": [ 0, 15, 1, 16 ], "texture": "#texture" },
				"west": { "uv": [ 0, 15, 1, 16 ], "texture": "#texture" },
				"east": { "uv": [ 0, 15, 1, 16 ], "texture": "#texture" }
			}
		},
		{
			"__comment": "Box2",
			"from": [ 4.75, 12.75, 5.5 ],
			"to": [ 5.25, 13.25, 6 ],
			"rotation": { "origin": [ 4.5, 12.5, 10 ], "axis": "z", "angle": -45 },
			"faces": {
				"down": { "uv": [ 0, 15, 1, 16 ], "texture": "#texture", "rotation": 90 },
				"up": { "uv": [ 0, 15, 1, 16 ], "texture": "#texture", "rotation": 270 },
				"north": { "uv": [ 0, 15, 1, 16 ], "texture": "#texture" },
				"south": { "uv": [ 0, 15, 1, 16 ], "texture": "#texture" },
				"west": { "uv": [ 0, 15, 1, 16 ], "texture": "#texture" },
				"east": { "uv": [ 0, 15, 1, 16 ], "texture": "#texture" }
			}
		},
		{
			"__comment": "Box2",
			"from": [ 5.75, 12.75, 5.5 ],
			"to": [ 6.25, 13.25, 6 ],
			"rotation": { "origin": [ 4.5, 12.5, 10 ], "axis": "z", "angle": -45 },
			"faces": {
				"down": { "uv": [ 0, 15, 1, 16 ], "texture": "#texture", "rotation": 90 },
				"up": { "uv": [ 0, 15, 1, 16 ], "texture": "#texture", "rotation": 270 },
				"north": { "uv": [ 0, 15, 1, 16 ], "texture": "#texture" },
				"south": { "uv": [ 0, 15, 1, 16 ], "texture": "#texture" },
				"west": { "uv": [ 0, 15, 1, 16 ], "texture": "#texture" },
				"east": { "uv": [ 0, 15, 1, 16 ], "texture": "#texture" }
			}
		},
		{
			"__comment": "Box2",
			"from": [ 6.75, 12.75, 5.5 ],
			"to": [ 7.25, 13.25, 6 ],
			"rotation": { "origin": [ 4.5, 12.5, 10 ], "axis": "z", "angle": -45 },
			"faces": {
				"down": { "uv": [ 0, 15, 1, 16 ], "texture": "#texture", "rotation": 90 },
				"up": { "uv": [ 0, 15, 1, 16 ], "texture": "#texture", "rotation": 270 },
				"north": { "uv": [ 0, 15, 1, 16 ], "texture": "#texture" },
				"south": { "uv": [ 0, 15, 1, 16 ], "texture": "#texture" },
				"west": { "uv": [ 0, 15, 1, 16 ], "texture": "#texture" },
				"east": { "uv": [ 0, 15, 1, 16 ], "texture": "#texture" }
			}
		},
		{
			"__comment": "Box2",
			"from": [ 7.75, 14.75, 5.5 ],
			"to": [ 8.25, 15.25, 6 ],
			"rotation": { "origin": [ 4.5, 12.5, 10 ], "axis": "z", "angle": -45 },
			"faces": {
				"down": { "uv": [ 0, 15, 1, 16 ], "texture": "#texture", "rotation": 90 },
				"up": { "uv": [ 0, 15, 1, 16 ], "texture": "#texture", "rotation": 270 },
				"north": { "uv": [ 0, 15, 1, 16 ], "texture": "#texture" },
				"south": { "uv": [ 0, 15, 1, 16 ], "texture": "#texture" },
				"west": { "uv": [ 0, 15, 1, 16 ], "texture": "#texture" },
				"east": { "uv": [ 0, 15, 1, 16 ], "texture": "#texture" }
			}
		},
		{
			"__comment": "Box2",
			"from": [ 4.75, 14.75, 5.5 ],
			"to": [ 5.25, 15.25, 6 ],
			"rotation": { "origin": [ 4.5, 12.5, 10 ], "axis": "z", "angle": -45 },
			"faces": {
				"down": { "uv": [ 0, 15, 1, 16 ], "texture": "#texture", "rotation": 90 },
				"up": { "uv": [ 0, 15, 1, 16 ], "texture": "#texture", "rotation": 270 },
				"north": { "uv": [ 0, 15, 1, 16 ], "texture": "#texture" },
				"south": { "uv": [ 0, 15, 1, 16 ], "texture": "#texture" },
				"west": { "uv": [ 0, 15, 1, 16 ], "texture": "#texture" },
				"east": { "uv": [ 0, 15, 1, 16 ], "texture": "#texture" }
			}
		},
		{
			"__comment": "Box2",
			"from": [ 5.75, 14.75, 5.5 ],
			"to": [ 6.25, 15.25, 6 ],
			"rotation": { "origin": [ 4.5, 12.5, 10 ], "axis": "z", "angle": -45 },
			"faces": {
				"down": { "uv": [ 0, 15, 1, 16 ], "texture": "#texture", "rotation": 90 },
				"up": { "uv": [ 0, 15, 1, 16 ], "texture": "#texture", "rotation": 270 },
				"north": { "uv": [ 0, 15, 1, 16 ], "texture": "#texture" },
				"south": { "uv": [ 0, 15, 1, 16 ], "texture": "#texture" },
				"west": { "uv": [ 0, 15, 1, 16 ], "texture": "#texture" },
				"east": { "uv": [ 0, 15, 1, 16 ], "texture": "#texture" }
			}
		},
		{
			"__comment": "Box2",
			"from": [ 6.75, 14.75, 5.5 ],
			"to": [ 7.25, 15.25, 6 ],
			"rotation": { "origin": [ 4.5, 12.5, 10 ], "axis": "z", "angle": -45 },
			"faces": {
				"down": { "uv": [ 0, 15, 1, 16 ], "texture": "#texture", "rotation": 90 },
				"up": { "uv": [ 0, 15, 1, 16 ], "texture": "#texture", "rotation": 270 },
				"north": { "uv": [ 0, 15, 1, 16 ], "texture": "#texture" },
				"south": { "uv": [ 0, 15, 1, 16 ], "texture": "#texture" },
				"west": { "uv": [ 0, 15, 1, 16 ], "texture": "#texture" },
				"east": { "uv": [ 0, 15, 1, 16 ], "texture": "#texture" }
			}
		},
		{
			"__comment": "Box2",
			"from": [ 7.75, 13.75, 5.5 ],
			"to": [ 8.25, 14.25, 6 ],
			"rotation": { "origin": [ 4.5, 12.5, 10 ], "axis": "z", "angle": -45 },
			"faces": {
				"down": { "uv": [ 0, 15, 1, 16 ], "texture": "#texture", "rotation": 90 },
				"up": { "uv": [ 0, 15, 1, 16 ], "texture": "#texture", "rotation": 270 },
				"north": { "uv": [ 0, 15, 1, 16 ], "texture": "#texture" },
				"south": { "uv": [ 0, 15, 1, 16 ], "texture": "#texture" },
				"west": { "uv": [ 0, 15, 1, 16 ], "texture": "#texture" },
				"east": { "uv": [ 0, 15, 1, 16 ], "texture": "#texture" }
			}
		},
		{
			"__comment": "Box2",
			"from": [ 4.75, 13.75, 5.5 ],
			"to": [ 5.25, 14.25, 6 ],
			"rotation": { "origin": [ 4.5, 12.5, 10 ], "axis": "z", "angle": -45 },
			"faces": {
				"down": { "uv": [ 0, 15, 1, 16 ], "texture": "#texture", "rotation": 90 },
				"up": { "uv": [ 0, 15, 1, 16 ], "texture": "#texture", "rotation": 270 },
				"north": { "uv": [ 0, 15, 1, 16 ], "texture": "#texture" },
				"south": { "uv": [ 0, 15, 1, 16 ], "texture": "#texture" },
				"west": { "uv": [ 0, 15, 1, 16 ], "texture": "#texture" },
				"east": { "uv": [ 0, 15, 1, 16 ], "texture": "#texture" }
			}
		},
		{
			"__comment": "Box2",
			"from": [ 5.75, 13.75, 5.5 ],
			"to": [ 6.25, 14.25, 6 ],
			"rotation": { "origin": [ 4.5, 12.5, 10 ], "axis": "z", "angle": -45 },
			"faces": {
				"down": { "uv": [ 0, 15, 1, 16 ], "texture": "#texture", "rotation": 90 },
				"up": { "uv": [ 0, 15, 1, 16 ], "texture": "#texture", "rotation": 270 },
				"north": { "uv": [ 0, 15, 1, 16 ], "texture": "#texture" },
				"south": { "uv": [ 0, 15, 1, 16 ], "texture": "#texture" },
				"west": { "uv": [ 0, 15, 1, 16 ], "texture": "#texture" },
				"east": { "uv": [ 0, 15, 1, 16 ], "texture": "#texture" }
			}
		},
		{
			"__comment": "Box2",
			"from": [ 6.75, 13.75, 5.5 ],
			"to": [ 7.25, 14.25, 6 ],
			"rotation": { "origin": [ 4.5, 12.5, 10 ], "axis": "z", "angle": -45 },
			"faces": {
				"down": { "uv": [ 0, 15, 1, 16 ], "texture": "#texture", "rotation": 90 },
				"up": { "uv": [ 0, 15, 1, 16 ], "texture": "#texture", "rotation": 270 },
				"north": { "uv": [ 0, 15, 1, 16 ], "texture": "#texture" },
				"south": { "uv": [ 0, 15, 1, 16 ], "texture": "#texture" },
				"west": { "uv": [ 0, 15, 1, 16 ], "texture": "#texture" },
				"east": { "uv": [ 0, 15, 1, 16 ], "texture": "#texture" }
			}
		},
		{
			"__comment": "Box38",
			"from": [ 10.713, 11.8207, 7.75 ],
			"to": [ 12.213, 13.0707, 8.25 ],
			"rotation": { "origin": [ 4.5, 12.5, 10 ], "axis": "z", "angle": -22.5 },
			"faces": {
				"down": { "uv": [ 0, 12, 4, 16 ], "texture": "#texture", "rotation": 90 },
				"up": { "uv": [ 0, 12, 4, 16 ], "texture": "#texture", "rotation": 270 },
				"north": { "uv": [ 0, 12, 4, 16 ], "texture": "#texture" },
				"south": { "uv": [ 0, 12, 4, 16 ], "texture": "#texture" },
				"west": { "uv": [ 0, 12, 4, 16 ], "texture": "#texture" },
				"east": { "uv": [ 0, 12, 4, 16 ], "texture": "#texture" }
			}
		},
		{
			"__comment": "Box38",
			"from": [ 8.5, 13.5, 7.5 ],
			"to": [ 10.5, 15.5, 8.5 ],
			"rotation": { "origin": [ 4.5, 12.5, 10 ], "axis": "z", "angle": -45 },
			"faces": {
				"down": { "uv": [ 0, 12, 4, 16 ], "texture": "#texture", "rotation": 90 },
				"up": { "uv": [ 0, 12, 4, 16 ], "texture": "#texture", "rotation": 270 },
				"north": { "uv": [ 0, 12, 4, 16 ], "texture": "#texture" },
				"south": { "uv": [ 0, 12, 4, 16 ], "texture": "#texture" },
				"west": { "uv": [ 0, 12, 4, 16 ], "texture": "#texture" },
				"east": { "uv": [ 0, 12, 4, 16 ], "texture": "#texture" }
			}
		},
		{
			"__comment": "Box2",
			"from": [ 7.75, 12.75, 10 ],
			"to": [ 8.25, 13.25, 10.5 ],
			"rotation": { "origin": [ 4.5, 12.5, 10 ], "axis": "z", "angle": -45 },
			"faces": {
				"down": { "uv": [ 0, 15, 1, 16 ], "texture": "#texture", "rotation": 90 },
				"up": { "uv": [ 0, 15, 1, 16 ], "texture": "#texture", "rotation": 270 },
				"north": { "uv": [ 0, 15, 1, 16 ], "texture": "#texture" },
				"south": { "uv": [ 0, 15, 1, 16 ], "texture": "#texture" },
				"west": { "uv": [ 0, 15, 1, 16 ], "texture": "#texture" },
				"east": { "uv": [ 0, 15, 1, 16 ], "texture": "#texture" }
			}
		},
		{
			"__comment": "Box2",
			"from": [ 4.75, 12.75, 10 ],
			"to": [ 5.25, 13.25, 10.5 ],
			"rotation": { "origin": [ 4.5, 12.5, 10 ], "axis": "z", "angle": -45 },
			"faces": {
				"down": { "uv": [ 0, 15, 1, 16 ], "texture": "#texture", "rotation": 90 },
				"up": { "uv": [ 0, 15, 1, 16 ], "texture": "#texture", "rotation": 270 },
				"north": { "uv": [ 0, 15, 1, 16 ], "texture": "#texture" },
				"south": { "uv": [ 0, 15, 1, 16 ], "texture": "#texture" },
				"west": { "uv": [ 0, 15, 1, 16 ], "texture": "#texture" },
				"east": { "uv": [ 0, 15, 1, 16 ], "texture": "#texture" }
			}
		},
		{
			"__comment": "Box2",
			"from": [ 5.75, 12.75, 10 ],
			"to": [ 6.25, 13.25, 10.5 ],
			"rotation": { "origin": [ 4.5, 12.5, 10 ], "axis": "z", "angle": -45 },
			"faces": {
				"down": { "uv": [ 0, 15, 1, 16 ], "texture": "#texture", "rotation": 90 },
				"up": { "uv": [ 0, 15, 1, 16 ], "texture": "#texture", "rotation": 270 },
				"north": { "uv": [ 0, 15, 1, 16 ], "texture": "#texture" },
				"south": { "uv": [ 0, 15, 1, 16 ], "texture": "#texture" },
				"west": { "uv": [ 0, 15, 1, 16 ], "texture": "#texture" },
				"east": { "uv": [ 0, 15, 1, 16 ], "texture": "#texture" }
			}
		},
		{
			"__comment": "Box2",
			"from": [ 6.75, 12.75, 10 ],
			"to": [ 7.25, 13.25, 10.5 ],
			"rotation": { "origin": [ 4.5, 12.5, 10 ], "axis": "z", "angle": -45 },
			"faces": {
				"down": { "uv": [ 0, 15, 1, 16 ], "texture": "#texture", "rotation": 90 },
				"up": { "uv": [ 0, 15, 1, 16 ], "texture": "#texture", "rotation": 270 },
				"north": { "uv": [ 0, 15, 1, 16 ], "texture": "#texture" },
				"south": { "uv": [ 0, 15, 1, 16 ], "texture": "#texture" },
				"west": { "uv": [ 0, 15, 1, 16 ], "texture": "#texture" },
				"east": { "uv": [ 0, 15, 1, 16 ], "texture": "#texture" }
			}
		},
		{
			"__comment": "Box2",
			"from": [ 7.75, 12, 9.25 ],
			"to": [ 8.25, 12.5, 9.75 ],
			"rotation": { "origin": [ 4.5, 12.5, 10 ], "axis": "z", "angle": -45 },
			"faces": {
				"down": { "uv": [ 0, 15, 1, 16 ], "texture": "#texture", "rotation": 90 },
				"up": { "uv": [ 0, 15, 1, 16 ], "texture": "#texture", "rotation": 270 },
				"north": { "uv": [ 0, 15, 1, 16 ], "texture": "#texture" },
				"south": { "uv": [ 0, 15, 1, 16 ], "texture": "#texture" },
				"west": { "uv": [ 0, 15, 1, 16 ], "texture": "#texture" },
				"east": { "uv": [ 0, 15, 1, 16 ], "texture": "#texture" }
			}
		},
		{
			"__comment": "Box2",
			"from": [ 4.75, 12, 9.25 ],
			"to": [ 5.25, 12.5, 9.75 ],
			"rotation": { "origin": [ 4.5, 12.5, 10 ], "axis": "z", "angle": -45 },
			"faces": {
				"down": { "uv": [ 0, 15, 1, 16 ], "texture": "#texture", "rotation": 90 },
				"up": { "uv": [ 0, 15, 1, 16 ], "texture": "#texture", "rotation": 270 },
				"north": { "uv": [ 0, 15, 1, 16 ], "texture": "#texture" },
				"south": { "uv": [ 0, 15, 1, 16 ], "texture": "#texture" },
				"west": { "uv": [ 0, 15, 1, 16 ], "texture": "#texture" },
				"east": { "uv": [ 0, 15, 1, 16 ], "texture": "#texture" }
			}
		},
		{
			"__comment": "Box2",
			"from": [ 5.75, 12, 9.25 ],
			"to": [ 6.25, 12.5, 9.75 ],
			"rotation": { "origin": [ 4.5, 12.5, 10 ], "axis": "z", "angle": -45 },
			"faces": {
				"down": { "uv": [ 0, 15, 1, 16 ], "texture": "#texture", "rotation": 90 },
				"up": { "uv": [ 0, 15, 1, 16 ], "texture": "#texture", "rotation": 270 },
				"north": { "uv": [ 0, 15, 1, 16 ], "texture": "#texture" },
				"south": { "uv": [ 0, 15, 1, 16 ], "texture": "#texture" },
				"west": { "uv": [ 0, 15, 1, 16 ], "texture": "#texture" },
				"east": { "uv": [ 0, 15, 1, 16 ], "texture": "#texture" }
			}
		},
		{
			"__comment": "Box2",
			"from": [ 6.75, 12, 9.25 ],
			"to": [ 7.25, 12.5, 9.75 ],
			"rotation": { "origin": [ 4.5, 12.5, 10 ], "axis": "z", "angle": -45 },
			"faces": {
				"down": { "uv": [ 0, 15, 1, 16 ], "texture": "#texture", "rotation": 90 },
				"up": { "uv": [ 0, 15, 1, 16 ], "texture": "#texture", "rotation": 270 },
				"north": { "uv": [ 0, 15, 1, 16 ], "texture": "#texture" },
				"south": { "uv": [ 0, 15, 1, 16 ], "texture": "#texture" },
				"west": { "uv": [ 0, 15, 1, 16 ], "texture": "#texture" },
				"east": { "uv": [ 0, 15, 1, 16 ], "texture": "#texture" }
			}
		},
		{
			"__comment": "Box2",
			"from": [ 7.75, 12, 8.25 ],
			"to": [ 8.25, 12.5, 8.75 ],
			"rotation": { "origin": [ 4.5, 12.5, 10 ], "axis": "z", "angle": -45 },
			"faces": {
				"down": { "uv": [ 0, 15, 1, 16 ], "texture": "#texture", "rotation": 90 },
				"up": { "uv": [ 0, 15, 1, 16 ], "texture": "#texture", "rotation": 270 },
				"north": { "uv": [ 0, 15, 1, 16 ], "texture": "#texture" },
				"south": { "uv": [ 0, 15, 1, 16 ], "texture": "#texture" },
				"west": { "uv": [ 0, 15, 1, 16 ], "texture": "#texture" },
				"east": { "uv": [ 0, 15, 1, 16 ], "texture": "#texture" }
			}
		},
		{
			"__comment": "Box2",
			"from": [ 4.75, 12, 8.25 ],
			"to": [ 5.25, 12.5, 8.75 ],
			"rotation": { "origin": [ 4.5, 12.5, 10 ], "axis": "z", "angle": -45 },
			"faces": {
				"down": { "uv": [ 0, 15, 1, 16 ], "texture": "#texture", "rotation": 90 },
				"up": { "uv": [ 0, 15, 1, 16 ], "texture": "#texture", "rotation": 270 },
				"north": { "uv": [ 0, 15, 1, 16 ], "texture": "#texture" },
				"south": { "uv": [ 0, 15, 1, 16 ], "texture": "#texture" },
				"west": { "uv": [ 0, 15, 1, 16 ], "texture": "#texture" },
				"east": { "uv": [ 0, 15, 1, 16 ], "texture": "#texture" }
			}
		},
		{
			"__comment": "Box2",
			"from": [ 5.75, 12, 8.25 ],
			"to": [ 6.25, 12.5, 8.75 ],
			"rotation": { "origin": [ 4.5, 12.5, 10 ], "axis": "z", "angle": -45 },
			"faces": {
				"down": { "uv": [ 0, 15, 1, 16 ], "texture": "#texture", "rotation": 90 },
				"up": { "uv": [ 0, 15, 1, 16 ], "texture": "#texture", "rotation": 270 },
				"north": { "uv": [ 0, 15, 1, 16 ], "texture": "#texture" },
				"south": { "uv": [ 0, 15, 1, 16 ], "texture": "#texture" },
				"west": { "uv": [ 0, 15, 1, 16 ], "texture": "#texture" },
				"east": { "uv": [ 0, 15, 1, 16 ], "texture": "#texture" }
			}
		},
		{
			"__comment": "Box2",
			"from": [ 6.75, 12, 8.25 ],
			"to": [ 7.25, 12.5, 8.75 ],
			"rotation": { "origin": [ 4.5, 12.5, 10 ], "axis": "z", "angle": -45 },
			"faces": {
				"down": { "uv": [ 0, 15, 1, 16 ], "texture": "#texture", "rotation": 90 },
				"up": { "uv": [ 0, 15, 1, 16 ], "texture": "#texture", "rotation": 270 },
				"north": { "uv": [ 0, 15, 1, 16 ], "texture": "#texture" },
				"south": { "uv": [ 0, 15, 1, 16 ], "texture": "#texture" },
				"west": { "uv": [ 0, 15, 1, 16 ], "texture": "#texture" },
				"east": { "uv": [ 0, 15, 1, 16 ], "texture": "#texture" }
			}
		},
		{
			"__comment": "Box2",
			"from": [ 7.75, 12, 7.25 ],
			"to": [ 8.25, 12.5, 7.75 ],
			"rotation": { "origin": [ 4.5, 12.5, 10 ], "axis": "z", "angle": -45 },
			"faces": {
				"down": { "uv": [ 0, 15, 1, 16 ], "texture": "#texture", "rotation": 90 },
				"up": { "uv": [ 0, 15, 1, 16 ], "texture": "#texture", "rotation": 270 },
				"north": { "uv": [ 0, 15, 1, 16 ], "texture": "#texture" },
				"south": { "uv": [ 0, 15, 1, 16 ], "texture": "#texture" },
				"west": { "uv": [ 0, 15, 1, 16 ], "texture": "#texture" },
				"east": { "uv": [ 0, 15, 1, 16 ], "texture": "#texture" }
			}
		},
		{
			"__comment": "Box2",
			"from": [ 4.75, 12, 7.25 ],
			"to": [ 5.25, 12.5, 7.75 ],
			"rotation": { "origin": [ 4.5, 12.5, 10 ], "axis": "z", "angle": -45 },
			"faces": {
				"down": { "uv": [ 0, 15, 1, 16 ], "texture": "#texture", "rotation": 90 },
				"up": { "uv": [ 0, 15, 1, 16 ], "texture": "#texture", "rotation": 270 },
				"north": { "uv": [ 0, 15, 1, 16 ], "texture": "#texture" },
				"south": { "uv": [ 0, 15, 1, 16 ], "texture": "#texture" },
				"west": { "uv": [ 0, 15, 1, 16 ], "texture": "#texture" },
				"east": { "uv": [ 0, 15, 1, 16 ], "texture": "#texture" }
			}
		},
		{
			"__comment": "Box2",
			"from": [ 5.75, 12, 7.25 ],
			"to": [ 6.25, 12.5, 7.75 ],
			"rotation": { "origin": [ 4.5, 12.5, 10 ], "axis": "z", "angle": -45 },
			"faces": {
				"down": { "uv": [ 0, 15, 1, 16 ], "texture": "#texture", "rotation": 90 },
				"up": { "uv": [ 0, 15, 1, 16 ], "texture": "#texture", "rotation": 270 },
				"north": { "uv": [ 0, 15, 1, 16 ], "texture": "#texture" },
				"south": { "uv": [ 0, 15, 1, 16 ], "texture": "#texture" },
				"west": { "uv": [ 0, 15, 1, 16 ], "texture": "#texture" },
				"east": { "uv": [ 0, 15, 1, 16 ], "texture": "#texture" }
			}
		},
		{
			"__comment": "Box2",
			"from": [ 6.75, 12, 7.25 ],
			"to": [ 7.25, 12.5, 7.75 ],
			"rotation": { "origin": [ 4.5, 12.5, 10 ], "axis": "z", "angle": -45 },
			"faces": {
				"down": { "uv": [ 0, 15, 1, 16 ], "texture": "#texture", "rotation": 90 },
				"up": { "uv": [ 0, 15, 1, 16 ], "texture": "#texture", "rotation": 270 },
				"north": { "uv": [ 0, 15, 1, 16 ], "texture": "#texture" },
				"south": { "uv": [ 0, 15, 1, 16 ], "texture": "#texture" },
				"west": { "uv": [ 0, 15, 1, 16 ], "texture": "#texture" },
				"east": { "uv": [ 0, 15, 1, 16 ], "texture": "#texture" }
			}
		},
		{
			"__comment": "Box38",
			"from": [ 11.3751, 9.932199, 7.75 ],
			"to": [ 12.6251, 11.4322, 8.25 ],
			"rotation": { "origin": [ 15.75, 5.25, 10 ], "axis": "z", "angle": 22.5 },
			"faces": {
				"down": { "uv": [ 4, 16, 0, 12 ], "texture": "#texture", "rotation": 90 },
				"up": { "uv": [ 0, 12, 4, 16 ], "texture": "#texture", "rotation": 270 },
				"north": { "uv": [ 0, 12, 4, 16 ], "texture": "#texture", "rotation": 90 },
				"south": { "uv": [ 0, 12, 4, 16 ], "texture": "#texture", "rotation": 270 },
				"west": { "uv": [ 0, 12, 4, 16 ], "texture": "#texture", "rotation": 180 },
				"east": { "uv": [ 4, 16, 0, 12 ], "texture": "#texture", "rotation": 180 }
			}
		}
	],
	"display": {
		"thirdperson_righthand": {
			"rotation":  [ 75, 45, 0 ],
			"translation":  [ 0, 2.5, 0 ],
			"scale":  [ 0.375, 0.375, 0.375 ]
		},
		"thirdperson_lefthand": {
			"rotation":  [ 75, 45, 0 ],
			"translation":  [ 0, 2.5, 0 ],
			"scale":  [ 0.375, 0.375, 0.375 ]
		},
		"firstperson_righthand": {
			"rotation":  [ 0, 45, 0 ],
			"scale":  [ 0.4, 0.4, 0.4 ]
		},
		"firstperson_lefthand": {
			"rotation":  [ 0, 45, 0 ],
			"scale":  [ 0.4, 0.4, 0.4 ]
		},
		"gui": {
			"rotation":  [ 30, 135, 0 ],
			"scale":  [ 0.625, 0.625, 0.625 ]
		},
		"ground": {
			"translation":  [ 0, 2, 0 ],
			"scale":  [ 0.5, 0.5, 0.5 ]
		},
		"fixed": {
			"scale":  [ 0.5, 0.5, 0.5 ]
		}
	}
}