{
	"__comment": "Designed by Blue_Beaker with Cubik Studio - https://cubik.studio",
	"textures": {
		"particle": "3dres/pumpkin_pie",
		"texture": "3dres/pumpkin_pie"
	},
	"elements": [ 	 
		{
			"__comment": "Box1",
			"from": [ 2, 0, 2 ],
			"to": [ 14, 5, 14 ],
			"faces": {
				"down": { "uv": [ 0, 7, 7, 0 ], "texture": "#texture" },
				"up": { "uv": [ 0, 0, 7, 7 ], "texture": "#texture" },
				"north": { "uv": [ 0, 7, 7, 9.5 ], "texture": "#texture" },
				"south": { "uv": [ 0, 7, 7, 9.5 ], "texture": "#texture" },
				"west": { "uv": [ 0, 7, 7, 9.5 ], "texture": "#texture" },
				"east": { "uv": [ 0, 7, 7, 9.5 ], "texture": "#texture" }
			}
		}
	],
	"display": {
		"thirdperson_righthand": {
			"rotation":  [ 75, 45, 0 ],
			"translation":  [ 0, 2.5, 3 ],
			"scale":  [ 0.375, 0.375, 0.375 ]
		},
		"thirdperson_lefthand": {
			"rotation":  [ 75, 45, 0 ],
			"translation":  [ 0, 2.5, 3 ],
			"scale":  [ 0.375, 0.375, 0.375 ]
		},
		"firstperson_righthand": {
			"rotation":  [ 0, 45, 0 ],
			"translation":  [ 0, 1, 0 ],
			"scale":  [ 0.4, 0.4, 0.4 ]
		},
		"firstperson_lefthand": {
			"rotation":  [ 0, 45, 0 ],
			"translation":  [ 0, 1, 0 ],
			"scale":  [ 0.4, 0.4, 0.4 ]
		},
		"gui": {
			"rotation":  [ 30, 225, 0 ],
			"translation":  [ 0, 3.5, 0 ],
			"scale":  [ 0.8, 0.8, 0.8 ]
		},
		"head": {
			"translation":  [ 0, 14.5, 0 ]
		},
		"ground": {
			"translation":  [ 0, 2, 0 ],
			"scale":  [ 0.5, 0.5, 0.5 ]
		},
		"fixed": {
			"rotation":  [ -90, 0, 0 ],
			"translation":  [ 0, 0, -3 ],
			"scale":  [ 0.7, 0.7, 0.7 ]
		}
	}
}