{
	"credit": "Made by Blue_Beaker with Blockbench",
	"parent": "block/rail_flat",
	"textures": {
		"rail": "3dres/rails",
		"particle": "3dres/rail_particle"
	},
	"elements": [
		{
			"name": "Wood",
			"from": [1, 0, 13],
			"to": [15, 0.5, 15],
			"faces": {
				"north": {"uv": [0.5, 2, 15.5, 3], "texture": "#rail"},
				"east": {"uv": [0.5, 0, 1, 2], "texture": "#rail"},
				"south": {"uv": [0.5, 2, 15.5, 3], "texture": "#rail"},
				"west": {"uv": [0.5, 0, 1, 2], "texture": "#rail"},
				"up": {"uv": [0.5, 0, 15.5, 2], "texture": "#rail"},
				"down": {"uv": [0.5, 0, 15.5, 2], "texture": "#rail"}
			}
		},
		{
			"name": "Wood1",
			"from": [1, 0, 1],
			"to": [15, 0.5, 3],
			"faces": {
				"north": {"uv": [0.5, 2, 15.5, 3], "texture": "#rail"},
				"east": {"uv": [0.5, 0, 1, 2], "texture": "#rail"},
				"south": {"uv": [0.5, 2, 15.5, 3], "texture": "#rail"},
				"west": {"uv": [0.5, 0, 1, 2], "texture": "#rail"},
				"up": {"uv": [0.5, 0, 15.5, 2], "texture": "#rail"},
				"down": {"uv": [0.5, 0, 15.5, 2], "texture": "#rail"}
			}
		},
		{
			"name": "Wood2",
			"from": [1, 0, 5],
			"to": [15, 0.5, 7],
			"faces": {
				"north": {"uv": [0.5, 2, 15.5, 3], "texture": "#rail"},
				"east": {"uv": [0.5, 0, 1, 2], "texture": "#rail"},
				"south": {"uv": [0.5, 2, 15.5, 3], "texture": "#rail"},
				"west": {"uv": [0.5, 0, 1, 2], "texture": "#rail"},
				"up": {"uv": [0.5, 0, 15.5, 2], "texture": "#rail"},
				"down": {"uv": [0.5, 0, 15.5, 2], "texture": "#rail"}
			}
		},
		{
			"name": "Wood3",
			"from": [1, 0, 9],
			"to": [15, 0.5, 11],
			"faces": {
				"north": {"uv": [0.5, 2, 15.5, 3], "texture": "#rail"},
				"east": {"uv": [0.5, 0, 1, 2], "texture": "#rail"},
				"south": {"uv": [0.5, 2, 15.5, 3], "texture": "#rail"},
				"west": {"uv": [0.5, 0, 1, 2], "texture": "#rail"},
				"up": {"uv": [0.5, 0, 15.5, 2], "texture": "#rail"},
				"down": {"uv": [0.5, 0, 15.5, 2], "texture": "#rail"}
			}
		},
		{
			"name": "Box5",
			"from": [13, 0.5, 0],
			"to": [14, 1.5, 16],
			"faces": {
				"north": {"uv": [0, 3, 16, 5], "rotation": 270, "texture": "#rail"},
				"east": {"uv": [0, 3, 16, 5], "rotation": 180, "texture": "#rail"},
				"south": {"uv": [0, 3, 16, 5], "rotation": 270, "texture": "#rail"},
				"west": {"uv": [0, 3, 16, 5], "rotation": 180, "texture": "#rail"},
				"up": {"uv": [0, 3, 16, 5], "rotation": 270, "texture": "#rail"},
				"down": {"uv": [0, 3, 16, 5], "rotation": 270, "texture": "#rail"}
			}
		},
		{
			"name": "Box5",
			"from": [2, 0.5, 0],
			"to": [3, 1.5, 16],
			"faces": {
				"north": {"uv": [0, 3, 16, 5], "rotation": 270, "texture": "#rail"},
				"east": {"uv": [0, 3, 16, 5], "rotation": 180, "texture": "#rail"},
				"south": {"uv": [0, 3, 16, 5], "rotation": 270, "texture": "#rail"},
				"west": {"uv": [0, 3, 16, 5], "rotation": 180, "texture": "#rail"},
				"up": {"uv": [0, 3, 16, 5], "rotation": 270, "texture": "#rail"},
				"down": {"uv": [0, 3, 16, 5], "rotation": 270, "texture": "#rail"}
			}
		}
	],
	"gui_light": "front",
	"display": {
		"thirdperson_righthand": {
			"rotation": [90, 0, 90],
			"translation": [-3, 3, 1],
			"scale": [0.55, 0.55, 0.55]
		},
		"thirdperson_lefthand": {
			"rotation": [90, 0, 90],
			"translation": [-3, 3, 1],
			"scale": [0.55, 0.55, 0.55]
		},
		"firstperson_righthand": {
			"rotation": [25, 0, 0],
			"translation": [1.13, 3.2, 1.13],
			"scale": [0.68, 0.68, 0.68]
		},
		"firstperson_lefthand": {
			"rotation": [25, 0, 0],
			"translation": [1.13, 3.2, 1.13],
			"scale": [0.68, 0.68, 0.68]
		},
		"ground": {
			"translation": [0, 2, 0],
			"scale": [0.5, 0.5, 0.5]
		},
		"gui": {
			"rotation": [90, -180, 0],
			"translation": [0, 0, -8.5]
		},
		"head": {
			"rotation": [-90, -180, 0],
			"translation": [0, 14, 0]
		},
		"fixed": {
			"rotation": [-90, -180, 0],
			"translation": [0, 0, -8.5]
		}
	}
}