{
	"__comment": "Designed by Blue_Beaker with Cubik Studio - https://cubik.studio",
	"textures": {
		"texture": "3dres/scute"
	},
	"elements": [ 	 
		{
			"__comment": "Box1",
			"from": [ 3, 4, 3 ],
			"to": [ 13, 7, 13 ],
			"faces": {
				"down": { "uv": [ 0, 0, 10, 10 ], "texture": "#texture" },
				"up": { "uv": [ 0, 0, 10, 10 ], "texture": "#texture" },
				"north": { "uv": [ 10, 0, 13, 10 ], "texture": "#texture", "rotation": 90 },
				"south": { "uv": [ 10, 0, 13, 10 ], "texture": "#texture", "rotation": 90 },
				"west": { "uv": [ 10, 0, 13, 10 ], "texture": "#texture", "rotation": 90 },
				"east": { "uv": [ 10, 0, 13, 10 ], "texture": "#texture", "rotation": 90 }
			}
		}
	],
	"display": {
		"thirdperson_righthand": {
			"rotation":  [ 75, 45, 0 ],
			"translation":  [ 0, 2.5, 0 ],
			"scale":  [ 0.375, 0.375, 0.375 ]
		},
		"thirdperson_lefthand": {
			"rotation":  [ 75, 45, 0 ],
			"translation":  [ 0, 2.5, 0 ],
			"scale":  [ 0.375, 0.375, 0.375 ]
		},
		"firstperson_righthand": {
			"rotation":  [ 0, 45, 0 ],
			"scale":  [ 0.4, 0.4, 0.4 ]
		},
		"firstperson_lefthand": {
			"rotation":  [ 0, 45, 0 ],
			"scale":  [ 0.4, 0.4, 0.4 ]
		},
		"gui": {
			"rotation":  [ 30, 225, 0 ],
			"scale":  [ 0.625, 0.625, 0.625 ]
		},
		"ground": {
			"translation":  [ 0, 3, 0 ],
			"scale":  [ 0.25, 0.25, 0.25 ]
		},
		"fixed": {
			"scale":  [ 0.5, 0.5, 0.5 ]
		}
	}
}