{
	"__comment": "Designed by Blue_Beaker with Cubik Studio - https://cubik.studio",
	"textures": {
		"texture": "entity/shulker/shulker"
	},
	"elements": [ 	 
		{
			"__comment": "Box1",
			"from": [ 0, 15, 0 ],
			"to": [ 16, 16, 16 ],
			"faces": {
				"down": { "uv": [ 4, 0, 8, 4 ], "texture": "#texture" },
				"up": { "uv": [ 4, 0, 8, 4 ], "texture": "#texture" }
			}
		},
		{
			"__comment": "Box2",
			"from": [ 0, 4, 0 ],
			"to": [ 5, 16, 1 ],
			"faces": {
				"down": { "uv": [ 11, 0, 12, 0.25 ], "texture": "#texture" },
				"north": { "uv": [ 3, 4, 4, 7 ], "texture": "#texture" },
				"south": { "uv": [ 0, 4, 1, 7 ], "texture": "#texture" },
				"east": { "uv": [ 0, 4, 0.25, 7 ], "texture": "#texture" }
			}
		},
		{
			"__comment": "Box2",
			"from": [ 11, 4, 0 ],
			"to": [ 16, 16, 1 ],
			"faces": {
				"down": { "uv": [ 8, 0, 8.999999, 0.25 ], "texture": "#texture" },
				"north": { "uv": [ 0, 4, 1, 7 ], "texture": "#texture" },
				"south": { "uv": [ 3, 4, 4, 7 ], "texture": "#texture" },
				"west": { "uv": [ 0, 4, 0.25, 7 ], "texture": "#texture" }
			}
		},
		{
			"__comment": "Box2",
			"from": [ 5, 8, 0 ],
			"to": [ 11, 16, 1 ],
			"faces": {
				"down": { "uv": [ 5, 7, 7, 7.25 ], "texture": "#texture" },
				"north": { "uv": [ 1, 4, 3, 6 ], "texture": "#texture" },
				"south": { "uv": [ 1, 4, 3, 6 ], "texture": "#texture" }
			}
		},
		{
			"__comment": "Box2",
			"from": [ 14.9999, 8, 5 ],
			"to": [ 15.9999, 16, 11 ],
			"faces": {
				"down": { "uv": [ 5, 7, 7, 7.25 ], "texture": "#texture", "rotation": 270 },
				"west": { "uv": [ 1, 4, 3, 6 ], "texture": "#texture" },
				"east": { "uv": [ 1, 4, 3, 6 ], "texture": "#texture" }
			}
		},
		{
			"__comment": "Box2",
			"from": [ 15, 4, 11 ],
			"to": [ 16, 16, 16 ],
			"faces": {
				"down": { "uv": [ 8, 0, 8.999999, 0.25 ], "texture": "#texture", "rotation": 270 },
				"north": { "uv": [ 0, 4, 0.25, 7 ], "texture": "#texture" },
				"west": { "uv": [ 3, 4, 4, 7 ], "texture": "#texture" },
				"east": { "uv": [ 0, 4, 1, 7 ], "texture": "#texture" }
			}
		},
		{
			"__comment": "Box2",
			"from": [ 14.9999, 4, 0 ],
			"to": [ 15.9999, 16, 5 ],
			"faces": {
				"down": { "uv": [ 11, 0, 12, 0.25 ], "texture": "#texture", "rotation": 270 },
				"south": { "uv": [ 0, 4, 0.25, 7 ], "texture": "#texture" },
				"west": { "uv": [ 0, 4, 1, 7 ], "texture": "#texture" },
				"east": { "uv": [ 3, 4, 4, 7 ], "texture": "#texture" }
			}
		},
		{
			"__comment": "Box2",
			"from": [ -0.0001, 8, 5 ],
			"to": [ 0.9999, 16, 11 ],
			"faces": {
				"down": { "uv": [ 5, 7, 7, 7.25 ], "texture": "#texture", "rotation": 270 },
				"west": { "uv": [ 1, 4, 3, 6 ], "texture": "#texture" },
				"east": { "uv": [ 1, 4, 3, 6 ], "texture": "#texture" }
			}
		},
		{
			"__comment": "Box2",
			"from": [ 0, 4, 11 ],
			"to": [ 1, 16, 16 ],
			"faces": {
				"down": { "uv": [ 8, 0, 8.999999, 0.25 ], "texture": "#texture", "rotation": 270 },
				"north": { "uv": [ 0, 4, 0.25, 7 ], "texture": "#texture" },
				"west": { "uv": [ 3, 4, 4, 7 ], "texture": "#texture" },
				"east": { "uv": [ 0, 4, 1, 7 ], "texture": "#texture" }
			}
		},
		{
			"__comment": "Box2",
			"from": [ -0.0001, 4, 0 ],
			"to": [ 0.9999, 16, 5 ],
			"faces": {
				"down": { "uv": [ 11, 0, 12, 0.25 ], "texture": "#texture", "rotation": 270 },
				"south": { "uv": [ 0, 4, 0.25, 7 ], "texture": "#texture" },
				"west": { "uv": [ 0, 4, 1, 7 ], "texture": "#texture" },
				"east": { "uv": [ 3, 4, 4, 7 ], "texture": "#texture" }
			}
		},
		{
			"__comment": "Box2",
			"from": [ 0, 4, 15 ],
			"to": [ 5, 16, 16 ],
			"faces": {
				"down": { "uv": [ 11, 0, 12, 0.25 ], "texture": "#texture" },
				"north": { "uv": [ 3, 4, 4, 7 ], "texture": "#texture" },
				"south": { "uv": [ 0, 4, 1, 7 ], "texture": "#texture" },
				"east": { "uv": [ 0, 4, 0.25, 7 ], "texture": "#texture" }
			}
		},
		{
			"__comment": "Box2",
			"from": [ 11, 4, 15 ],
			"to": [ 16, 16, 16 ],
			"faces": {
				"down": { "uv": [ 8, 0, 8.999999, 0.25 ], "texture": "#texture" },
				"north": { "uv": [ 0, 4, 1, 7 ], "texture": "#texture" },
				"south": { "uv": [ 3, 4, 4, 7 ], "texture": "#texture" },
				"west": { "uv": [ 0, 4, 0.25, 7 ], "texture": "#texture" }
			}
		},
		{
			"__comment": "Box2",
			"from": [ 5, 8, 15 ],
			"to": [ 11, 16, 16 ],
			"faces": {
				"down": { "uv": [ 5, 7, 7, 7.25 ], "texture": "#texture" },
				"north": { "uv": [ 1, 4, 3, 6 ], "texture": "#texture" },
				"south": { "uv": [ 1, 4, 3, 6 ], "texture": "#texture" }
			}
		}
	],
	"display": {
		"thirdperson_righthand": {
			"rotation":  [ 75, 45, 0 ],
			"translation":  [ 0, 2.5, 0 ],
			"scale":  [ 0.375, 0.375, 0.375 ]
		},
		"thirdperson_lefthand": {
			"rotation":  [ 75, 45, 0 ],
			"translation":  [ 0, 2.5, 0 ],
			"scale":  [ 0.375, 0.375, 0.375 ]
		},
		"firstperson_righthand": {
			"rotation":  [ 0, 45, 0 ],
			"scale":  [ 0.4, 0.4, 0.4 ]
		},
		"firstperson_lefthand": {
			"rotation":  [ 0, 45, 0 ],
			"scale":  [ 0.4, 0.4, 0.4 ]
		},
		"gui": {
			"rotation":  [ 30, 225, 0 ],
			"scale":  [ 0.625, 0.625, 0.625 ]
		},
		"ground": {
			"translation":  [ 0, 3, 0 ],
			"scale":  [ 0.25, 0.25, 0.25 ]
		},
		"fixed": {
			"scale":  [ 0.5, 0.5, 0.5 ]
		}
	}
}