{
	"credit": "Made with Blockbench",
	"textures": {
		"2": "3dres/reeds_top",
		"particle": "block/sugar_cane"
	},
	"elements": [
		{
			"name": "Box1",
			"from": [7, 0, 7],
			"to": [9, 16, 9],
			"faces": {
				"north": {"uv": [1, 0, 3, 16], "texture": "#particle"},
				"east": {"uv": [1, 0, 3, 16], "texture": "#particle"},
				"south": {"uv": [1, 0, 3, 16], "texture": "#particle"},
				"west": {"uv": [1, 0, 3, 16], "texture": "#particle"},
				"up": {"uv": [1, 1, 3, 3], "texture": "#2", "tintindex": 0},
				"down": {"uv": [1, 1, 3, 3], "texture": "#2", "tintindex": 0}
			}
		}
	],
	"display": {
		"thirdperson_righthand": {
			"translation": [0, 3, 1],
			"scale": [0.55, 0.55, 0.55]
		},
		"thirdperson_lefthand": {
			"translation": [0, 3, 1],
			"scale": [0.55, 0.55, 0.55]
		},
		"firstperson_righthand": {
			"rotation": [0, -90, 25],
			"translation": [1.13, 3.2, 1.13],
			"scale": [0.68, 0.68, 0.68]
		},
		"firstperson_lefthand": {
			"rotation": [0, -90, 25],
			"translation": [1.13, 3.2, 1.13],
			"scale": [0.68, 0.68, 0.68]
		},
		"ground": {
			"translation": [0, 2, 0],
			"scale": [0.5, 0.5, 0.5]
		},
		"head": {
			"rotation": [0, 180, 0],
			"translation": [0, 13, 7]
		},
		"fixed": {
			"rotation": [0, 180, 0]
		}
	}
}