{
	"credit": "Made with Blockbench",
	"textures": {
		"2": "3dres/reeds_top",
		"3": "3dres/reeds_item",
		"particle": "3dres/sugar_cane",
		"sugar_cane": "3dres/sugar_cane"
	},
	"elements": [
		{
			"name": "Box1",
			"from": [7, 0, 7],
			"to": [9, 14, 9],
			"rotation": {"angle": -45, "axis": "z", "origin": [8, 8, 8]},
			"faces": {
				"north": {"uv": [1, 0, 3, 16], "texture": "#sugar_cane"},
				"east": {"uv": [1, 0, 3, 16], "texture": "#sugar_cane"},
				"south": {"uv": [1, 0, 3, 16], "texture": "#sugar_cane"},
				"west": {"uv": [1, 0, 3, 16], "texture": "#sugar_cane"},
				"up": {"uv": [1, 1, 3, 3], "rotation": 270, "texture": "#2", "tintindex": 0},
				"down": {"uv": [1, 1, 3, 3], "rotation": 90, "texture": "#2", "tintindex": 0}
			}
		},
		{
			"name": "Box1",
			"from": [5, 1, 7],
			"to": [7, 15, 9],
			"rotation": {"angle": -45, "axis": "z", "origin": [8, 8, 8]},
			"faces": {
				"north": {"uv": [1, 0, 3, 16], "texture": "#sugar_cane"},
				"east": {"uv": [1, 0, 3, 16], "texture": "#sugar_cane"},
				"south": {"uv": [1, 0, 3, 16], "texture": "#sugar_cane"},
				"west": {"uv": [1, 0, 3, 16], "texture": "#sugar_cane"},
				"up": {"uv": [1, 1, 3, 3], "rotation": 270, "texture": "#2", "tintindex": 0},
				"down": {"uv": [1, 1, 3, 3], "rotation": 90, "texture": "#2", "tintindex": 0}
			}
		},
		{
			"name": "Box1",
			"from": [9, 1, 7],
			"to": [11, 15, 9],
			"rotation": {"angle": -45, "axis": "z", "origin": [8, 8, 8]},
			"faces": {
				"north": {"uv": [1, 0, 3, 16], "texture": "#sugar_cane"},
				"east": {"uv": [1, 0, 3, 16], "texture": "#sugar_cane"},
				"south": {"uv": [1, 0, 3, 16], "texture": "#sugar_cane"},
				"west": {"uv": [1, 0, 3, 16], "texture": "#sugar_cane"},
				"up": {"uv": [1, 1, 3, 3], "rotation": 270, "texture": "#2", "tintindex": 0},
				"down": {"uv": [1, 1, 3, 3], "rotation": 90, "texture": "#2", "tintindex": 0}
			}
		},
		{
			"name": "Box1",
			"from": [8, 1, 5],
			"to": [10, 15, 7],
			"rotation": {"angle": -45, "axis": "z", "origin": [8, 8, 8]},
			"faces": {
				"north": {"uv": [1, 0, 3, 16], "texture": "#sugar_cane"},
				"east": {"uv": [1, 0, 3, 16], "texture": "#sugar_cane"},
				"south": {"uv": [1, 0, 3, 16], "texture": "#sugar_cane"},
				"west": {"uv": [1, 0, 3, 16], "texture": "#sugar_cane"},
				"up": {"uv": [1, 1, 3, 3], "rotation": 270, "texture": "#2", "tintindex": 0},
				"down": {"uv": [1, 1, 3, 3], "rotation": 90, "texture": "#2", "tintindex": 0}
			}
		},
		{
			"name": "Box1",
			"from": [6, 2, 5],
			"to": [8, 16, 7],
			"rotation": {"angle": -45, "axis": "z", "origin": [8, 8, 8]},
			"faces": {
				"north": {"uv": [1, 0, 3, 16], "texture": "#sugar_cane"},
				"east": {"uv": [1, 0, 3, 16], "texture": "#sugar_cane"},
				"south": {"uv": [1, 0, 3, 16], "texture": "#sugar_cane"},
				"west": {"uv": [1, 0, 3, 16], "texture": "#sugar_cane"},
				"up": {"uv": [1, 1, 3, 3], "rotation": 270, "texture": "#2", "tintindex": 0},
				"down": {"uv": [1, 1, 3, 3], "rotation": 90, "texture": "#2", "tintindex": 0}
			}
		},
		{
			"name": "Box1",
			"from": [8, 0, 9],
			"to": [10, 14, 11],
			"rotation": {"angle": -45, "axis": "z", "origin": [8, 8, 8]},
			"faces": {
				"north": {"uv": [1, 0, 3, 16], "texture": "#sugar_cane"},
				"east": {"uv": [1, 0, 3, 16], "texture": "#sugar_cane"},
				"south": {"uv": [1, 0, 3, 16], "texture": "#sugar_cane"},
				"west": {"uv": [1, 0, 3, 16], "texture": "#sugar_cane"},
				"up": {"uv": [1, 1, 3, 3], "rotation": 270, "texture": "#2", "tintindex": 0},
				"down": {"uv": [1, 1, 3, 3], "rotation": 90, "texture": "#2", "tintindex": 0}
			}
		},
		{
			"name": "Box1",
			"from": [6, 1, 9],
			"to": [8, 15, 11],
			"rotation": {"angle": -45, "axis": "z", "origin": [8, 8, 8]},
			"faces": {
				"north": {"uv": [1, 0, 3, 16], "texture": "#sugar_cane"},
				"east": {"uv": [1, 0, 3, 16], "texture": "#sugar_cane"},
				"south": {"uv": [1, 0, 3, 16], "texture": "#sugar_cane"},
				"west": {"uv": [1, 0, 3, 16], "texture": "#sugar_cane"},
				"up": {"uv": [1, 1, 3, 3], "rotation": 270, "texture": "#2", "tintindex": 0},
				"down": {"uv": [1, 1, 3, 3], "rotation": 90, "texture": "#2", "tintindex": 0}
			}
		},
		{
			"from": [4.5, 6, 4.5],
			"to": [11.5, 10, 11.5],
			"rotation": {"angle": -45, "axis": "z", "origin": [8, 8, 8]},
			"faces": {
				"north": {"uv": [4, 0, 12, 4], "texture": "#3"},
				"east": {"uv": [4, 0, 12, 4], "texture": "#3"},
				"south": {"uv": [4, 0, 12, 4], "texture": "#3"},
				"west": {"uv": [4, 0, 12, 4], "texture": "#3"},
				"up": {"uv": [12, 0, 16, 4], "rotation": 270, "texture": "#3"},
				"down": {"uv": [12, 0, 16, 4], "rotation": 90, "texture": "#3"}
			}
		}
	],
	"gui_light": "front",
	"display": {
		"thirdperson_righthand": {
			"translation": [0, 3, 1],
			"scale": [0.55, 0.55, 0.55]
		},
		"thirdperson_lefthand": {
			"translation": [0, 3, 1],
			"scale": [0.55, 0.55, 0.55]
		},
		"firstperson_righthand": {
			"rotation": [0, -90, 25],
			"translation": [1.13, 3.2, 1.13],
			"scale": [0.68, 0.68, 0.68]
		},
		"firstperson_lefthand": {
			"rotation": [0, -90, 25],
			"translation": [1.13, 3.2, 1.13],
			"scale": [-0.68, 0.68, 0.68]
		},
		"ground": {
			"translation": [0, 2, 0],
			"scale": [0.5, 0.5, 0.5]
		},
		"gui": {
			"rotation": [10, 0, 0]
		},
		"head": {
			"rotation": [0, 180, 0],
			"translation": [0, 13, 7]
		},
		"fixed": {
			"rotation": [0, 180, 1],
			"translation": [0, 0, -0.5]
		}
	}
}