{
	"__comment": "Designed by  with Cubik Studio - https://cubik.studio",
	"textures": {
		"texture": "3dres/spawn_egg/spawn_egg",
		"texture1": "3dres/spawn_egg/spawn_egg_overlay"
	},
	"elements": [ 	 
		{
			"__comment": "Box1",
			"from": [ 6, 6, 6 ],
			"to": [ 10, 10, 10 ],
			"faces": {
				"down": { "uv": [ 6, 6, 10, 10 ], "texture": "#texture1", "tintindex": 1 },
				"up": { "uv": [ 6, 6, 10, 10 ], "texture": "#texture1", "tintindex": 1 },
				"north": { "uv": [ 6, 6, 10, 10 ], "texture": "#texture1", "tintindex": 1 },
				"south": { "uv": [ 6, 6, 10, 10 ], "texture": "#texture1", "tintindex": 1 },
				"west": { "uv": [ 6, 6, 10, 10 ], "texture": "#texture1", "tintindex": 1 },
				"east": { "uv": [ 6, 6, 10, 10 ], "texture": "#texture1", "tintindex": 1 }
			}
		},
		{
			"__comment": "Box2",
			"from": [ 12, 12, 3 ],
			"to": [ 13, 13, 13 ],
			"faces": {
				"down": { "uv": [ 12, 3, 13, 13 ], "texture": "#texture", "tintindex": 0 },
				"up": { "uv": [ 12, 3, 13, 13 ], "texture": "#texture", "tintindex": 0 },
				"west": { "uv": [ 3, 3, 13, 4 ], "texture": "#texture", "tintindex": 0 },
				"east": { "uv": [ 3, 3, 13, 4 ], "texture": "#texture", "tintindex": 0 }
			}
		},
		{
			"__comment": "Box2",
			"from": [ 3, 12, 12 ],
			"to": [ 13, 13, 13 ],
			"faces": {
				"down": { "uv": [ 3, 3, 13, 4 ], "texture": "#texture", "tintindex": 0 },
				"up": { "uv": [ 3, 12, 13, 13 ], "texture": "#texture", "tintindex": 0 },
				"north": { "uv": [ 3, 3, 13, 4 ], "texture": "#texture", "tintindex": 0 },
				"south": { "uv": [ 3, 3, 13, 4 ], "texture": "#texture", "tintindex": 0 }
			}
		},
		{
			"__comment": "Box2",
			"from": [ 12, 3, 3 ],
			"to": [ 13, 4, 13 ],
			"faces": {
				"down": { "uv": [ 11, 3, 12, 13 ], "texture": "#texture", "tintindex": 0 },
				"up": { "uv": [ 11, 3, 12, 13 ], "texture": "#texture", "tintindex": 0 },
				"west": { "uv": [ 3, 12, 13, 13 ], "texture": "#texture", "tintindex": 0 },
				"east": { "uv": [ 3, 12, 13, 13 ], "texture": "#texture", "tintindex": 0 }
			}
		},
		{
			"__comment": "Box2",
			"from": [ 3, 3, 3 ],
			"to": [ 4, 4, 13 ],
			"faces": {
				"down": { "uv": [ 3, 3, 4, 13 ], "texture": "#texture", "tintindex": 0 },
				"up": { "uv": [ 3, 3, 4, 13 ], "texture": "#texture", "tintindex": 0 },
				"west": { "uv": [ 3, 12, 13, 13 ], "texture": "#texture", "tintindex": 0 },
				"east": { "uv": [ 3, 12, 13, 13 ], "texture": "#texture", "tintindex": 0 }
			}
		},
		{
			"__comment": "Box2",
			"from": [ 3, 12, 3 ],
			"to": [ 4, 13, 13 ],
			"faces": {
				"down": { "uv": [ 3, 3, 4, 13 ], "texture": "#texture", "tintindex": 0 },
				"up": { "uv": [ 3, 3, 4, 13 ], "texture": "#texture", "tintindex": 0 },
				"west": { "uv": [ 3, 3, 13, 4 ], "texture": "#texture", "tintindex": 0 },
				"east": { "uv": [ 3, 3, 13, 4 ], "texture": "#texture", "tintindex": 0 }
			}
		},
		{
			"__comment": "Box2",
			"from": [ 3, 3, 3 ],
			"to": [ 13, 4, 4 ],
			"faces": {
				"down": { "uv": [ 3, 12, 13, 13 ], "texture": "#texture", "tintindex": 0 },
				"up": { "uv": [ 3, 3, 13, 4 ], "texture": "#texture", "tintindex": 0 },
				"north": { "uv": [ 3, 12, 13, 13 ], "texture": "#texture", "tintindex": 0 },
				"south": { "uv": [ 3, 12, 13, 13 ], "texture": "#texture", "tintindex": 0 }
			}
		},
		{
			"__comment": "Box2",
			"from": [ 3, 3, 12 ],
			"to": [ 13, 4, 13 ],
			"faces": {
				"down": { "uv": [ 3, 3, 13, 4 ], "texture": "#texture", "tintindex": 0 },
				"up": { "uv": [ 3, 12, 13, 13 ], "texture": "#texture", "tintindex": 0 },
				"north": { "uv": [ 3, 12, 13, 13 ], "texture": "#texture", "tintindex": 0 },
				"south": { "uv": [ 3, 12, 13, 13 ], "texture": "#texture", "tintindex": 0 }
			}
		},
		{
			"__comment": "Box2",
			"from": [ 3, 12, 3 ],
			"to": [ 13, 13, 4 ],
			"faces": {
				"down": { "uv": [ 3, 12, 13, 13 ], "texture": "#texture", "tintindex": 0 },
				"up": { "uv": [ 3, 3, 13, 4 ], "texture": "#texture", "tintindex": 0 },
				"north": { "uv": [ 3, 3, 13, 4 ], "texture": "#texture", "tintindex": 0 },
				"south": { "uv": [ 3, 3, 13, 4 ], "texture": "#texture", "tintindex": 0 }
			}
		},
		{
			"__comment": "Box10",
			"from": [ 12, 3, 3 ],
			"to": [ 13, 13, 4 ],
			"faces": {
				"north": { "uv": [ 3, 3, 4, 13 ], "texture": "#texture", "tintindex": 0 },
				"south": { "uv": [ 12, 3, 13, 13 ], "texture": "#texture", "tintindex": 0 },
				"west": { "uv": [ 3, 3, 4, 13 ], "texture": "#texture", "tintindex": 0 },
				"east": { "uv": [ 12, 3, 13, 13 ], "texture": "#texture", "tintindex": 0 }
			}
		},
		{
			"__comment": "Box10",
			"from": [ 3, 3, 3 ],
			"to": [ 4, 13, 4 ],
			"faces": {
				"north": { "uv": [ 12, 3, 13, 13 ], "texture": "#texture", "tintindex": 0 },
				"south": { "uv": [ 3, 3, 4, 13 ], "texture": "#texture", "tintindex": 0 },
				"west": { "uv": [ 3, 3, 4, 13 ], "texture": "#texture", "tintindex": 0 },
				"east": { "uv": [ 12, 3, 13, 13 ], "texture": "#texture", "tintindex": 0 }
			}
		},
		{
			"__comment": "Box10",
			"from": [ 3, 3, 12 ],
			"to": [ 4, 13, 13 ],
			"faces": {
				"north": { "uv": [ 12, 3, 13, 13 ], "texture": "#texture", "tintindex": 0 },
				"south": { "uv": [ 3, 3, 4, 13 ], "texture": "#texture", "tintindex": 0 },
				"west": { "uv": [ 12, 3, 13, 13 ], "texture": "#texture", "tintindex": 0 },
				"east": { "uv": [ 3, 3, 4, 13 ], "texture": "#texture", "tintindex": 0 }
			}
		},
		{
			"__comment": "Box10",
			"from": [ 12, 3, 12 ],
			"to": [ 13, 13, 13 ],
			"faces": {
				"north": { "uv": [ 3, 3, 4, 13 ], "texture": "#texture", "tintindex": 0 },
				"south": { "uv": [ 12, 3, 13, 13 ], "texture": "#texture", "tintindex": 0 },
				"west": { "uv": [ 12, 3, 13, 13 ], "texture": "#texture", "tintindex": 0 },
				"east": { "uv": [ 3, 3, 4, 13 ], "texture": "#texture", "tintindex": 0 }
			}
		}
	],
	"gui_light": "front",
	"display": {
		"thirdperson_righthand": {
			"rotation":  [ 75, 45, 0 ],
			"translation":  [ 0, 2.5, 0 ],
			"scale":  [ 0.375, 0.375, 0.375 ]
		},
		"thirdperson_lefthand": {
			"rotation":  [ 75, 45, 0 ],
			"translation":  [ 0, 2.5, 0 ],
			"scale":  [ 0.375, 0.375, 0.375 ]
		},
		"firstperson_righthand": {
			"rotation":  [ 0, 45, 0 ],
			"scale":  [ 0.4, 0.4, 0.4 ]
		},
		"firstperson_lefthand": {
			"rotation":  [ 0, 45, 0 ],
			"scale":  [ 0.4, 0.4, 0.4 ]
		},
		"gui": {
			"scale":  [ 1.2, 1.2, 1.2 ]
		},
		"ground": {
			"translation":  [ 0, 3, 0 ],
			"scale":  [ 0.25, 0.25, 0.25 ]
		},
		"fixed": {
			"scale":  [ 0.5, 0.5, 0.5 ]
		}
	}
}