{
	"__comment": "Designed by Blue_Beaker with Cubik Studio - https://cubik.studio",
	"textures": {
		"texture": "entity/trident"
	},
	"elements": [ 	 
		{
			"__comment": "Box1",
			"from": [ 7.5, 0, 7.5 ],
			"to": [ 8.5, 11, 8.5 ],
			"faces": {
				"down": { "uv": [ 0, 8, 1, 16 ], "texture": "#texture" },
				"north": { "uv": [ 0, 8, 1, 16 ], "texture": "#texture" },
				"south": { "uv": [ 0, 8, 1, 16 ], "texture": "#texture" },
				"west": { "uv": [ 0, 8, 1, 16 ], "texture": "#texture" },
				"east": { "uv": [ 0, 8, 1, 16 ], "texture": "#texture" }
			}
		},
		{
			"__comment": "Box1",
			"from": [ 6.5, 9.5, 7.5 ],
			"to": [ 9.5, 11.5, 8.5 ],
			"faces": {
				"down": { "uv": [ 0, 8, 1, 16 ], "texture": "#texture" },
				"up": { "uv": [ 0, 8, 1, 16 ], "texture": "#texture" },
				"north": { "uv": [ 0, 8, 1, 16 ], "texture": "#texture" },
				"south": { "uv": [ 0, 8, 1, 16 ], "texture": "#texture" },
				"west": { "uv": [ 0, 8, 1, 16 ], "texture": "#texture" },
				"east": { "uv": [ 0, 8, 1, 16 ], "texture": "#texture" }
			}
		},
		{
			"__comment": "Box1",
			"from": [ 7.5, 11.5, 7.5 ],
			"to": [ 8.5, 15, 8.5 ],
			"faces": {
				"down": { "uv": [ 0, 0.5, 0.5, 3 ], "texture": "#texture" },
				"up": { "uv": [ 0, 0.5, 0.5, 3 ], "texture": "#texture" },
				"north": { "uv": [ 0, 0.5, 0.5, 3 ], "texture": "#texture" },
				"south": { "uv": [ 0, 0.5, 0.5, 3 ], "texture": "#texture" },
				"west": { "uv": [ 0, 0.5, 0.5, 3 ], "texture": "#texture" },
				"east": { "uv": [ 0, 0.5, 0.5, 3 ], "texture": "#texture" }
			}
		},
		{
			"__comment": "Box1",
			"from": [ 9.5, 10.5, 7.5 ],
			"to": [ 10.5, 14, 8.5 ],
			"faces": {
				"down": { "uv": [ 0, 0.5, 0.5, 3 ], "texture": "#texture" },
				"up": { "uv": [ 0, 0.5, 0.5, 3 ], "texture": "#texture" },
				"north": { "uv": [ 0, 0.5, 0.5, 3 ], "texture": "#texture" },
				"south": { "uv": [ 0, 0.5, 0.5, 3 ], "texture": "#texture" },
				"west": { "uv": [ 0, 0.5, 0.5, 3 ], "texture": "#texture" },
				"east": { "uv": [ 0, 0.5, 0.5, 3 ], "texture": "#texture" }
			}
		},
		{
			"__comment": "Box1",
			"from": [ 5.5, 10.5, 7.5 ],
			"to": [ 6.5, 14, 8.5 ],
			"faces": {
				"down": { "uv": [ 0, 0.5, 0.5, 3 ], "texture": "#texture" },
				"up": { "uv": [ 0, 0.5, 0.5, 3 ], "texture": "#texture" },
				"north": { "uv": [ 0, 0.5, 0.5, 3 ], "texture": "#texture" },
				"south": { "uv": [ 0, 0.5, 0.5, 3 ], "texture": "#texture" },
				"west": { "uv": [ 0, 0.5, 0.5, 3 ], "texture": "#texture" },
				"east": { "uv": [ 0, 0.5, 0.5, 3 ], "texture": "#texture" }
			}
		}
	],
	"display": {
		"thirdperson_righthand": {
			"rotation":  [ 0, 90, 0 ],
			"translation":  [ 0, 4, 0.5 ],
			"scale":  [ 0.85, 0.85, 0.85 ]
		},
		"thirdperson_lefthand": {
			"rotation":  [ 0, 90, 0 ],
			"translation":  [ 0, 4, 0.5 ],
			"scale":  [ 0.85, 0.85, 0.85 ]
		},
		"firstperson_righthand": {
			"rotation":  [ 0, 90, -25 ],
			"translation":  [ 1.13, 3.2, 1.13 ],
			"scale":  [ 0.68, 0.68, 0.68 ]
		},
		"firstperson_lefthand": {
			"rotation":  [ 0, 90, -25 ],
			"translation":  [ 1.13, 3.2, 1.13 ],
			"scale":  [ 0.68, 0.68, 0.68 ]
		},
		"gui": {
			"rotation":  [ 30, 225, 0 ],
			"scale":  [ 0.625, 0.625, 0.625 ]
		},
		"ground": {
			"translation":  [ 0, 3, 0 ],
			"scale":  [ 0.25, 0.25, 0.25 ]
		},
		"fixed": {
			"scale":  [ 0.5, 0.5, 0.5 ]
		}
	}
}