{
	"__comment": "Designed by Blue_Beaker with Cubik Studio - https://cubik.studio",
	"textures": {
		"Bucket": "3dres/bucket",
		"fluid": "block/water_still",
		"texture": "3dres/fish/fish_clownfish_raw"
	},
	"elements": [ 	 
		{
			"__comment": "Box1",
			"from": [ 10.9986, 7.4346, 7.5 ],
			"to": [ 12.4986, 10.4346, 8.5 ],
			"rotation": { "origin": [ 11, 7.5, 7.5 ], "axis": "z", "angle": 22.5 },
			"faces": {
				"down": { "uv": [ 15, 9, 14, 7 ], "texture": "#texture", "rotation": 90 },
				"up": { "uv": [ 14, 7, 15, 9 ], "texture": "#texture", "rotation": 270 },
				"north": { "uv": [ 14, 7, 15, 9 ], "texture": "#texture", "rotation": 90 },
				"south": { "uv": [ 14, 7, 15, 9 ], "texture": "#texture", "rotation": 270 },
				"west": { "uv": [ 14, 7, 15, 9 ], "texture": "#texture", "rotation": 270 },
				"east": { "uv": [ 15, 9, 14, 7 ], "texture": "#texture", "rotation": 90 }
			}
		},
		{
			"__comment": "Box1",
			"from": [ -1, 5, 7 ],
			"to": [ 11, 9, 9 ],
			"rotation": { "origin": [ 11, 7.5, 7.5 ], "axis": "z", "angle": -45 },
			"faces": {
				"down": { "uv": [ 1, 9, 13, 10 ], "texture": "#texture" },
				"up": { "uv": [ 1, 6, 13, 7 ], "texture": "#texture" },
				"north": { "uv": [ 13, 6, 1, 10 ], "texture": "#texture" },
				"south": { "uv": [ 1, 6, 13, 10 ], "texture": "#texture" },
				"west": { "uv": [ 1, 6, 2, 10 ], "texture": "#texture" },
				"east": { "uv": [ 12, 6, 13, 10 ], "texture": "#texture" }
			}
		},
		{
			"__comment": "Box1",
			"from": [ 2, 6, 6.5 ],
			"to": [ 6, 8, 7 ],
			"rotation": { "origin": [ 11, 7.5, 7.5 ], "axis": "z", "angle": -45 },
			"faces": {
				"down": { "uv": [ 14, 7, 15, 9 ], "texture": "#texture" },
				"up": { "uv": [ 14, 7, 15, 9 ], "texture": "#texture" },
				"north": { "uv": [ 14, 7, 15, 9 ], "texture": "#texture" },
				"south": { "uv": [ 14, 7, 15, 9 ], "texture": "#texture" },
				"west": { "uv": [ 14, 7, 15, 9 ], "texture": "#texture" },
				"east": { "uv": [ 14, 7, 15, 9 ], "texture": "#texture" }
			}
		},
		{
			"__comment": "Box1",
			"from": [ 10.6173, 6.5761, 7.5 ],
			"to": [ 13.6173, 8.076099, 8.5 ],
			"rotation": { "origin": [ 11, 7.5, 7.5 ], "axis": "z", "angle": -22.5 },
			"faces": {
				"down": { "uv": [ 14, 7, 15, 9 ], "texture": "#texture" },
				"up": { "uv": [ 14, 7, 15, 9 ], "texture": "#texture" },
				"north": { "uv": [ 14, 7, 15, 9 ], "texture": "#texture" },
				"south": { "uv": [ 14, 7, 15, 9 ], "texture": "#texture" },
				"west": { "uv": [ 14, 7, 15, 9 ], "texture": "#texture" },
				"east": { "uv": [ 14, 7, 15, 9 ], "texture": "#texture" }
			}
		},
		{
			"__comment": "Box1",
			"from": [ 2, 9, 7.5 ],
			"to": [ 6, 10, 8.5 ],
			"rotation": { "origin": [ 11, 7.5, 7.5 ], "axis": "z", "angle": -45 },
			"faces": {
				"down": { "uv": [ 14, 7, 15, 9 ], "texture": "#texture" },
				"up": { "uv": [ 14, 7, 15, 9 ], "texture": "#texture" },
				"north": { "uv": [ 14, 7, 15, 9 ], "texture": "#texture" },
				"south": { "uv": [ 14, 7, 15, 9 ], "texture": "#texture" },
				"west": { "uv": [ 14, 7, 15, 9 ], "texture": "#texture" },
				"east": { "uv": [ 14, 7, 15, 9 ], "texture": "#texture" }
			}
		},
		{
			"__comment": "Box1",
			"from": [ 2, 6, 9 ],
			"to": [ 6, 8, 9.5 ],
			"rotation": { "origin": [ 11, 7.5, 7.5 ], "axis": "z", "angle": -45 },
			"faces": {
				"down": { "uv": [ 14, 7, 15, 9 ], "texture": "#texture" },
				"up": { "uv": [ 14, 7, 15, 9 ], "texture": "#texture" },
				"north": { "uv": [ 14, 7, 15, 9 ], "texture": "#texture" },
				"south": { "uv": [ 14, 7, 15, 9 ], "texture": "#texture" },
				"west": { "uv": [ 14, 7, 15, 9 ], "texture": "#texture" },
				"east": { "uv": [ 14, 7, 15, 9 ], "texture": "#texture" }
			}
		},
		{
			"__comment": "Bucket",
			"from": [ 2, 0, 2 ],
			"to": [ 14, 12, 14 ],
			"shade": false,
			"faces": {
				"down": { "uv": [ 0, 0, 6, 6 ], "texture": "#Bucket" },
				"up": { "uv": [ 0, 6, 6, 12 ], "texture": "#Bucket" },
				"north": { "uv": [ 0, 0, 6, 6 ], "texture": "#Bucket" },
				"south": { "uv": [ 0, 0, 6, 6 ], "texture": "#Bucket" },
				"west": { "uv": [ 0, 0, 6, 6 ], "texture": "#Bucket" },
				"east": { "uv": [ 0, 0, 6, 6 ], "texture": "#Bucket" }
			}
		},
		{
			"__comment": "x",
			"from": [ 3, 1, 3 ],
			"to": [ 3.001, 12, 13 ],
			"faces": {
				"east": { "uv": [ 6, 0, 11, 5.5 ], "texture": "#Bucket" }
			}
		},
		{
			"__comment": "x",
			"from": [ 13, 1, 3 ],
			"to": [ 13.001, 12, 13 ],
			"faces": {
				"west": { "uv": [ 6, 0, 11, 5.5 ], "texture": "#Bucket" }
			}
		},
		{
			"__comment": "y",
			"from": [ 3, 1, 3 ],
			"to": [ 13, 1.001, 13 ],
			"faces": {
				"up": { "uv": [ 6, 6.000001, 11, 11 ], "texture": "#Bucket" }
			}
		},
		{
			"__comment": "z",
			"from": [ 3, 1, 13 ],
			"to": [ 13, 12, 13.001 ],
			"faces": {
				"north": { "uv": [ 6, 0, 11, 5.5 ], "texture": "#Bucket" }
			}
		},
		{
			"__comment": "z",
			"from": [ 3, 1, 3 ],
			"to": [ 13, 12, 3.001 ],
			"faces": {
				"south": { "uv": [ 6, 0, 11, 5.5 ], "texture": "#Bucket" }
			}
		},
		{
			"__comment": "Box8",
			"from": [ 15, 9.5, 7.5 ],
			"to": [ 16, 10.5, 17 ],
			"faces": {
				"down": { "uv": [ 11, 0, 16, 5 ], "texture": "#Bucket" },
				"up": { "uv": [ 11, 0, 16, 5 ], "texture": "#Bucket" },
				"north": { "uv": [ 11, 0, 16, 5 ], "texture": "#Bucket" },
				"south": { "uv": [ 11, 0, 16, 5 ], "texture": "#Bucket" },
				"west": { "uv": [ 11, 0, 16, 5 ], "texture": "#Bucket" },
				"east": { "uv": [ 11, 0, 16, 5 ], "texture": "#Bucket" }
			}
		},
		{
			"__comment": "Box10",
			"from": [ 14, 9.5, 7.5 ],
			"to": [ 15, 10.5, 8.5 ],
			"faces": {
				"down": { "uv": [ 11, 0, 16, 5 ], "texture": "#Bucket" },
				"up": { "uv": [ 11, 0, 16, 5 ], "texture": "#Bucket" },
				"north": { "uv": [ 11, 0, 16, 5 ], "texture": "#Bucket" },
				"south": { "uv": [ 11, 0, 16, 5 ], "texture": "#Bucket" }
			}
		},
		{
			"__comment": "Box10",
			"from": [ 1, 9.5, 7.5 ],
			"to": [ 2, 10.5, 8.5 ],
			"faces": {
				"down": { "uv": [ 11, 0, 16, 5 ], "texture": "#Bucket" },
				"up": { "uv": [ 11, 0, 16, 5 ], "texture": "#Bucket" },
				"north": { "uv": [ 11, 0, 16, 5 ], "texture": "#Bucket" },
				"south": { "uv": [ 11, 0, 16, 5 ], "texture": "#Bucket" }
			}
		},
		{
			"__comment": "Box8",
			"from": [ 1, 9.5, 16 ],
			"to": [ 15, 10.5, 17 ],
			"faces": {
				"down": { "uv": [ 11, 0, 16, 5 ], "texture": "#Bucket" },
				"up": { "uv": [ 11, 0, 16, 5 ], "texture": "#Bucket" },
				"north": { "uv": [ 11, 0, 16, 5 ], "texture": "#Bucket" },
				"south": { "uv": [ 11, 0, 16, 5 ], "texture": "#Bucket" },
				"west": { "uv": [ 11, 0, 16, 5 ], "texture": "#Bucket" },
				"east": { "uv": [ 11, 0, 16, 5 ], "texture": "#Bucket" }
			}
		},
		{
			"__comment": "Box8",
			"from": [ 0, 9.5, 7.5 ],
			"to": [ 1, 10.5, 17 ],
			"faces": {
				"down": { "uv": [ 11, 0, 16, 5 ], "texture": "#Bucket" },
				"up": { "uv": [ 11, 0, 16, 5 ], "texture": "#Bucket" },
				"north": { "uv": [ 11, 0, 16, 5 ], "texture": "#Bucket" },
				"south": { "uv": [ 11, 0, 16, 5 ], "texture": "#Bucket" },
				"west": { "uv": [ 11, 0, 16, 5 ], "texture": "#Bucket" },
				"east": { "uv": [ 11, 0, 16, 5 ], "texture": "#Bucket" }
			}
		},
		{
			"__comment": "PlaneY12",
			"from": [ 3, 10, 3 ],
			"to": [ 13, 10.001, 13 ],
			"faces": {
				"up": { "uv": [ 0, 0, 16, 16 ], "texture": "#fluid" }
			}
		}
	],
	"display": {
		"thirdperson_righthand": {
			"rotation":  [ 45, 0, 0 ],
			"translation":  [ 0, 1, -1 ],
			"scale":  [ 0.3, 0.3, 0.3 ]
		},
		"thirdperson_lefthand": {
			"rotation":  [ 45, 0, 0 ],
			"translation":  [ 0, 1, -1 ],
			"scale":  [ 0.3, 0.3, 0.3 ]
		},
		"firstperson_righthand": {
			"scale":  [ 0.4, 0.4, 0.4 ]
		},
		"firstperson_lefthand": {
			"scale":  [ 0.4, 0.4, 0.4 ]
		},
		"gui": {
			"rotation":  [ 30, 225, 0 ],
			"scale":  [ 0.625, 0.625, 0.625 ]
		},
		"head": {
			"rotation":  [ 0, 0, 180 ],
			"scale":  [ 1.5, 1.5, 1.5 ]
		},
		"ground": {
			"translation":  [ 0, 3, 0 ],
			"scale":  [ 0.25, 0.25, 0.25 ]
		},
		"fixed": {
			"scale":  [ 0.5, 0.5, 0.5 ]
		}
	}
}