{
	"__comment": "Designed by Blue_Beaker with Cubik Studio - https://cubik.studio",
	"parent": "block/block",
	"textures": {
		"particle": "block/turtle_egg",
		"all": "block/turtle_egg"
	},
	"elements": [ 	 
		{
			"__comment": "Element",
			"from": [ 5.5, 0, 5.5 ],
			"to": [ 10.5, 7, 10.5 ],
			"faces": {
				"down": { "uv": [ 0, 0, 4, 4 ], "texture": "#all" },
				"up": { "uv": [ 0, 0, 4, 4 ], "texture": "#all" },
				"north": { "uv": [ 1, 4, 5, 11 ], "texture": "#all" },
				"south": { "uv": [ 1, 4, 5, 11 ], "texture": "#all" },
				"west": { "uv": [ 1, 4, 5, 11 ], "texture": "#all" },
				"east": { "uv": [ 1, 4, 5, 11 ], "texture": "#all" }
			}
		}
	],
	"display": {
		"thirdperson_righthand": {
			"rotation":  [ 75, 45, 0 ],
			"translation":  [ 0, 2.5, 0 ],
			"scale":  [ 0.375, 0.375, 0.375 ]
		},
		"thirdperson_lefthand": {
			"rotation":  [ 75, 45, 0 ],
			"translation":  [ 0, 2.5, 0 ],
			"scale":  [ 0.375, 0.375, 0.375 ]
		},
		"firstperson_righthand": {
			"rotation":  [ 0, 45, 0 ],
			"translation":  [ 0, 2, 0 ],
			"scale":  [ 0.4, 0.4, 0.4 ]
		},
		"firstperson_lefthand": {
			"rotation":  [ 0, 45, 0 ],
			"translation":  [ 0, 2, 0 ],
			"scale":  [ 0.4, 0.4, 0.4 ]
		},
		"gui": {
			"rotation":  [ 30, 225, 0 ],
			"scale":  [ 0.625, 0.625, 0.625 ]
		},
		"ground": {
			"translation":  [ 0, 3, 0 ],
			"scale":  [ 0.25, 0.25, 0.25 ]
		},
		"fixed": {
			"scale":  [ 0.5, 0.5, 0.5 ]
		}
	}
}