{
	"__comment": "Designed by Blue_Beaker with Cubik Studio - https://cubik.studio",
	"textures": {
		"texture": "3dres/compass/iron",
		"texture1": "3dres/compass/magnet"
	},
	"elements": [ 	 
		{
			"__comment": "Box1",
			"from": [ 2, 0, 2 ],
			"to": [ 14, 1, 14 ],
			"faces": {
				"down": { "uv": [ 2, 2, 14, 14 ], "texture": "#texture" },
				"up": { "uv": [ 2, 2, 14, 14 ], "texture": "#texture" },
				"north": { "uv": [ 2, 13, 14, 14 ], "texture": "#texture" },
				"south": { "uv": [ 2, 13, 14, 14 ], "texture": "#texture" },
				"west": { "uv": [ 2, 13, 14, 14 ], "texture": "#texture" },
				"east": { "uv": [ 2, 13, 14, 14 ], "texture": "#texture" }
			}
		},
		{
			"__comment": "Box2",
			"from": [ 2, 1, 13 ],
			"to": [ 14, 3, 14 ],
			"faces": {
				"up": { "uv": [ 2, 2, 14, 3 ], "texture": "#texture" },
				"north": { "uv": [ 2, 11, 14, 13 ], "texture": "#texture" },
				"south": { "uv": [ 2, 11, 14, 13 ], "texture": "#texture" },
				"west": { "uv": [ 2, 11, 3, 13 ], "texture": "#texture" },
				"east": { "uv": [ 13, 11, 14, 13 ], "texture": "#texture" }
			}
		},
		{
			"__comment": "Box2",
			"from": [ 13, 1, 2 ],
			"to": [ 14, 3, 14 ],
			"faces": {
				"up": { "uv": [ 2, 2, 14, 3 ], "texture": "#texture", "rotation": 90 },
				"north": { "uv": [ 2, 11, 3, 13 ], "texture": "#texture" },
				"south": { "uv": [ 13, 11, 14, 13 ], "texture": "#texture" },
				"west": { "uv": [ 2, 11, 14, 13 ], "texture": "#texture" },
				"east": { "uv": [ 2, 11, 14, 13 ], "texture": "#texture" }
			}
		},
		{
			"__comment": "Box2",
			"from": [ 2, 1, 2 ],
			"to": [ 14, 3, 3 ],
			"faces": {
				"up": { "uv": [ 2, 2, 14, 3 ], "texture": "#texture" },
				"north": { "uv": [ 2, 11, 14, 13 ], "texture": "#texture" },
				"south": { "uv": [ 2, 11, 14, 13 ], "texture": "#texture" },
				"west": { "uv": [ 2, 11, 3, 13 ], "texture": "#texture" },
				"east": { "uv": [ 13, 11, 14, 13 ], "texture": "#texture" }
			}
		},
		{
			"__comment": "Box2",
			"from": [ 2, 1, 2 ],
			"to": [ 3, 3, 14 ],
			"faces": {
				"up": { "uv": [ 2, 2, 14, 3 ], "texture": "#texture", "rotation": 90 },
				"north": { "uv": [ 2, 11, 3, 13 ], "texture": "#texture" },
				"south": { "uv": [ 13, 11, 14, 13 ], "texture": "#texture" },
				"west": { "uv": [ 2, 11, 14, 13 ], "texture": "#texture" },
				"east": { "uv": [ 2, 11, 14, 13 ], "texture": "#texture" }
			}
		},
		{
			"__comment": "Box6",
			"from": [ 7.5, 1, 7.5 ],
			"to": [ 8.5, 2, 8.5 ],
			"faces": {
				"down": { "uv": [ 7.5, 7.5, 8.5, 8.5 ], "texture": "#texture" },
				"up": { "uv": [ 7.5, 7.5, 8.5, 8.5 ], "texture": "#texture" },
				"north": { "uv": [ 7.5, 12, 8.5, 13 ], "texture": "#texture" },
				"south": { "uv": [ 7.5, 12, 8.5, 13 ], "texture": "#texture" },
				"west": { "uv": [ 7.5, 12, 8.5, 13 ], "texture": "#texture" },
				"east": { "uv": [ 7.5, 12, 8.5, 13 ], "texture": "#texture" }
			}
		},
		{
			"__comment": "Box7",
			"from": [ 7, 2, 3.5 ],
			"to": [ 9, 3, 12.5 ],
			"rotation": { "origin": [ 8, 2, 8 ], "axis": "y", "angle": -45 },
			"faces": {
				"down": { "uv": [ 7.5, 3.5, 8.5, 12.5 ], "texture": "#texture1" },
				"up": { "uv": [ 7.5, 3.5, 8.5, 12.5 ], "texture": "#texture1" },
				"north": { "uv": [ 0, 0, 16, 8 ], "texture": "#texture1" },
				"south": { "uv": [ 0, 8, 16, 16 ], "texture": "#texture1" },
				"west": { "uv": [ 7.5, 3.5, 8.5, 12.5 ], "texture": "#texture1", "rotation": 270 },
				"east": { "uv": [ 7.5, 3.5, 8.5, 12.5 ], "texture": "#texture1", "rotation": 90 }
			}
		}
	],
	"display": {
		"thirdperson_righthand": {
			"rotation":  [ 75, 45, 0 ],
			"translation":  [ 0, 2.5, 0 ],
			"scale":  [ 0.375, 0.375, 0.375 ]
		},
		"thirdperson_lefthand": {
			"rotation":  [ 75, 45, 0 ],
			"translation":  [ 0, 2.5, 0 ],
			"scale":  [ 0.375, 0.375, 0.375 ]
		},
		"firstperson_righthand": {
			"translation":  [ 0, 4, 0 ],
			"scale":  [ 0.4, 0.4, 0.4 ]
		},
		"firstperson_lefthand": {
			"translation":  [ 0, 4, 0 ],
			"scale":  [ 0.4, 0.4, 0.4 ]
		},
		"gui": {
			"rotation":  [ 90, 0, 0 ],
			"scale":  [ 0.625, 0.625, 0.625 ]
		},
		"ground": {
			"translation":  [ 0, 3, 0 ],
			"scale":  [ 0.25, 0.25, 0.25 ]
		},
		"fixed": {
			"rotation":  [ -90, 0, 0 ],
			"translation":  [ 0, 0, -3 ],
			"scale":  [ 0.5, 0.5, 0.5 ]
		}
	}
}