{
	"__comment": "Designed by Blue_Beaker with Cubik Studio - https://cubik.studio",
	"parent": "block/block",
	"textures": {
		"particle": "block/sea_pickle",
		"all": "block/sea_pickle"
	},
	"elements": [ 	 
		{
			"__comment": "Element",
			"from": [ 6, 0, 6 ],
			"to": [ 10, 6, 10 ],
			"faces": {
				"down": { "uv": [ 8, 1, 12, 5 ], "texture": "#all", "cullface": "down" },
				"up": { "uv": [ 4, 1, 8, 5 ], "texture": "#all" },
				"north": { "uv": [ 4, 5, 8, 11 ], "texture": "#all" },
				"south": { "uv": [ 0, 5, 4, 11 ], "texture": "#all" },
				"west": { "uv": [ 8, 5, 12, 11 ], "texture": "#all" },
				"east": { "uv": [ 12, 5, 16, 11 ], "texture": "#all" }
			}
		},
		{
			"__comment": "Element",
			"from": [ 6, 5.95, 6 ],
			"to": [ 10, 5.951, 10 ],
			"faces": {
				"up": { "uv": [ 8, 1, 12, 5 ], "texture": "#all" }
			}
		},
		{
			"__comment": "Element",
			"from": [ 7.5, 5.2, 8 ],
			"to": [ 8.5, 8.7, 8.001 ],
			"rotation": { "origin": [ 8, 8, 8 ], "axis": "y", "angle": 45, "rescale": true },
			"shade": false,
			"faces": {
				"north": { "uv": [ 1, 0, 3, 5 ], "texture": "#all" },
				"south": { "uv": [ 13, 0, 15, 5 ], "texture": "#all" }
			}
		},
		{
			"__comment": "Element",
			"from": [ 8, 5.2, 7.5 ],
			"to": [ 8.001, 8.7, 8.5 ],
			"rotation": { "origin": [ 8, 8, 8 ], "axis": "y", "angle": 45, "rescale": true },
			"shade": false,
			"faces": {
				"west": { "uv": [ 1, 0, 3, 5 ], "texture": "#all" },
				"east": { "uv": [ 13, 0, 15, 5 ], "texture": "#all" }
			}
		}
	],
	"display": {
		"thirdperson_righthand": {
			"rotation":  [ -5, 0, 0 ],
			"translation":  [ 0, 2, 1 ],
			"scale":  [ 0.5, 0.5, 0.5 ]
		},
		"thirdperson_lefthand": {
			"rotation":  [ -5, 0, 0 ],
			"translation":  [ 0, 2, 1 ],
			"scale":  [ 0.5, 0.5, 0.5 ]
		},
		"firstperson_righthand": {
			"rotation":  [ 15, 0, 0 ],
			"translation":  [ 0, 3, 0 ],
			"scale":  [ 0.5, 0.5, 0.5 ]
		},
		"firstperson_lefthand": {
			"rotation":  [ 15, 0, 0 ],
			"translation":  [ 0, 3, 0 ],
			"scale":  [ 0.5, 0.5, 0.5 ]
		},
		"gui": {
			"rotation":  [ 30, 225, 0 ],
			"translation":  [ 0, 3, 0 ]
		},
		"head": {
			"translation":  [ 0, 16, 0 ]
		},
		"ground": {
			"translation":  [ 0, 2, 0 ],
			"scale":  [ 0.5, 0.5, 0.5 ]
		},
		"fixed": {
			"translation":  [ 0, 3, 0 ]
		}
	}
}