{
	"__comment": "Designed by Blue_Beaker with Cubik Studio - https://cubik.studio",
	"textures": {
		"texture": "3dres/potato",
		"particle": "3dres/particle/potato_baked"
	},
	"elements": [ 	 
		{
			"__comment": "Box1",
			"from": [ 4, 5, 5 ],
			"to": [ 12, 11, 11 ],
			"faces": {
				"down": { "uv": [ 5, 10, 11, 15 ], "texture": "#texture" },
				"up": { "uv": [ 5, 10, 11, 15 ], "texture": "#texture" },
				"north": { "uv": [ 5, 10, 11, 15 ], "texture": "#texture" },
				"south": { "uv": [ 5, 10, 11, 15 ], "texture": "#texture" },
				"west": { "uv": [ 0, 10, 5, 15 ], "texture": "#texture" },
				"east": { "uv": [ 0, 10, 5, 15 ], "texture": "#texture" }
			}
		}
	],
	"display": {
		"thirdperson_righthand": {
			"rotation":  [ 75, 45, 0 ],
			"translation":  [ 0, 2.5, 0 ],
			"scale":  [ 0.375, 0.375, 0.375 ]
		},
		"thirdperson_lefthand": {
			"rotation":  [ 75, 45, 0 ],
			"translation":  [ 0, 2.5, 0 ],
			"scale":  [ 0.375, 0.375, 0.375 ]
		},
		"firstperson_righthand": {
			"rotation":  [ 0, 45, 0 ],
			"scale":  [ 0.4, 0.4, 0.4 ]
		},
		"firstperson_lefthand": {
			"rotation":  [ 0, 45, 0 ],
			"scale":  [ 0.4, 0.4, 0.4 ]
		},
		"gui": {
			"rotation":  [ 30, 225, 0 ],
			"scale":  [ 0.625, 0.625, 0.625 ]
		},
		"ground": {
			"translation":  [ 0, 2, 0 ],
			"scale":  [ 0.5, 0.5, 0.5 ]
		}
	}
}