{
  "__comment": "Designed by Blue_Beaker with Cubik Studio - https://cubik.studio",
  "textures": {
    "texture": "3dres/bricks",
    "particle": "items/brick"
  },
  "elements": [
    {
      "__comment": "Box1",
      "from": [
        2,
        6,
        5
      ],
      "to": [
        14,
        10,
        11
      ],
      "faces": {
        "down": {
          "uv": [
            0,
            0,
            6,
            3
          ],
          "texture": "#texture"
        },
        "up": {
          "uv": [
            0,
            0,
            6,
            3
          ],
          "texture": "#texture"
        },
        "north": {
          "uv": [
            6,
            0,
            12,
            2
          ],
          "texture": "#texture"
        },
        "south": {
          "uv": [
            6,
            0,
            12,
            2
          ],
          "texture": "#texture"
        },
        "west": {
          "uv": [
            12,
            0,
            15,
            2
          ],
          "texture": "#texture"
        },
        "east": {
          "uv": [
            12,
            0,
            15,
            2
          ],
          "texture": "#texture"
        }
      }
    }
  ],
  "display": {
    "thirdperson_righthand": {
      "rotation": [
        75,
        45,
        0
      ],
      "translation": [
        0,
        2.5,
        0
      ],
      "scale": [
        0.375,
        0.375,
        0.375
      ]
    },
    "thirdperson_lefthand": {
      "rotation": [
        75,
        45,
        0
      ],
      "translation": [
        0,
        2.5,
        0
      ],
      "scale": [
        0.375,
        0.375,
        0.375
      ]
    },
    "firstperson_righthand": {
      "rotation": [
        0,
        45,
        0
      ],
      "scale": [
        0.4,
        0.4,
        0.4
      ]
    },
    "firstperson_lefthand": {
      "rotation": [
        0,
        45,
        0
      ],
      "scale": [
        0.4,
        0.4,
        0.4
      ]
    },
    "gui": {
      "rotation": [
        30,
        225,
        0
      ],
      "scale": [
        0.625,
        0.625,
        0.625
      ]
    },
    "ground": {
      "translation": [
        0,
        2,
        0
      ],
      "scale": [
        0.5,
        0.5,
        0.5
      ]
    },
    "fixed": {
      "rotation": [
        -90,
        0,
        0
      ],
      "scale": [
        0.5,
        0.5,
        0.5
      ]
    }
  }
}