{"__comment": "Designed by Blue_Beaker with Cubik Studio - https://cubik.studio", "textures": {"texture": "3dres/charcoal", "particle": "#texture"}, "elements": [{"__comment": "Box1", "from": [4, 13, 4], "to": [11, 15, 11], "faces": {"up": {"uv": [4, 1, 12, 2], "texture": "#texture"}, "north": {"uv": [4, 1, 12, 3], "texture": "#texture"}, "south": {"uv": [4, 1, 12, 3], "texture": "#texture"}, "west": {"uv": [4, 1, 12, 3], "texture": "#texture"}, "east": {"uv": [4, 1, 12, 3], "texture": "#texture"}}}, {"__comment": "Box1", "from": [3, 1, 3], "to": [12, 13, 12], "faces": {"down": {"uv": [3, 14, 13, 15], "texture": "#texture"}, "up": {"uv": [3, 3, 13, 4], "texture": "#texture"}, "north": {"uv": [3, 3, 13, 15], "texture": "#texture"}, "south": {"uv": [3, 3, 13, 15], "texture": "#texture"}, "west": {"uv": [3, 3, 13, 15], "texture": "#texture"}, "east": {"uv": [3, 3, 13, 15], "texture": "#texture"}}}], "display": {"thirdperson_righthand": {"rotation": [75, 45, 0], "translation": [0, 2.5, 0], "scale": [0.375, 0.375, 0.375]}, "thirdperson_lefthand": {"rotation": [75, 45, 0], "translation": [0, 2.5, 0], "scale": [0.375, 0.375, 0.375]}, "firstperson_righthand": {"rotation": [0, 45, 0], "scale": [0.4, 0.4, 0.4]}, "firstperson_lefthand": {"rotation": [0, 45, 0], "scale": [0.4, 0.4, 0.4]}, "gui": {"rotation": [30, 225, 0], "scale": [0.625, 0.625, 0.625]}, "ground": {"translation": [0, 2, 0], "scale": [0.5, 0.5, 0.5]}, "fixed": {"scale": [0.5, 0.5, 0.5]}}}