{"__comment": "Designed by Blue_Beaker with Cubik Studio - https://cubik.studio", "textures": {"texture": "3dres/chorus_fruit_popped", "particle": "#texture"}, "elements": [{"__comment": "Box1", "from": [3, 1, 3], "to": [13, 11, 13], "faces": {"down": {"uv": [0, 6, 10, 16], "texture": "#texture"}, "up": {"uv": [0, 6, 10, 16], "texture": "#texture"}, "north": {"uv": [0, 6, 10, 16], "texture": "#texture"}, "south": {"uv": [0, 6, 10, 16], "texture": "#texture"}, "west": {"uv": [0, 6, 10, 16], "texture": "#texture"}, "east": {"uv": [0, 6, 10, 16], "texture": "#texture"}}}, {"__comment": "Box2", "from": [7, 11, 7], "to": [9, 14, 9], "faces": {"up": {"uv": [7.5, 2, 8.5, 5], "texture": "#texture"}, "north": {"uv": [7.5, 2, 8.5, 5], "texture": "#texture"}, "south": {"uv": [7.5, 2, 8.5, 5], "texture": "#texture"}, "west": {"uv": [7.5, 2, 8.5, 5], "texture": "#texture"}, "east": {"uv": [7.5, 2, 8.5, 5], "texture": "#texture"}}}], "display": {"thirdperson_righthand": {"rotation": [75, 45, 0], "translation": [0, 2.5, 0], "scale": [0.375, 0.375, 0.375]}, "thirdperson_lefthand": {"rotation": [75, 45, 0], "translation": [0, 2.5, 0], "scale": [0.375, 0.375, 0.375]}, "firstperson_righthand": {"rotation": [0, 45, 0], "scale": [0.4, 0.4, 0.4]}, "firstperson_lefthand": {"rotation": [0, 45, 0], "scale": [0.4, 0.4, 0.4]}, "gui": {"rotation": [30, 225, 0], "scale": [0.625, 0.625, 0.625]}, "ground": {"translation": [0, 3, 0], "scale": [0.25, 0.25, 0.25]}, "fixed": {"scale": [0.5, 0.5, 0.5]}}}