{"__comment": "Designed by Blue_Beaker with Cubik Studio - https://cubik.studio", "textures": {"texture": "3dres/coal", "particle": "#texture"}, "elements": [{"__comment": "Box1", "from": [4, 4, 4], "to": [12, 12, 12], "faces": {"down": {"uv": [4, 11, 12, 12], "texture": "#texture"}, "up": {"uv": [4, 4, 12, 5], "texture": "#texture"}, "north": {"uv": [4, 4, 12, 12], "texture": "#texture"}, "south": {"uv": [4, 4, 12, 12], "texture": "#texture"}, "west": {"uv": [4, 4, 12, 12], "texture": "#texture"}, "east": {"uv": [4, 4, 12, 12], "texture": "#texture"}}}], "display": {"thirdperson_righthand": {"rotation": [75, 45, 0], "translation": [0, 2.5, 0], "scale": [0.375, 0.375, 0.375]}, "thirdperson_lefthand": {"rotation": [75, 45, 0], "translation": [0, 2.5, 0], "scale": [0.375, 0.375, 0.375]}, "firstperson_righthand": {"rotation": [0, 45, 0], "scale": [0.4, 0.4, 0.4]}, "firstperson_lefthand": {"rotation": [0, 45, 0], "scale": [0.4, 0.4, 0.4]}, "gui": {"rotation": [30, 225, 0], "scale": [0.625, 0.625, 0.625]}, "ground": {"translation": [0, 2, 0], "scale": [0.5, 0.5, 0.5]}, "fixed": {"scale": [0.5, 0.5, 0.5]}}}