{
	"__comment": "Designed by Blue_Beaker with Cubik Studio - https://cubik.studio",
	"textures": {
		"texture": "3dres/clock/gold",
		"texture1": "3dres/clock/clock_00",
		"particle": "3dres/clock/gold2"
	},
	"elements": [ 	 
		{
			"__comment": "Box1",
			"from": [ 2, 0, 2 ],
			"to": [ 14, 1, 14 ],
			"faces": {
				"down": { "uv": [ 2, 2, 14, 14 ], "texture": "#texture" },
				"up": { "uv": [ 2, 2, 14, 14 ], "texture": "#texture1" }
			}
		},
		{
			"__comment": "Box2",
			"from": [ 2, 0, 2 ],
			"to": [ 3, 2, 14 ],
			"faces": {
				"up": { "uv": [ 2, 2, 3, 14 ], "texture": "#texture" },
				"west": { "uv": [ 2, 12, 14, 14 ], "texture": "#texture" },
				"east": { "uv": [ 2, 12, 14, 14 ], "texture": "#texture" }
			}
		},
		{
			"__comment": "Box2",
			"from": [ 2.0001, 0, 13 ],
			"to": [ 14.0001, 2, 14 ],
			"faces": {
				"up": { "uv": [ 2, 2, 3, 14 ], "texture": "#texture", "rotation": 90 },
				"north": { "uv": [ 2, 12, 14, 14 ], "texture": "#texture" },
				"south": { "uv": [ 2, 12, 14, 14 ], "texture": "#texture" }
			}
		},
		{
			"__comment": "Box2",
			"from": [ 13, 0, 2 ],
			"to": [ 14, 2, 14 ],
			"faces": {
				"up": { "uv": [ 2, 2, 3, 14 ], "texture": "#texture" },
				"west": { "uv": [ 2, 12, 14, 14 ], "texture": "#texture" },
				"east": { "uv": [ 2, 12, 14, 14 ], "texture": "#texture" }
			}
		},
		{
			"__comment": "Box2",
			"from": [ 2, 0, 2 ],
			"to": [ 14, 2, 3 ],
			"faces": {
				"up": { "uv": [ 2, 2, 3, 14 ], "texture": "#texture", "rotation": 90 },
				"north": { "uv": [ 2, 12, 14, 14 ], "texture": "#texture" },
				"south": { "uv": [ 2, 12, 14, 14 ], "texture": "#texture" }
			}
		},
		{
			"__comment": "Box7",
			"from": [ 3, 1, 8 ],
			"to": [ 13, 2, 13 ],
			"faces": {
				"down": { "uv": [ 3, 3, 13, 8 ], "texture": "#particle" },
				"up": { "uv": [ 3, 8, 13, 13 ], "texture": "#particle" }
			}
		}
	]
}