{"__comment": "Designed by Blue_Beaker with Cubik Studio - https://cubik.studio", "textures": {"log": "3dres/tree/log_big_oak", "leaves": "3dres/tree/leaves_big_oak", "particle": "#leaves"}, "elements": [{"__comment": "Box1", "from": [6.5, 0, 6.5], "to": [9.5, 6, 9.5], "faces": {"down": {"uv": [8, 0, 16, 8], "texture": "#log"}, "up": {"uv": [8, 0, 16, 8], "texture": "#log"}, "north": {"uv": [0, 0, 8, 16], "texture": "#log"}, "south": {"uv": [0, 0, 8, 16], "texture": "#log"}, "west": {"uv": [0, 0, 8, 16], "texture": "#log"}, "east": {"uv": [0, 0, 8, 16], "texture": "#log"}}}, {"__comment": "Box1", "from": [3.5, 5, 3.5], "to": [12.5, 14, 12.5], "faces": {"down": {"uv": [0, 0, 16, 16], "texture": "#leaves"}, "up": {"uv": [0, 0, 16, 16], "texture": "#leaves"}, "north": {"uv": [0, 0, 16, 16], "texture": "#leaves"}, "south": {"uv": [0, 0, 16, 16], "texture": "#leaves"}, "west": {"uv": [0, 0, 16, 16], "texture": "#leaves"}, "east": {"uv": [0, 0, 16, 16], "texture": "#leaves"}}}], "display": {"thirdperson_righthand": {"rotation": [0, 45, 0], "translation": [0, 2.5, 0], "scale": [0.375, 0.375, 0.375]}, "thirdperson_lefthand": {"rotation": [0, 45, 0], "translation": [0, 2.5, 0], "scale": [0.375, 0.375, 0.375]}, "firstperson_righthand": {"rotation": [0, 45, 0], "translation": [0, 2, 0], "scale": [0.4, 0.4, 0.4]}, "firstperson_lefthand": {"rotation": [0, 45, 0], "translation": [0, 2, 0], "scale": [0.4, 0.4, 0.4]}, "gui": {"rotation": [30, 225, 0], "scale": [0.625, 0.625, 0.625]}, "ground": {"translation": [0, 3, 0], "scale": [0.25, 0.25, 0.25]}, "fixed": {"scale": [0.5, 0.5, 0.5]}}}