{
	"__comment": "Designed by Blue_Beaker with Cubik Studio - https://cubik.studio",
	"parent": "block/rail_flat",
	"textures": {
		"rail": "3dres/rails",
		"particle": "3dres/rail_particle"
	},
	"elements": [ 	 
		{
			"__comment": "Wood",
			"from": [ 1, 0, 13 ],
			"to": [ 15, 0.5, 15 ],
			"faces": {
				"down": { "uv": [ 0.5, 0, 15.5, 2 ], "texture": "#rail" },
				"up": { "uv": [ 0.5, 0, 15.5, 2 ], "texture": "#rail" },
				"north": { "uv": [ 0.5, 2, 15.5, 3 ], "texture": "#rail" },
				"south": { "uv": [ 0.5, 2, 15.5, 3 ], "texture": "#rail" },
				"west": { "uv": [ 0.5, 0, 1, 2 ], "texture": "#rail" },
				"east": { "uv": [ 0.5, 0, 1, 2 ], "texture": "#rail" }
			}
		},
		{
			"__comment": "Wood1",
			"from": [ 1, 0, 1 ],
			"to": [ 15, 0.5, 3 ],
			"faces": {
				"down": { "uv": [ 0.5, 0, 15.5, 2 ], "texture": "#rail" },
				"up": { "uv": [ 0.5, 0, 15.5, 2 ], "texture": "#rail" },
				"north": { "uv": [ 0.5, 2, 15.5, 3 ], "texture": "#rail" },
				"south": { "uv": [ 0.5, 2, 15.5, 3 ], "texture": "#rail" },
				"west": { "uv": [ 0.5, 0, 1, 2 ], "texture": "#rail" },
				"east": { "uv": [ 0.5, 0, 1, 2 ], "texture": "#rail" }
			}
		},
		{
			"__comment": "Wood2",
			"from": [ 1, 0, 5 ],
			"to": [ 15, 0.5, 7 ],
			"faces": {
				"down": { "uv": [ 0.5, 0, 15.5, 2 ], "texture": "#rail" },
				"up": { "uv": [ 0.5, 0, 15.5, 2 ], "texture": "#rail" },
				"north": { "uv": [ 0.5, 2, 15.5, 3 ], "texture": "#rail" },
				"south": { "uv": [ 0.5, 2, 15.5, 3 ], "texture": "#rail" },
				"west": { "uv": [ 0.5, 0, 1, 2 ], "texture": "#rail" },
				"east": { "uv": [ 0.5, 0, 1, 2 ], "texture": "#rail" }
			}
		},
		{
			"__comment": "Wood3",
			"from": [ 1, 0, 9 ],
			"to": [ 15, 0.5, 11 ],
			"faces": {
				"down": { "uv": [ 0.5, 0, 15.5, 2 ], "texture": "#rail" },
				"up": { "uv": [ 0.5, 0, 15.5, 2 ], "texture": "#rail" },
				"north": { "uv": [ 0.5, 2, 15.5, 3 ], "texture": "#rail" },
				"south": { "uv": [ 0.5, 2, 15.5, 3 ], "texture": "#rail" },
				"west": { "uv": [ 0.5, 0, 1, 2 ], "texture": "#rail" },
				"east": { "uv": [ 0.5, 0, 1, 2 ], "texture": "#rail" }
			}
		},
		{
			"__comment": "Box5",
			"from": [ 13, 0.5, 0 ],
			"to": [ 14, 1.5, 16 ],
			"faces": {
				"down": { "uv": [ 0, 3, 16, 5 ], "texture": "#rail", "rotation": 270 },
				"up": { "uv": [ 0, 3, 16, 5 ], "texture": "#rail", "rotation": 270 },
				"north": { "uv": [ 0, 3, 16, 5 ], "texture": "#rail", "rotation": 270 },
				"south": { "uv": [ 0, 3, 16, 5 ], "texture": "#rail", "rotation": 270 },
				"west": { "uv": [ 0, 3, 16, 5 ], "texture": "#rail", "rotation": 180 },
				"east": { "uv": [ 0, 3, 16, 5 ], "texture": "#rail", "rotation": 180 }
			}
		},
		{
			"__comment": "Box5",
			"from": [ 2, 0.5, 0 ],
			"to": [ 3, 1.5, 16 ],
			"faces": {
				"down": { "uv": [ 0, 3, 16, 5 ], "texture": "#rail", "rotation": 270 },
				"up": { "uv": [ 0, 3, 16, 5 ], "texture": "#rail", "rotation": 270 },
				"north": { "uv": [ 0, 3, 16, 5 ], "texture": "#rail", "rotation": 270 },
				"south": { "uv": [ 0, 3, 16, 5 ], "texture": "#rail", "rotation": 270 },
				"west": { "uv": [ 0, 3, 16, 5 ], "texture": "#rail", "rotation": 180 },
				"east": { "uv": [ 0, 3, 16, 5 ], "texture": "#rail", "rotation": 180 }
			}
		},
		{
			"__comment": "Box7",
			"from": [ 6.5, 0.5, 6.5 ],
			"to": [ 9.5, 1, 9.5 ],
			"faces": {
				"down": { "uv": [ 0, 10, 3, 13 ], "texture": "#rail" },
				"up": { "uv": [ 0, 10, 3, 13 ], "texture": "#rail" },
				"north": { "uv": [ 0, 10, 3, 10.5 ], "texture": "#rail" },
				"south": { "uv": [ 0, 10, 3, 10.5 ], "texture": "#rail" },
				"west": { "uv": [ 0, 10, 3, 10.5 ], "texture": "#rail" },
				"east": { "uv": [ 0, 10, 3, 10.5 ], "texture": "#rail" }
			}
		},
		{
			"__comment": "Box8",
			"from": [ 12.5, 0.5, 0 ],
			"to": [ 13, 1, 16 ],
			"faces": {
				"down": { "uv": [ 0, 9.5, 16, 10 ], "texture": "#rail" },
				"up": { "uv": [ 0, 9.5, 16, 10 ], "texture": "#rail" },
				"north": { "uv": [ 0, 9.5, 16, 10 ], "texture": "#rail" },
				"south": { "uv": [ 0, 9.5, 16, 10 ], "texture": "#rail" },
				"west": { "uv": [ 0, 9.5, 16, 10 ], "texture": "#rail" },
				"east": { "uv": [ 0, 9.5, 16, 10 ], "texture": "#rail" }
			}
		},
		{
			"__comment": "Box8",
			"from": [ 3, 0.5, 0 ],
			"to": [ 3.5, 1, 16 ],
			"faces": {
				"down": { "uv": [ 0, 9.5, 16, 10 ], "texture": "#rail" },
				"up": { "uv": [ 0, 9.5, 16, 10 ], "texture": "#rail" },
				"north": { "uv": [ 0, 9.5, 16, 10 ], "texture": "#rail" },
				"south": { "uv": [ 0, 9.5, 16, 10 ], "texture": "#rail" },
				"west": { "uv": [ 0, 9.5, 16, 10 ], "texture": "#rail" },
				"east": { "uv": [ 0, 9.5, 16, 10 ], "texture": "#rail" }
			}
		}
	],
	"display": {
		"thirdperson_righthand": {
			"rotation":  [ 75, 45, 0 ],
			"translation":  [ 0, 2.5, 0 ],
			"scale":  [ 0.375, 0.375, 0.375 ]
		},
		"thirdperson_lefthand": {
			"rotation":  [ 75, 45, 0 ],
			"translation":  [ 0, 2.5, 0 ],
			"scale":  [ 0.375, 0.375, 0.375 ]
		},
		"firstperson_righthand": {
			"rotation":  [ 0, 45, 0 ],
			"translation":  [ 0, 4, 0 ],
			"scale":  [ 0.4, 0.4, 0.4 ]
		},
		"firstperson_lefthand": {
			"rotation":  [ 0, 45, 0 ],
			"translation":  [ 0, 4, 0 ],
			"scale":  [ 0.4, 0.4, 0.4 ]
		},
		"gui": {
			"rotation":  [ 30, 225, 0 ],
			"scale":  [ 0.625, 0.625, 0.625 ]
		},
		"ground": {
			"translation":  [ 0, 3, 0 ],
			"scale":  [ 0.25, 0.25, 0.25 ]
		},
		"fixed": {
			"scale":  [ 0.5, 0.5, 0.5 ]
		}
	}
}