{
	"__comment": "Designed by Blue_Beaker with Cubik Studio - https://cubik.studio",
	"textures": {
		"particle": "blocks/double_plant_rose_bottom",
		"texture": "3dres/flowers/double_plant_rose"
	},
	"elements": [ 	 
		{
			"__comment": "Box1",
			"from": [ 7.5, 16, 7.5 ],
			"to": [ 8.5, 24, 8.5 ],
			"faces": {
				"down": { "uv": [ 0, 0, 2, 2 ], "texture": "#texture", "rotation": 90 },
				"north": { "uv": [ 0, 9, 2, 16 ], "texture": "#texture" },
				"south": { "uv": [ 0, 9, 2, 16 ], "texture": "#texture" },
				"west": { "uv": [ 2, 9, 0, 16 ], "texture": "#texture" },
				"east": { "uv": [ 2, 9, 0, 16 ], "texture": "#texture" }
			}
		},
		{
			"__comment": "Box2",
			"from": [ 9.5, 24, 6 ],
			"to": [ 10, 28, 10 ],
			"faces": {
				"up": { "uv": [ 9, 0, 10, 8 ], "texture": "#texture" },
				"west": { "uv": [ 2, 0, 10, 8 ], "texture": "#texture" },
				"east": { "uv": [ 2, 0, 10, 8 ], "texture": "#texture" }
			}
		},
		{
			"__comment": "Box2",
			"from": [ 6, 24, 6 ],
			"to": [ 10, 24.5, 10 ],
			"faces": {
				"down": { "uv": [ 2, 0, 10, 8 ], "texture": "#texture" },
				"up": { "uv": [ 2, 0, 10, 8 ], "texture": "#texture" }
			}
		},
		{
			"__comment": "Box2",
			"from": [ 6, 24, 6 ],
			"to": [ 10, 28, 6.5 ],
			"faces": {
				"up": { "uv": [ 2, 0, 10, 1 ], "texture": "#texture" },
				"north": { "uv": [ 2, 0, 10, 8 ], "texture": "#texture" },
				"south": { "uv": [ 2, 0, 10, 8 ], "texture": "#texture" }
			}
		},
		{
			"__comment": "Box2",
			"from": [ 6, 24, 9.5 ],
			"to": [ 10, 28, 10 ],
			"faces": {
				"up": { "uv": [ 2, 7, 10, 8 ], "texture": "#texture" },
				"north": { "uv": [ 2, 0, 10, 8 ], "texture": "#texture" },
				"south": { "uv": [ 2, 0, 10, 8 ], "texture": "#texture" }
			}
		},
		{
			"__comment": "Box2",
			"from": [ 6, 24, 9.5 ],
			"to": [ 10, 28, 10 ],
			"faces": {
				"north": { "uv": [ 2, 0, 10, 8 ], "texture": "#texture" },
				"south": { "uv": [ 2, 0, 10, 8 ], "texture": "#texture" }
			}
		},
		{
			"__comment": "Box2",
			"from": [ 6, 24, 6 ],
			"to": [ 6.5, 28, 10 ],
			"faces": {
				"up": { "uv": [ 2, 0, 3, 8 ], "texture": "#texture" },
				"west": { "uv": [ 2, 0, 10, 8 ], "texture": "#texture" },
				"east": { "uv": [ 2, 0, 10, 8 ], "texture": "#texture" }
			}
		},
		{
			"__comment": "Box8",
			"from": [ 6, 23, 8.5 ],
			"to": [ 10, 23.5, 11.5 ],
			"rotation": { "origin": [ 6, 23, 8.5 ], "axis": "x", "angle": -22.5 },
			"faces": {
				"down": { "uv": [ 2, 8, 10, 16 ], "texture": "#texture" },
				"up": { "uv": [ 2, 16, 10, 8 ], "texture": "#texture" },
				"north": { "uv": [ 10, 16, 2, 8 ], "texture": "#texture" },
				"south": { "uv": [ 2, 8, 10, 16 ], "texture": "#texture" },
				"west": { "uv": [ 2, 8, 3, 16 ], "texture": "#texture", "rotation": 90 },
				"east": { "uv": [ 3, 8, 4, 16 ], "texture": "#texture", "rotation": 270 }
			}
		},
		{
			"__comment": "Box8",
			"from": [ 8.5, 23, 6 ],
			"to": [ 11.5, 23.5, 10 ],
			"rotation": { "origin": [ 8.5, 23, 6 ], "axis": "z", "angle": 22.5 },
			"faces": {
				"down": { "uv": [ 10, 8, 2, 16 ], "texture": "#texture", "rotation": 90 },
				"up": { "uv": [ 10, 16, 2, 8 ], "texture": "#texture", "rotation": 270 },
				"north": { "uv": [ 3, 16, 2, 8 ], "texture": "#texture", "rotation": 90 },
				"south": { "uv": [ 4, 16, 3, 8 ], "texture": "#texture", "rotation": 270 },
				"west": { "uv": [ 2, 16, 10, 8 ], "texture": "#texture" },
				"east": { "uv": [ 2, 8, 10, 16 ], "texture": "#texture", "rotation": 180 }
			}
		},
		{
			"__comment": "Box8",
			"from": [ 4.5, 23, 6 ],
			"to": [ 7.5, 23.5, 10 ],
			"rotation": { "origin": [ 7.5, 23, 6 ], "axis": "z", "angle": -22.5 },
			"faces": {
				"down": { "uv": [ 10, 16, 2, 8 ], "texture": "#texture", "rotation": 90 },
				"up": { "uv": [ 10, 8, 2, 16 ], "texture": "#texture", "rotation": 270 },
				"north": { "uv": [ 3, 16, 2, 8 ], "texture": "#texture", "rotation": 270 },
				"south": { "uv": [ 4, 16, 3, 8 ], "texture": "#texture", "rotation": 90 },
				"west": { "uv": [ 10, 16, 2, 8 ], "texture": "#texture", "rotation": 180 },
				"east": { "uv": [ 10, 8, 2, 16 ], "texture": "#texture" }
			}
		},
		{
			"__comment": "Box8",
			"from": [ 6, 23, 4.5 ],
			"to": [ 10, 23.5, 7.5 ],
			"rotation": { "origin": [ 6, 23, 7.5 ], "axis": "x", "angle": 22.5 },
			"faces": {
				"down": { "uv": [ 2, 16, 10, 8 ], "texture": "#texture" },
				"up": { "uv": [ 2, 8, 10, 16 ], "texture": "#texture" },
				"north": { "uv": [ 10, 16, 2, 8 ], "texture": "#texture" },
				"south": { "uv": [ 2, 8, 10, 16 ], "texture": "#texture" },
				"west": { "uv": [ 2, 8, 3, 16 ], "texture": "#texture", "rotation": 270 },
				"east": { "uv": [ 3, 8, 4, 16 ], "texture": "#texture", "rotation": 90 }
			}
		},
		{
			"__comment": "Box1",
			"from": [ 7.5, 0, 7.5 ],
			"to": [ 8.5, 16, 8.5 ],
			"faces": {
				"down": { "uv": [ 0, 0, 2, 2 ], "texture": "#texture", "rotation": 90 },
				"north": { "uv": [ 0, 9, 2, 16 ], "texture": "#texture" },
				"south": { "uv": [ 0, 9, 2, 16 ], "texture": "#texture" },
				"west": { "uv": [ 2, 9, 0, 16 ], "texture": "#texture" },
				"east": { "uv": [ 2, 9, 0, 16 ], "texture": "#texture" }
			}
		}
	],
	"display": {
		"thirdperson_righthand": {
			"rotation":  [ 0, 180, 0 ],
			"translation":  [ 0, 0, 1 ],
			"scale":  [ 0.375, 0.375, 0.375 ]
		},
		"thirdperson_lefthand": {
			"translation":  [ 0, 0, 1 ],
			"scale":  [ 0.375, 0.375, 0.375 ]
		},
		"firstperson_righthand": {
			"rotation":  [ 0, 180, 0 ],
			"scale":  [ 0.4, 0.4, 0.4 ]
		},
		"firstperson_lefthand": {
			"scale":  [ 0.4, 0.4, 0.4 ]
		},
		"gui": {
			"rotation":  [ 30, 225, 0 ],
			"translation":  [ 0, -3, 0 ],
			"scale":  [ 0.5, 0.5, 0.5 ]
		},
		"ground": {
			"translation":  [ 0, 3, 0 ],
			"scale":  [ 0.25, 0.25, 0.25 ]
		},
		"fixed": {
			"translation":  [ 0, -4, 0 ],
			"scale":  [ 0.5, 0.5, 0.5 ]
		}
	}
}