{
	"credit": "Designed by  with Cubik Studio - https://cubik.studio",
	"textures": {
		"particle": "items/ender_eye",
		"texture": "3dres/ender_eye",
		"texture2": "3dres/ender_eye_frame"
	},
	"elements": [
		{
			"name": "Box2",
			"from": [5, 5, 7],
			"to": [11, 11, 9],
			"faces": {
				"north": {"uv": [5, 5, 11, 11], "texture": "#texture"},
				"east": {"uv": [5, 5, 7, 11], "texture": "#texture"},
				"south": {"uv": [5, 5, 11, 11], "texture": "#texture"},
				"west": {"uv": [5, 5, 7, 11], "texture": "#texture"},
				"up": {"uv": [5, 5, 11, 7], "texture": "#texture"},
				"down": {"uv": [5, 5, 11, 7], "texture": "#texture"}
			}
		},
		{
			"name": "Box3",
			"from": [11, 4, 11],
			"to": [12, 12, 12],
			"faces": {
				"north": {"uv": [4, 4, 5, 12], "texture": "#texture2"},
				"east": {"uv": [4, 4, 5, 12], "texture": "#texture2"},
				"south": {"uv": [11, 4, 12, 12], "texture": "#texture2"},
				"west": {"uv": [11, 4, 12, 12], "texture": "#texture2"}
			}
		},
		{
			"name": "Box3",
			"from": [11, 4, 4],
			"to": [12, 12, 5],
			"faces": {
				"north": {"uv": [4, 4, 5, 12], "texture": "#texture2"},
				"east": {"uv": [11, 4, 12, 12], "texture": "#texture2"},
				"south": {"uv": [11, 4, 12, 12], "texture": "#texture2"},
				"west": {"uv": [4, 4, 5, 12], "texture": "#texture2"}
			}
		},
		{
			"name": "Box3",
			"from": [4, 11, 4],
			"to": [12, 12, 5],
			"faces": {
				"north": {"uv": [4, 4, 12, 5], "texture": "#texture2"},
				"south": {"uv": [4, 4, 12, 5], "texture": "#texture2"},
				"up": {"uv": [4, 4, 12, 5], "texture": "#texture2"},
				"down": {"uv": [4, 11, 12, 12], "texture": "#texture2"}
			}
		},
		{
			"name": "Box3",
			"from": [4, 11, 4],
			"to": [5, 12, 12],
			"faces": {
				"east": {"uv": [4, 4, 12, 5], "texture": "#texture2"},
				"west": {"uv": [4, 4, 12, 5], "texture": "#texture2"},
				"up": {"uv": [4, 4, 5, 12], "texture": "#texture2"},
				"down": {"uv": [4, 4, 5, 12], "texture": "#texture2"}
			}
		},
		{
			"name": "Box3",
			"from": [4, 4, 11],
			"to": [5, 12, 12],
			"faces": {
				"north": {"uv": [11, 4, 12, 12], "texture": "#texture2"},
				"east": {"uv": [4, 4, 5, 12], "texture": "#texture2"},
				"south": {"uv": [4, 4, 5, 12], "texture": "#texture2"},
				"west": {"uv": [11, 4, 12, 12], "texture": "#texture2"}
			}
		},
		{
			"name": "Box3",
			"from": [4, 4, 4],
			"to": [12, 5, 5],
			"faces": {
				"north": {"uv": [4, 11, 12, 12], "texture": "#texture2"},
				"south": {"uv": [4, 11, 12, 12], "texture": "#texture2"},
				"up": {"uv": [4, 4, 12, 5], "texture": "#texture2"},
				"down": {"uv": [4, 11, 12, 12], "texture": "#texture2"}
			}
		},
		{
			"name": "Box3",
			"from": [4, 11, 11],
			"to": [12, 12, 12],
			"faces": {
				"north": {"uv": [4, 4, 12, 5], "texture": "#texture2"},
				"south": {"uv": [4, 4, 12, 5], "texture": "#texture2"},
				"up": {"uv": [4, 11, 12, 12], "texture": "#texture2"},
				"down": {"uv": [4, 4, 12, 5], "texture": "#texture2"}
			}
		},
		{
			"name": "Box3",
			"from": [4, 4, 11],
			"to": [12, 5, 12],
			"faces": {
				"north": {"uv": [4, 11, 12, 12], "texture": "#texture2"},
				"south": {"uv": [4, 11, 12, 12], "texture": "#texture2"},
				"up": {"uv": [4, 11, 12, 12], "texture": "#texture2"},
				"down": {"uv": [4, 4, 12, 5], "texture": "#texture2"}
			}
		},
		{
			"name": "Box3",
			"from": [4, 4, 4],
			"to": [5, 12, 5],
			"faces": {
				"north": {"uv": [11, 4, 12, 12], "texture": "#texture2"},
				"east": {"uv": [11, 4, 12, 12], "texture": "#texture2"},
				"south": {"uv": [4, 4, 5, 12], "texture": "#texture2"},
				"west": {"uv": [4, 4, 5, 12], "texture": "#texture2"}
			}
		},
		{
			"name": "Box3",
			"from": [4, 4, 4],
			"to": [5, 5, 12],
			"faces": {
				"east": {"uv": [4, 11, 12, 12], "texture": "#texture2"},
				"west": {"uv": [4, 11, 12, 12], "texture": "#texture2"},
				"up": {"uv": [4, 4, 5, 12], "texture": "#texture2"},
				"down": {"uv": [4, 4, 5, 12], "texture": "#texture2"}
			}
		},
		{
			"name": "Box3",
			"from": [11, 4, 4],
			"to": [12, 5, 12],
			"faces": {
				"east": {"uv": [4, 11, 12, 12], "texture": "#texture2"},
				"west": {"uv": [4, 11, 12, 12], "texture": "#texture2"},
				"up": {"uv": [11, 4, 12, 12], "texture": "#texture2"},
				"down": {"uv": [11, 4, 12, 12], "texture": "#texture2"}
			}
		},
		{
			"name": "Box3",
			"from": [11, 11, 4],
			"to": [12, 12, 12],
			"faces": {
				"east": {"uv": [4, 4, 12, 5], "texture": "#texture2"},
				"west": {"uv": [4, 4, 12, 5], "texture": "#texture2"},
				"up": {"uv": [11, 4, 12, 12], "texture": "#texture2"},
				"down": {"uv": [11, 4, 12, 12], "texture": "#texture2"}
			}
		}
	],
	"gui_light": "front",
	"display": {
		"thirdperson_righthand": {
			"rotation": [0, -30, 0],
			"translation": [0, 2.5, 0],
			"scale": [0.375, 0.375, 0.375]
		},
		"thirdperson_lefthand": {
			"rotation": [0, -30, 0],
			"translation": [0, 2.5, 0],
			"scale": [0.375, 0.375, 0.375]
		},
		"firstperson_righthand": {
			"rotation": [0, -30, 0],
			"scale": [0.4, 0.4, 0.4]
		},
		"firstperson_lefthand": {
			"rotation": [0, -30, 0],
			"scale": [0.4, 0.4, 0.4]
		},
		"ground": {
			"translation": [0, 2, 0],
			"scale": [0.5, 0.5, 0.5]
		},
		"gui": {
			"rotation": [0, 180, 0]
		}
	}
}