{
	"__comment": "Designed by Blue_Beaker with Cubik Studio - https://cubik.studio",
	"textures": {
		"texture": "3dres/potion_bottle_splash",
		"particle": "3dres/exp"
	},
	"elements": [ 	 
		{
			"__comment": "Box1",
			"from": [ 3, 0, 3 ],
			"to": [ 13, 1, 13 ],
			"faces": {
				"down": { "uv": [ 0, 0, 5, 5 ], "texture": "#texture" },
				"up": { "uv": [ 5, 0, 10, 5 ], "texture": "#texture" }
			}
		},
		{
			"__comment": "Box1",
			"from": [ 3, 0, 3 ],
			"to": [ 13, 10, 4 ],
			"faces": {
				"north": { "uv": [ 0, 0, 5, 5 ], "texture": "#texture" },
				"south": { "uv": [ 5, 0, 10, 5 ], "texture": "#texture" }
			}
		},
		{
			"__comment": "Box1",
			"from": [ 3, 0, 12 ],
			"to": [ 13, 10, 13 ],
			"faces": {
				"north": { "uv": [ 5, 0, 10, 5 ], "texture": "#texture" },
				"south": { "uv": [ 0, 0, 5, 5 ], "texture": "#texture" }
			}
		},
		{
			"__comment": "Box1",
			"from": [ 3, 0, 3 ],
			"to": [ 4, 10, 13 ],
			"faces": {
				"west": { "uv": [ 0, 0, 5, 5 ], "texture": "#texture" },
				"east": { "uv": [ 5, 0, 10, 5 ], "texture": "#texture" }
			}
		},
		{
			"__comment": "Box1",
			"from": [ 12, 0, 3 ],
			"to": [ 13, 10, 13 ],
			"faces": {
				"west": { "uv": [ 5, 0, 10, 5 ], "texture": "#texture" },
				"east": { "uv": [ 0, 0, 5, 5 ], "texture": "#texture" }
			}
		},
		{
			"__comment": "Box1",
			"from": [ 3, 9, 3 ],
			"to": [ 13, 10, 13 ],
			"faces": {
				"down": { "uv": [ 10, 5.5, 15, 10.5 ], "texture": "#texture" },
				"up": { "uv": [ 10, 10.5, 15, 15.5 ], "texture": "#texture" }
			}
		},
		{
			"__comment": "Box7",
			"from": [ 6, 9, 6 ],
			"to": [ 7, 13, 10 ],
			"faces": {
				"west": { "uv": [ 6, 6.5, 8, 8.5 ], "texture": "#texture" },
				"east": { "uv": [ 8, 6.5, 10, 8.5 ], "texture": "#texture" }
			}
		},
		{
			"__comment": "Box7",
			"from": [ 9, 9, 6 ],
			"to": [ 10, 13, 10 ],
			"faces": {
				"west": { "uv": [ 8, 6.5, 10, 8.5 ], "texture": "#texture" },
				"east": { "uv": [ 6, 6.5, 8, 8.5 ], "texture": "#texture" }
			}
		},
		{
			"__comment": "Box7",
			"from": [ 6, 9, 6 ],
			"to": [ 10, 13, 7 ],
			"faces": {
				"north": { "uv": [ 6, 6.5, 8, 8.5 ], "texture": "#texture" },
				"south": { "uv": [ 8, 6.5, 10, 8.5 ], "texture": "#texture" }
			}
		},
		{
			"__comment": "Box7",
			"from": [ 6, 9, 9 ],
			"to": [ 10, 13, 10 ],
			"faces": {
				"north": { "uv": [ 8, 6.5, 10, 8.5 ], "texture": "#texture" },
				"south": { "uv": [ 6, 6.5, 8, 8.5 ], "texture": "#texture" }
			}
		},
		{
			"__comment": "Box11",
			"from": [ 5, 12, 5 ],
			"to": [ 11, 13, 11 ],
			"faces": {
				"down": { "uv": [ 6, 10, 9, 13 ], "texture": "#texture" },
				"up": { "uv": [ 6, 10, 9, 13 ], "texture": "#texture" },
				"north": { "uv": [ 6, 9, 9, 9.5 ], "texture": "#texture" },
				"south": { "uv": [ 6, 9, 9, 9.5 ], "texture": "#texture" },
				"west": { "uv": [ 6, 9, 9, 9.5 ], "texture": "#texture" },
				"east": { "uv": [ 6, 9, 9, 9.5 ], "texture": "#texture" }
			}
		},
		{
			"__comment": "Box12",
			"from": [ 6, 13, 6 ],
			"to": [ 10, 13.5, 10 ],
			"faces": {
				"down": { "uv": [ 0, 5.5, 4, 9.5 ], "texture": "#texture" },
				"up": { "uv": [ 0, 5.5, 4, 9.5 ], "texture": "#texture" },
				"north": { "uv": [ 6, 5.5, 10, 6.5 ], "texture": "#texture" },
				"south": { "uv": [ 6, 5.5, 10, 6.5 ], "texture": "#texture" },
				"west": { "uv": [ 6, 5.5, 10, 6.5 ], "texture": "#texture" },
				"east": { "uv": [ 6, 5.5, 10, 6.5 ], "texture": "#texture" }
			}
		},
		{
			"__comment": "Box12",
			"from": [ 7, 10.5, 7 ],
			"to": [ 9, 13.5, 9 ],
			"faces": {
				"down": { "uv": [ 4, 5.5, 6, 7.5 ], "texture": "#texture" },
				"north": { "uv": [ 4, 7.5, 6, 10.5 ], "texture": "#texture" },
				"south": { "uv": [ 4, 7.5, 6, 10.5 ], "texture": "#texture" },
				"west": { "uv": [ 4, 7.5, 6, 10.5 ], "texture": "#texture" },
				"east": { "uv": [ 4, 7.5, 6, 10.5 ], "texture": "#texture" }
			}
		},
		{
			"__comment": "Box14",
			"from": [ 4, 1, 4 ],
			"to": [ 12, 7, 12 ],
			"faces": {
				"down": { "uv": [ 4, 4, 12, 12 ], "texture": "#particle" },
				"up": { "uv": [ 4, 4, 12, 12 ], "texture": "#particle" },
				"north": { "uv": [ 4, 9, 12, 15 ], "texture": "#particle" },
				"south": { "uv": [ 4, 9, 12, 15 ], "texture": "#particle" },
				"west": { "uv": [ 4, 9, 12, 15 ], "texture": "#particle" },
				"east": { "uv": [ 4, 9, 12, 15 ], "texture": "#particle" }
			}
		}
	],
	"display": {
		"thirdperson_righthand": {
			"rotation":  [ 75, 45, 0 ],
			"translation":  [ 0, 2.5, 0 ],
			"scale":  [ 0.375, 0.375, 0.375 ]
		},
		"thirdperson_lefthand": {
			"rotation":  [ 75, 45, 0 ],
			"translation":  [ 0, 2.5, 0 ],
			"scale":  [ 0.375, 0.375, 0.375 ]
		},
		"firstperson_righthand": {
			"rotation":  [ 0, 45, 0 ],
			"translation":  [ 0, 3, 0 ],
			"scale":  [ 0.4, 0.4, 0.4 ]
		},
		"firstperson_lefthand": {
			"rotation":  [ 0, 45, 0 ],
			"translation":  [ 0, 3, 0 ],
			"scale":  [ 0.4, 0.4, 0.4 ]
		},
		"gui": {
			"rotation":  [ 30, 225, 0 ],
			"scale":  [ 0.625, 0.625, 0.625 ]
		},
		"ground": {
			"translation":  [ 0, 2, 0 ],
			"scale":  [ 0.5, 0.5, 0.5 ]
		}
	}
}