{
	"__comment": "Designed by Blue_Beaker with Cubik Studio - https://cubik.studio",
	"textures": {
		"texture": "3dres/fireworks"
	},
	"elements": [ 	 
		{
			"__comment": "Box1",
			"from": [ 6.5, 3.5, 6.5 ],
			"to": [ 9.5, 11.5, 9.5 ],
			"faces": {
				"down": { "uv": [ 0, 13, 3, 16 ], "texture": "#texture" },
				"north": { "uv": [ 0, 0, 3, 8 ], "texture": "#texture" },
				"south": { "uv": [ 0, 0, 3, 8 ], "texture": "#texture" },
				"west": { "uv": [ 0, 0, 3, 8 ], "texture": "#texture" },
				"east": { "uv": [ 0, 0, 3, 8 ], "texture": "#texture" }
			}
		},
		{
			"__comment": "Box2",
			"from": [ 7.5, 0.5, 8.5 ],
			"to": [ 8.5, 1.5, 12 ],
			"faces": {
				"down": { "uv": [ 14, 15, 15, 16 ], "texture": "#texture" },
				"up": { "uv": [ 14, 15, 15, 16 ], "texture": "#texture" },
				"south": { "uv": [ 14, 15, 15, 16 ], "texture": "#texture" },
				"west": { "uv": [ 14, 15, 15, 16 ], "texture": "#texture" },
				"east": { "uv": [ 14, 15, 15, 16 ], "texture": "#texture" }
			}
		},
		{
			"__comment": "Box2",
			"from": [ 5.5, 11.5, 5.5 ],
			"to": [ 10.5, 12.5, 10.5 ],
			"faces": {
				"down": { "uv": [ 14, 15, 15, 16 ], "texture": "#texture" },
				"up": { "uv": [ 14, 15, 15, 16 ], "texture": "#texture" },
				"north": { "uv": [ 14, 15, 15, 16 ], "texture": "#texture" },
				"south": { "uv": [ 14, 15, 15, 16 ], "texture": "#texture" },
				"west": { "uv": [ 14, 15, 15, 16 ], "texture": "#texture" },
				"east": { "uv": [ 14, 15, 15, 16 ], "texture": "#texture" }
			}
		},
		{
			"__comment": "Box2",
			"from": [ 6.5, 12.5, 6.5 ],
			"to": [ 9.5, 13.5, 9.5 ],
			"faces": {
				"up": { "uv": [ 14, 15, 15, 16 ], "texture": "#texture" },
				"north": { "uv": [ 14, 15, 15, 16 ], "texture": "#texture" },
				"south": { "uv": [ 14, 15, 15, 16 ], "texture": "#texture" },
				"west": { "uv": [ 14, 15, 15, 16 ], "texture": "#texture" },
				"east": { "uv": [ 14, 15, 15, 16 ], "texture": "#texture" }
			}
		},
		{
			"__comment": "Box2",
			"from": [ 7.5, 13.5, 7.5 ],
			"to": [ 8.5, 14.5, 8.5 ],
			"faces": {
				"up": { "uv": [ 14, 15, 15, 16 ], "texture": "#texture" },
				"north": { "uv": [ 14, 15, 15, 16 ], "texture": "#texture" },
				"south": { "uv": [ 14, 15, 15, 16 ], "texture": "#texture" },
				"west": { "uv": [ 14, 15, 15, 16 ], "texture": "#texture" },
				"east": { "uv": [ 14, 15, 15, 16 ], "texture": "#texture" }
			}
		},
		{
			"__comment": "Box2",
			"from": [ 7.5, 0.5, 7.5 ],
			"to": [ 8.5, 3.5, 8.5 ],
			"faces": {
				"down": { "uv": [ 14, 15, 15, 16 ], "texture": "#texture" },
				"north": { "uv": [ 14, 15, 15, 16 ], "texture": "#texture" },
				"south": { "uv": [ 14, 15, 15, 16 ], "texture": "#texture" },
				"west": { "uv": [ 14, 15, 15, 16 ], "texture": "#texture" },
				"east": { "uv": [ 14, 15, 15, 16 ], "texture": "#texture" }
			}
		}
	],
	"display": {
		"thirdperson_righthand": {
			"rotation":  [ 75, 45, 0 ],
			"translation":  [ 0, 2.5, 0 ],
			"scale":  [ 0.375, 0.375, 0.375 ]
		},
		"thirdperson_lefthand": {
			"rotation":  [ 75, 45, 0 ],
			"translation":  [ 0, 2.5, 0 ],
			"scale":  [ 0.375, 0.375, 0.375 ]
		},
		"firstperson_righthand": {
			"rotation":  [ 0, 45, 0 ],
			"scale":  [ 0.4, 0.4, 0.4 ]
		},
		"firstperson_lefthand": {
			"rotation":  [ 0, 45, 0 ],
			"scale":  [ 0.4, 0.4, 0.4 ]
		},
		"gui": {
			"rotation":  [ 30, 135, 0 ],
			"scale":  [ 0.625, 0.625, 0.625 ]
		},
		"ground": {
			"translation":  [ 0, 3, 0 ],
			"scale":  [ 0.25, 0.25, 0.25 ]
		},
		"fixed": {
			"rotation":  [ 0, -90, 0 ],
			"scale":  [ 0.5, 0.5, 0.5 ]
		}
	}
}