{
	"__comment": "Designed by Blue_Beaker with Cubik Studio - https://cubik.studio",
	"textures": {
		"texture": "3dres/minecart/minecart",
		"tnt": "3dres/minecart/tnt",
		"particle": "3dres/furnace/furnace_front_off",
		"cap": "blocks/furnace_top",
		"side": "blocks/furnace_side",
		"front": "3dres/furnace/furnace_front_off",
		"coal": "blocks/coal_block",
		"fire": "blocks/fire_layer_0",
		"fire1": "blocks/fire_layer_1",
		"lava": "blocks/lava_still"
	},
	"elements": [ 	 
		{
			"__comment": "Box1",
			"from": [ 0, 0, -2 ],
			"to": [ 16, 2, 18 ],
			"faces": {
				"down": { "uv": [ 0.5, 3, 5.5, 7 ], "texture": "#texture", "rotation": 90 },
				"up": { "uv": [ 6, 3, 11, 7 ], "texture": "#texture", "rotation": 90 },
				"north": { "uv": [ 5.5, 3, 6, 7 ], "texture": "#texture", "rotation": 90 },
				"south": { "uv": [ 0, 3, 0.5, 7 ], "texture": "#texture", "rotation": 90 },
				"west": { "uv": [ 0.5, 5, 5.5, 6 ], "texture": "#texture" },
				"east": { "uv": [ 5.5, 5, 10.5, 6 ], "texture": "#texture" }
			}
		},
		{
			"__comment": "Box2",
			"from": [ 0, 2, 16 ],
			"to": [ 16, 11, 18 ],
			"faces": {
				"down": { "uv": [ 0, 0, 16, 2 ], "texture": "#texture", "rotation": 180 },
				"up": { "uv": [ 0.5, 0, 4.5, 0.5 ], "texture": "#texture", "rotation": 180 },
				"north": { "uv": [ 0.5, 0.5, 4.5, 2.5 ], "texture": "#texture" },
				"south": { "uv": [ 4.5, 0.5, 9, 2.5 ], "texture": "#texture" },
				"west": { "uv": [ 0, 0.5, 0.5, 2.5 ], "texture": "#texture" },
				"east": { "uv": [ 0, 0.5, 0.5, 2.5 ], "texture": "#texture" }
			}
		},
		{
			"__comment": "Box2",
			"from": [ 0, 2, -2 ],
			"to": [ 16, 11, 0 ],
			"faces": {
				"down": { "uv": [ 0, 0, 16, 2 ], "texture": "#texture" },
				"up": { "uv": [ 0.5, 0, 4.5, 0.5 ], "texture": "#texture" },
				"north": { "uv": [ 4.5, 0.5, 9, 2.5 ], "texture": "#texture" },
				"south": { "uv": [ 0.5, 0.5, 4.5, 2.5 ], "texture": "#texture" },
				"west": { "uv": [ 0, 0.5, 0.5, 2.5 ], "texture": "#texture" },
				"east": { "uv": [ 0, 0.5, 0.5, 2.5 ], "texture": "#texture" }
			}
		},
		{
			"__comment": "Box2",
			"from": [ 0, 2, 0 ],
			"to": [ 2, 11, 16 ],
			"faces": {
				"down": { "uv": [ 0, 0, 16, 2 ], "texture": "#texture", "rotation": 90 },
				"up": { "uv": [ 0.5, 0, 4.5, 0.5 ], "texture": "#texture", "rotation": 270 },
				"west": { "uv": [ 0.5, 0.5, 4.5, 2.5 ], "texture": "#texture" },
				"east": { "uv": [ 0.5, 0.5, 4.5, 2.5 ], "texture": "#texture" }
			}
		},
		{
			"__comment": "Box2",
			"from": [ 14, 2, 0 ],
			"to": [ 16, 11, 16 ],
			"faces": {
				"down": { "uv": [ 0, 0, 16, 2 ], "texture": "#texture", "rotation": 270 },
				"up": { "uv": [ 0.5, 0, 4.5, 0.5 ], "texture": "#texture", "rotation": 90 },
				"west": { "uv": [ 0.5, 0.5, 4.5, 2.5 ], "texture": "#texture" },
				"east": { "uv": [ 0.5, 0.5, 4.5, 2.5 ], "texture": "#texture" }
			}
		},
		{
			"__comment": "Box2",
			"from": [ 1, 2.125, 6.25 ],
			"to": [ 15, 16.125, 15 ],
			"faces": {
				"down": { "uv": [ 0, 0, 16, 10 ], "texture": "#cap" },
				"up": { "uv": [ 0, 6, 16, 16 ], "texture": "#cap" },
				"north": { "uv": [ 0, 0, 16, 16 ], "texture": "#front", "cullface": "north" },
				"south": { "uv": [ 0, 0, 16, 16 ], "texture": "#side" },
				"west": { "uv": [ 6, 0, 16, 16 ], "texture": "#side" },
				"east": { "uv": [ 0, 0, 10, 16 ], "texture": "#side" }
			}
		},
		{
			"__comment": "Box2",
			"from": [ 1, 2.125, 1 ],
			"to": [ 15, 3, 6.25 ],
			"faces": {
				"down": { "uv": [ 0, 10, 16, 16 ], "texture": "#cap" },
				"up": { "uv": [ 0, 0, 16, 6 ], "texture": "#cap", "cullface": "north" },
				"north": { "uv": [ 0, 15, 16, 16 ], "texture": "#front", "cullface": "north" },
				"west": { "uv": [ 0, 15, 6, 16 ], "texture": "#side" },
				"east": { "uv": [ 10, 15, 16, 16 ], "texture": "#side" }
			}
		},
		{
			"__comment": "Box2",
			"from": [ 1, 7.375, 1 ],
			"to": [ 15, 10, 6.25 ],
			"faces": {
				"down": { "uv": [ 0, 10, 16, 16 ], "texture": "#cap", "cullface": "north" },
				"up": { "uv": [ 0, 0, 16, 6 ], "texture": "#cap", "cullface": "north" },
				"north": { "uv": [ 0, 7, 16, 10 ], "texture": "#front", "cullface": "north" },
				"west": { "uv": [ 0, 7, 6, 10 ], "texture": "#side" },
				"east": { "uv": [ 10, 7, 16, 10 ], "texture": "#side" }
			}
		},
		{
			"__comment": "Box2",
			"from": [ 1, 13.5, 1 ],
			"to": [ 15, 16.125, 6.25 ],
			"faces": {
				"down": { "uv": [ 0, 10, 16, 16 ], "texture": "#cap", "cullface": "north" },
				"up": { "uv": [ 0, 0, 16, 6 ], "texture": "#cap" },
				"north": { "uv": [ 0, 0, 16, 3 ], "texture": "#front", "cullface": "north" },
				"west": { "uv": [ 0, 0, 6, 3 ], "texture": "#side" },
				"east": { "uv": [ 10, 0, 16, 3 ], "texture": "#side" }
			}
		},
		{
			"__comment": "Box2",
			"from": [ 1, 10, 1 ],
			"to": [ 5.375, 13.5, 6.25 ],
			"faces": {
				"north": { "uv": [ 11, 3, 16, 7 ], "texture": "#front", "cullface": "north" },
				"west": { "uv": [ 0, 3, 6, 7 ], "texture": "#side" },
				"east": { "uv": [ 10, 3, 16, 7 ], "texture": "#side", "cullface": "north" }
			}
		},
		{
			"__comment": "Box2",
			"from": [ 10.625, 10, 1 ],
			"to": [ 15, 13.5, 6.25 ],
			"faces": {
				"north": { "uv": [ 0, 3, 5, 7 ], "texture": "#front", "cullface": "north" },
				"west": { "uv": [ 0, 3, 6, 7 ], "texture": "#side", "cullface": "north" },
				"east": { "uv": [ 10, 3, 16, 7 ], "texture": "#side" }
			}
		},
		{
			"__comment": "Box2",
			"from": [ 10.625, 3, 1 ],
			"to": [ 15, 7.375, 6.25 ],
			"faces": {
				"north": { "uv": [ 0, 10, 5, 15 ], "texture": "#front", "cullface": "north" },
				"west": { "uv": [ 0, 10, 6, 15 ], "texture": "#side" },
				"east": { "uv": [ 10, 10, 16, 15 ], "texture": "#side", "cullface": "north" }
			}
		},
		{
			"__comment": "Box2",
			"from": [ 1, 3, 1 ],
			"to": [ 5.375, 7.375, 6.25 ],
			"faces": {
				"north": { "uv": [ 11, 10, 16, 15 ], "texture": "#front", "cullface": "north" },
				"west": { "uv": [ 0, 10, 6, 15 ], "texture": "#side" },
				"east": { "uv": [ 10, 10, 16, 15 ], "texture": "#side", "cullface": "north" }
			}
		}
	],
	"display": {
		"thirdperson_righthand": {
			"rotation":  [ 75, 45, 0 ],
			"translation":  [ 0, 2.5, 0 ],
			"scale":  [ 0.375, 0.375, 0.375 ]
		},
		"thirdperson_lefthand": {
			"rotation":  [ 75, 45, 0 ],
			"translation":  [ 0, 2.5, 0 ],
			"scale":  [ 0.375, 0.375, 0.375 ]
		},
		"firstperson_righthand": {
			"rotation":  [ 0, 45, 0 ],
			"scale":  [ 0.4, 0.4, 0.4 ]
		},
		"firstperson_lefthand": {
			"rotation":  [ 0, 45, 0 ],
			"scale":  [ 0.4, 0.4, 0.4 ]
		},
		"gui": {
			"rotation":  [ 30, 225, 0 ],
			"scale":  [ 0.625, 0.625, 0.625 ]
		},
		"ground": {
			"translation":  [ 0, 3, 0 ],
			"scale":  [ 0.25, 0.25, 0.25 ]
		},
		"fixed": {
			"scale":  [ 0.5, 0.5, 0.5 ]
		}
	}
}