{
	"__comment": "Designed by Blue_Beaker with Cubik Studio - https://cubik.studio",
	"textures": {
		"texture": "3dres/dusts/glowstone",
		"texture1": "3dres/stone_plate"
	},
	"elements": [ 	 
		{
			"__comment": "Box1",
			"from": [ 1, 0, 1 ],
			"to": [ 15, 1, 15 ],
			"faces": {
				"down": { "uv": [ 1, 15, 15, 1 ], "texture": "#texture1" },
				"up": { "uv": [ 1, 1, 15, 15 ], "texture": "#texture1" },
				"north": { "uv": [ 15, 2, 1, 1 ], "texture": "#texture1" },
				"south": { "uv": [ 1, 14, 15, 15 ], "texture": "#texture1" },
				"west": { "uv": [ 1, 1, 2, 15 ], "texture": "#texture1", "rotation": 270 },
				"east": { "uv": [ 15, 1, 14, 15 ], "texture": "#texture1", "rotation": 90 }
			}
		},
		{
			"__comment": "Box2",
			"from": [ 1.9999, -1.5001, 0 ],
			"to": [ 13.9999, 6.4999, 8 ],
			"rotation": { "origin": [ 14, 6.5, 8 ], "axis": "x", "angle": -45 },
			"faces": {
				"up": { "uv": [ 0, 0, 8, 8 ], "texture": "#texture", "rotation": 180 },
				"south": { "uv": [ 8, 8, 0, 0 ], "texture": "#texture", "rotation": 180 },
				"west": { "uv": [ 8, 0, 16, 8 ], "texture": "#texture", "rotation": 90 },
				"east": { "uv": [ 8, 0, 16, 8 ], "texture": "#texture" }
			}
		},
		{
			"__comment": "Box1",
			"from": [ 1, 1, 1 ],
			"to": [ 2, 2, 15 ],
			"faces": {
				"up": { "uv": [ 1, 1, 2, 15 ], "texture": "#texture1" },
				"west": { "uv": [ 1, 1, 2, 15 ], "texture": "#texture1", "rotation": 270 },
				"east": { "uv": [ 2, 1, 1, 15 ], "texture": "#texture1", "rotation": 90 }
			}
		},
		{
			"__comment": "Box1",
			"from": [ 14, 1, 1 ],
			"to": [ 15, 2, 15 ],
			"faces": {
				"up": { "uv": [ 1, 1, 2, 15 ], "texture": "#texture1" },
				"west": { "uv": [ 1, 1, 2, 15 ], "texture": "#texture1", "rotation": 270 },
				"east": { "uv": [ 2, 1, 1, 15 ], "texture": "#texture1", "rotation": 90 }
			}
		},
		{
			"__comment": "Box1",
			"from": [ 1, 1, 14 ],
			"to": [ 15, 2, 15 ],
			"faces": {
				"up": { "uv": [ 1, 1, 2, 15 ], "texture": "#texture1", "rotation": 90 },
				"north": { "uv": [ 1, 1, 2, 15 ], "texture": "#texture1", "rotation": 270 },
				"south": { "uv": [ 2, 1, 1, 15 ], "texture": "#texture1", "rotation": 90 }
			}
		},
		{
			"__comment": "Box1",
			"from": [ 0.9999, 1, 1 ],
			"to": [ 14.9999, 2, 2 ],
			"faces": {
				"up": { "uv": [ 1, 1, 2, 15 ], "texture": "#texture1", "rotation": 90 },
				"north": { "uv": [ 1, 1, 2, 15 ], "texture": "#texture1", "rotation": 270 },
				"south": { "uv": [ 2, 1, 1, 15 ], "texture": "#texture1", "rotation": 90 }
			}
		}
	],
	"display": {
		"thirdperson_righthand": {
			"rotation":  [ 75, 45, 0 ],
			"translation":  [ 0, 2.5, 0 ],
			"scale":  [ 0.375, 0.375, 0.375 ]
		},
		"thirdperson_lefthand": {
			"rotation":  [ 75, 45, 0 ],
			"translation":  [ 0, 2.5, 0 ],
			"scale":  [ 0.375, 0.375, 0.375 ]
		},
		"firstperson_righthand": {
			"rotation":  [ 0, 45, 0 ],
			"translation":  [ 0, 2, 0 ],
			"scale":  [ 0.4, 0.4, 0.4 ]
		},
		"firstperson_lefthand": {
			"rotation":  [ 0, 45, 0 ],
			"translation":  [ 0, 2, 0 ],
			"scale":  [ 0.4, 0.4, 0.4 ]
		},
		"gui": {
			"rotation":  [ 30, 225, 0 ],
			"translation":  [ 0, 2, 0 ],
			"scale":  [ 0.8, 0.8, 0.8 ]
		},
		"ground": {
			"translation":  [ 0, 3, 0 ],
			"scale":  [ 0.25, 0.25, 0.25 ]
		},
		"fixed": {
			"rotation":  [ 0, 90, 0 ]
		}
	}
}