{
	"__comment": "Designed by Blue_Beaker with Cubik Studio - https://cubik.studio",
	"textures": {
		"texture": "blocks/itemframe_background",
		"texture2": "blocks/planks_oak"
	},
	"elements": [ 	 
		{
			"__comment": "Box1",
			"from": [ 2, 2, 7.5 ],
			"to": [ 14, 14, 8.5 ],
			"faces": {
				"down": { "uv": [ 2, 7.5, 14, 8.5 ], "texture": "#texture2" },
				"up": { "uv": [ 2, 7.5, 14, 8.5 ], "texture": "#texture2" },
				"north": { "uv": [ 2, 2, 14, 14 ], "texture": "#texture" },
				"south": { "uv": [ 2, 2, 14, 14 ], "texture": "#texture2" },
				"west": { "uv": [ 7.5, 2, 8.5, 14 ], "texture": "#texture2" },
				"east": { "uv": [ 7.5, 2, 8.5, 14 ], "texture": "#texture2" }
			}
		},
		{
			"__comment": "Box2",
			"from": [ 13, 2, 6.5 ],
			"to": [ 14, 14, 7.5 ],
			"faces": {
				"down": { "uv": [ 13, 8.5, 14, 9.5 ], "texture": "#texture2" },
				"up": { "uv": [ 13, 6.5, 14, 7.5 ], "texture": "#texture2" },
				"north": { "uv": [ 2, 2, 3, 14 ], "texture": "#texture2" },
				"south": { "uv": [ 13, 2, 14, 14 ], "texture": "#texture2" },
				"west": { "uv": [ 6.5, 2, 7.5, 14 ], "texture": "#texture2" },
				"east": { "uv": [ 8.5, 2, 9.5, 14 ], "texture": "#texture2" }
			}
		},
		{
			"__comment": "Box2",
			"from": [ 2, 2, 6.5 ],
			"to": [ 14, 3, 7.5 ],
			"faces": {
				"down": { "uv": [ 2, 8.5, 14, 9.5 ], "texture": "#texture2" },
				"up": { "uv": [ 2, 6.5, 14, 7.5 ], "texture": "#texture2" },
				"north": { "uv": [ 2, 13, 14, 14 ], "texture": "#texture2" },
				"south": { "uv": [ 2, 13, 14, 14 ], "texture": "#texture2" },
				"west": { "uv": [ 6.5, 13, 7.5, 14 ], "texture": "#texture2" },
				"east": { "uv": [ 8.5, 13, 9.5, 14 ], "texture": "#texture2" }
			}
		},
		{
			"__comment": "Box2",
			"from": [ 2, 13, 6.5 ],
			"to": [ 14, 14, 7.5 ],
			"faces": {
				"down": { "uv": [ 2, 8.5, 14, 9.5 ], "texture": "#texture2" },
				"up": { "uv": [ 2, 6.5, 14, 7.5 ], "texture": "#texture2" },
				"north": { "uv": [ 2, 2, 14, 3 ], "texture": "#texture2" },
				"south": { "uv": [ 2, 2, 14, 3 ], "texture": "#texture2" },
				"west": { "uv": [ 6.5, 2, 7.5, 3 ], "texture": "#texture2" },
				"east": { "uv": [ 8.5, 2, 9.5, 3 ], "texture": "#texture2" }
			}
		},
		{
			"__comment": "Box2",
			"from": [ 2, 2, 6.5 ],
			"to": [ 3, 14, 7.5 ],
			"faces": {
				"down": { "uv": [ 2, 8.5, 3, 9.5 ], "texture": "#texture2" },
				"up": { "uv": [ 2, 6.5, 3, 7.5 ], "texture": "#texture2" },
				"north": { "uv": [ 13, 2, 14, 14 ], "texture": "#texture2" },
				"south": { "uv": [ 2, 2, 3, 14 ], "texture": "#texture2" },
				"west": { "uv": [ 6.5, 2, 7.5, 14 ], "texture": "#texture2" },
				"east": { "uv": [ 8.5, 2, 9.5, 14 ], "texture": "#texture2" }
			}
		}
	],
	"display": {
		"thirdperson_righthand": {
			"rotation":  [ 0, 90, -55 ],
			"translation":  [ 0, 4, 0.5 ],
			"scale":  [ 0.85, 0.85, 0.85 ]
		},
		"thirdperson_lefthand": {
			"rotation":  [ 0, 90, -55 ],
			"translation":  [ 0, 4, 0.5 ],
			"scale":  [ 0.85, 0.85, 0.85 ]
		},
		"firstperson_righthand": {
			"rotation":  [ 0, 90, -25 ],
			"translation":  [ 1.13, 3.2, 1.13 ],
			"scale":  [ 0.68, 0.68, 0.68 ]
		},
		"firstperson_lefthand": {
			"rotation":  [ 0, 90, -25 ],
			"translation":  [ 1.13, 3.2, 1.13 ],
			"scale":  [ 0.68, 0.68, 0.68 ]
		},
		"gui": {
			"rotation":  [ 30, 225, 0 ],
			"scale":  [ 0.625, 0.625, 0.625 ]
		},
		"ground": {
			"translation":  [ 0, 3, 0 ],
			"scale":  [ 0.25, 0.25, 0.25 ]
		}
	}
}