{
	"__comment": "Designed by Blue_Beaker with Cubik Studio - https://cubik.studio",
	"ambientocclusion": false,
	"textures": {
		"particle": "blocks/cobblestone",
		"texture": "3dres/lever"
	},
	"elements": [ 	 
		{
			"from": [ 5, 0, 4 ],
			"to": [ 11, 3, 12 ],
			"faces": {
				"down": { "uv": [ 0, 0, 6, 8 ], "texture": "#texture" },
				"up": { "uv": [ 6, 0, 12, 8 ], "texture": "#texture" },
				"north": { "uv": [ 8, 8, 14, 11 ], "texture": "#texture" },
				"south": { "uv": [ 8, 8, 14, 11 ], "texture": "#texture" },
				"west": { "uv": [ 0, 8, 8, 11 ], "texture": "#texture" },
				"east": { "uv": [ 0, 8, 8, 11 ], "texture": "#texture" }
			}
		},
		{
			"__comment": "Box2",
			"from": [ 6, 1, 8 ],
			"to": [ 10, 5, 10 ],
			"faces": {
				"up": { "uv": [ 12, 2, 16, 3 ], "texture": "#texture" },
				"north": { "uv": [ 12, 12, 16, 16 ], "texture": "#texture" },
				"south": { "uv": [ 12, 12, 16, 16 ], "texture": "#texture" },
				"west": { "uv": [ 12, 2, 16, 6 ], "texture": "#texture" },
				"east": { "uv": [ 12, 2, 16, 6 ], "texture": "#texture" }
			}
		}
	],
	"display": {
		"thirdperson_righthand": {
			"rotation":  [ 75, 45, 0 ],
			"translation":  [ 0, 2.5, 0 ],
			"scale":  [ 0.375, 0.375, 0.375 ]
		},
		"thirdperson_lefthand": {
			"rotation":  [ 75, 45, 0 ],
			"translation":  [ 0, 2.5, 0 ],
			"scale":  [ 0.375, 0.375, 0.375 ]
		},
		"firstperson_righthand": {
			"rotation":  [ 0, 45, 0 ],
			"translation":  [ 0, 4, 0 ],
			"scale":  [ 0.4, 0.4, 0.4 ]
		},
		"firstperson_lefthand": {
			"rotation":  [ 0, 45, 0 ],
			"translation":  [ 0, 4, 0 ],
			"scale":  [ 0.4, 0.4, 0.4 ]
		},
		"gui": {
			"rotation":  [ 30, 225, 0 ],
			"translation":  [ 0, 2, 0 ],
			"scale":  [ 0.8, 0.8, 0.8 ]
		},
		"ground": {
			"translation":  [ 0, 2, 0 ],
			"scale":  [ 0.5, 0.5, 0.5 ]
		},
		"fixed": {
			"rotation":  [ -90, 180, 0 ],
			"translation":  [ 0, 0, -4 ],
			"scale":  [ 0.6, 0.6, 0.6 ]
		}
	}
}