{
	"__comment": "Designed by Blue_Beaker with Cubik Studio - https://cubik.studio",
	"textures": {
		"texture": "3dres/potato",
		"particle": "3dres/particle/potato_poison"
	},
	"elements": [ 	 
		{
			"__comment": "Box1",
			"from": [ 4, 5, 5 ],
			"to": [ 12, 11, 11 ],
			"faces": {
				"down": { "uv": [ 5, 5, 11, 10 ], "texture": "#texture" },
				"up": { "uv": [ 5, 5, 11, 10 ], "texture": "#texture" },
				"north": { "uv": [ 5, 5, 11, 10 ], "texture": "#texture" },
				"south": { "uv": [ 5, 5, 11, 10 ], "texture": "#texture" },
				"west": { "uv": [ 0, 5, 5, 10 ], "texture": "#texture" },
				"east": { "uv": [ 0, 5, 5, 10 ], "texture": "#texture" }
			}
		},
		{
			"__comment": "Box2",
			"from": [ 9.5, 12, 7 ],
			"to": [ 10, 13, 7.5 ],
			"rotation": { "origin": [ 9.5, 12, 7.5 ], "axis": "z", "angle": 45 },
			"faces": {
				"down": { "uv": [ 11.5, 5.5, 11, 5 ], "texture": "#texture" },
				"up": { "uv": [ 11, 5, 11.5, 5.5 ], "texture": "#texture" },
				"north": { "uv": [ 11.5, 5.5, 11, 5 ], "texture": "#texture" },
				"south": { "uv": [ 11, 5, 11.5, 5.5 ], "texture": "#texture" },
				"west": { "uv": [ 11, 5, 11.5, 5.5 ], "texture": "#texture", "rotation": 270 },
				"east": { "uv": [ 11, 5, 11.5, 5.5 ], "texture": "#texture", "rotation": 90 }
			}
		},
		{
			"__comment": "Box2",
			"from": [ 9.5, 12, 7 ],
			"to": [ 10, 13, 7.5 ],
			"rotation": { "origin": [ 10, 12, 7.5 ], "axis": "z", "angle": -45 },
			"faces": {
				"down": { "uv": [ 11, 5, 11.5, 5.5 ], "texture": "#texture", "rotation": 180 },
				"up": { "uv": [ 11, 5, 11.5, 5.5 ], "texture": "#texture", "rotation": 180 },
				"north": { "uv": [ 11, 5, 11.5, 5.5 ], "texture": "#texture" },
				"south": { "uv": [ 11, 5, 11.5, 5.5 ], "texture": "#texture" },
				"west": { "uv": [ 11, 5, 11.5, 5.5 ], "texture": "#texture" },
				"east": { "uv": [ 11, 5, 11.5, 5.5 ], "texture": "#texture" }
			}
		},
		{
			"__comment": "Box2",
			"from": [ 9.5, 11, 7 ],
			"to": [ 10, 12.5, 7.5 ],
			"faces": {
				"down": { "uv": [ 11, 5, 11.5, 5.5 ], "texture": "#texture" },
				"up": { "uv": [ 11, 5, 11.5, 5.5 ], "texture": "#texture" },
				"north": { "uv": [ 11, 5, 11.5, 5.5 ], "texture": "#texture" },
				"south": { "uv": [ 11, 5, 11.5, 5.5 ], "texture": "#texture" },
				"west": { "uv": [ 11, 5, 11.5, 5.5 ], "texture": "#texture" },
				"east": { "uv": [ 11, 5, 11.5, 5.5 ], "texture": "#texture" }
			}
		}
	],
	"display": {
		"thirdperson_righthand": {
			"rotation":  [ 75, 45, 0 ],
			"translation":  [ 0, 2.5, 0 ],
			"scale":  [ 0.375, 0.375, 0.375 ]
		},
		"thirdperson_lefthand": {
			"rotation":  [ 75, 45, 0 ],
			"translation":  [ 0, 2.5, 0 ],
			"scale":  [ 0.375, 0.375, 0.375 ]
		},
		"firstperson_righthand": {
			"rotation":  [ 0, 45, 0 ],
			"scale":  [ 0.4, 0.4, 0.4 ]
		},
		"firstperson_lefthand": {
			"rotation":  [ 0, 45, 0 ],
			"scale":  [ 0.4, 0.4, 0.4 ]
		},
		"gui": {
			"rotation":  [ 30, 225, 0 ],
			"scale":  [ 0.625, 0.625, 0.625 ]
		},
		"ground": {
			"translation":  [ 0, 2, 0 ],
			"scale":  [ 0.5, 0.5, 0.5 ]
		}
	}
}