{
	"__comment": "Designed by Blue_Beaker with Cubik Studio - https://cubik.studio",
	"textures": {
		"texture": "3dres/prismarine_crystals"
	},
	"elements": [ 	 
		{
			"__comment": "Box1",
			"from": [ 2, 2, 9 ],
			"to": [ 7, 7, 14 ],
			"faces": {
				"down": { "uv": [ 2, 2, 7, 7 ], "texture": "#texture" },
				"up": { "uv": [ 2, 9, 7, 14 ], "texture": "#texture" },
				"north": { "uv": [ 9, 9, 14, 14 ], "texture": "#texture" },
				"south": { "uv": [ 2, 9, 7, 14 ], "texture": "#texture" },
				"west": { "uv": [ 9, 9, 14, 14 ], "texture": "#texture" },
				"east": { "uv": [ 2, 9, 7, 14 ], "texture": "#texture" }
			}
		},
		{
			"__comment": "Box1",
			"from": [ 2, 2, 2 ],
			"to": [ 7, 7, 7 ],
			"faces": {
				"down": { "uv": [ 2, 9, 7, 14 ], "texture": "#texture" },
				"up": { "uv": [ 2, 2, 7, 7 ], "texture": "#texture" },
				"north": { "uv": [ 9, 9, 14, 14 ], "texture": "#texture" },
				"south": { "uv": [ 2, 9, 7, 14 ], "texture": "#texture" },
				"west": { "uv": [ 2, 9, 7, 14 ], "texture": "#texture" },
				"east": { "uv": [ 9, 9, 14, 14 ], "texture": "#texture" }
			}
		},
		{
			"__comment": "Box1",
			"from": [ 9, 2, 2 ],
			"to": [ 14, 7, 7 ],
			"faces": {
				"down": { "uv": [ 9, 9, 14, 14 ], "texture": "#texture" },
				"up": { "uv": [ 9, 2, 14, 7 ], "texture": "#texture" },
				"north": { "uv": [ 2, 9, 7, 14 ], "texture": "#texture" },
				"south": { "uv": [ 9, 9, 14, 14 ], "texture": "#texture" },
				"west": { "uv": [ 2, 9, 7, 14 ], "texture": "#texture" },
				"east": { "uv": [ 9, 9, 14, 14 ], "texture": "#texture" }
			}
		},
		{
			"__comment": "Box1",
			"from": [ 9, 2, 9 ],
			"to": [ 14, 7, 14 ],
			"faces": {
				"down": { "uv": [ 9, 2, 14, 7 ], "texture": "#texture" },
				"up": { "uv": [ 9, 9, 14, 14 ], "texture": "#texture" },
				"north": { "uv": [ 2, 9, 7, 14 ], "texture": "#texture" },
				"south": { "uv": [ 9, 9, 14, 14 ], "texture": "#texture" },
				"west": { "uv": [ 9, 9, 14, 14 ], "texture": "#texture" },
				"east": { "uv": [ 2, 9, 7, 14 ], "texture": "#texture" }
			}
		}
	],
	"display": {
		"thirdperson_righthand": {
			"rotation":  [ 75, 45, 0 ],
			"translation":  [ 0, 2.5, 0 ],
			"scale":  [ 0.375, 0.375, 0.375 ]
		},
		"thirdperson_lefthand": {
			"rotation":  [ 75, 45, 0 ],
			"translation":  [ 0, 2.5, 0 ],
			"scale":  [ 0.375, 0.375, 0.375 ]
		},
		"firstperson_righthand": {
			"rotation":  [ 0, 45, 0 ],
			"scale":  [ 0.4, 0.4, 0.4 ]
		},
		"firstperson_lefthand": {
			"rotation":  [ 0, 45, 0 ],
			"scale":  [ 0.4, 0.4, 0.4 ]
		},
		"gui": {
			"rotation":  [ 30, 225, 0 ],
			"scale":  [ 0.625, 0.625, 0.625 ]
		},
		"ground": {
			"translation":  [ 0, 3, 0 ],
			"scale":  [ 0.25, 0.25, 0.25 ]
		},
		"fixed": {
			"scale":  [ 0.5, 0.5, 0.5 ]
		}
	}
}