{
	"__comment": "Designed by Blue_Beaker with Cubik Studio - https://cubik.studio",
	"textures": {
		"texture": "3dres/fish_pufferfish_raw",
        "particle": "3dres/particle/fish_pufferfish_raw"
	},
	"elements": [ 	 
		{
			"__comment": "Box1",
			"from": [ 4, 4, 0 ],
			"to": [ 12, 12, 8 ],
			"faces": {
				"down": { "uv": [ 8, 4, 16, 8 ], "texture": "#texture" },
				"up": { "uv": [ 8, 8, 16, 16 ], "texture": "#texture" },
				"north": { "uv": [ 0, 0, 8, 8 ], "texture": "#texture" },
				"south": { "uv": [ 8, 0, 16, 8 ], "texture": "#texture" },
				"west": { "uv": [ 8, 0, 16, 8 ], "texture": "#texture" },
				"east": { "uv": [ 8, 0, 16, 8 ], "texture": "#texture" }
			}
		},
		{
			"__comment": "Box2",
			"from": [ 4.5, 4.5, 8 ],
			"to": [ 5.5, 5.5, 9 ],
			"faces": {
				"down": { "uv": [ 0, 15, 1, 16 ], "texture": "#texture", "rotation": 270 },
				"up": { "uv": [ 0, 15, 1, 16 ], "texture": "#texture", "rotation": 90 },
				"north": { "uv": [ 0, 15, 1, 16 ], "texture": "#texture" },
				"south": { "uv": [ 0, 15, 1, 16 ], "texture": "#texture" },
				"west": { "uv": [ 0, 15, 1, 16 ], "texture": "#texture" },
				"east": { "uv": [ 0, 15, 1, 16 ], "texture": "#texture" }
			}
		},
		{
			"__comment": "Box2",
			"from": [ 10.5, 4.5, 8 ],
			"to": [ 11.5, 5.5, 9 ],
			"faces": {
				"down": { "uv": [ 0, 15, 1, 16 ], "texture": "#texture", "rotation": 270 },
				"up": { "uv": [ 0, 15, 1, 16 ], "texture": "#texture", "rotation": 90 },
				"north": { "uv": [ 0, 15, 1, 16 ], "texture": "#texture" },
				"south": { "uv": [ 0, 15, 1, 16 ], "texture": "#texture" },
				"west": { "uv": [ 0, 15, 1, 16 ], "texture": "#texture" },
				"east": { "uv": [ 0, 15, 1, 16 ], "texture": "#texture" }
			}
		},
		{
			"__comment": "Box2",
			"from": [ 8.5, 4.5, 8 ],
			"to": [ 9.5, 5.5, 9 ],
			"faces": {
				"down": { "uv": [ 0, 15, 1, 16 ], "texture": "#texture", "rotation": 270 },
				"up": { "uv": [ 0, 15, 1, 16 ], "texture": "#texture", "rotation": 90 },
				"north": { "uv": [ 0, 15, 1, 16 ], "texture": "#texture" },
				"south": { "uv": [ 0, 15, 1, 16 ], "texture": "#texture" },
				"west": { "uv": [ 0, 15, 1, 16 ], "texture": "#texture" },
				"east": { "uv": [ 0, 15, 1, 16 ], "texture": "#texture" }
			}
		},
		{
			"__comment": "Box2",
			"from": [ 6.5, 4.5, 8 ],
			"to": [ 7.5, 5.5, 9 ],
			"faces": {
				"down": { "uv": [ 0, 15, 1, 16 ], "texture": "#texture", "rotation": 270 },
				"up": { "uv": [ 0, 15, 1, 16 ], "texture": "#texture", "rotation": 90 },
				"north": { "uv": [ 0, 15, 1, 16 ], "texture": "#texture" },
				"south": { "uv": [ 0, 15, 1, 16 ], "texture": "#texture" },
				"west": { "uv": [ 0, 15, 1, 16 ], "texture": "#texture" },
				"east": { "uv": [ 0, 15, 1, 16 ], "texture": "#texture" }
			}
		},
		{
			"__comment": "Box2",
			"from": [ 4.5, 8.5, 8 ],
			"to": [ 5.5, 9.5, 9 ],
			"faces": {
				"down": { "uv": [ 0, 15, 1, 16 ], "texture": "#texture", "rotation": 270 },
				"up": { "uv": [ 0, 15, 1, 16 ], "texture": "#texture", "rotation": 90 },
				"north": { "uv": [ 0, 15, 1, 16 ], "texture": "#texture" },
				"south": { "uv": [ 0, 15, 1, 16 ], "texture": "#texture" },
				"west": { "uv": [ 0, 15, 1, 16 ], "texture": "#texture" },
				"east": { "uv": [ 0, 15, 1, 16 ], "texture": "#texture" }
			}
		},
		{
			"__comment": "Box2",
			"from": [ 10.5, 8.5, 8 ],
			"to": [ 11.5, 9.5, 9 ],
			"faces": {
				"down": { "uv": [ 0, 15, 1, 16 ], "texture": "#texture", "rotation": 270 },
				"up": { "uv": [ 0, 15, 1, 16 ], "texture": "#texture", "rotation": 90 },
				"north": { "uv": [ 0, 15, 1, 16 ], "texture": "#texture" },
				"south": { "uv": [ 0, 15, 1, 16 ], "texture": "#texture" },
				"west": { "uv": [ 0, 15, 1, 16 ], "texture": "#texture" },
				"east": { "uv": [ 0, 15, 1, 16 ], "texture": "#texture" }
			}
		},
		{
			"__comment": "Box2",
			"from": [ 4.5, 6.5, 8 ],
			"to": [ 5.5, 7.5, 9 ],
			"faces": {
				"down": { "uv": [ 0, 15, 1, 16 ], "texture": "#texture", "rotation": 270 },
				"up": { "uv": [ 0, 15, 1, 16 ], "texture": "#texture", "rotation": 90 },
				"north": { "uv": [ 0, 15, 1, 16 ], "texture": "#texture" },
				"south": { "uv": [ 0, 15, 1, 16 ], "texture": "#texture" },
				"west": { "uv": [ 0, 15, 1, 16 ], "texture": "#texture" },
				"east": { "uv": [ 0, 15, 1, 16 ], "texture": "#texture" }
			}
		},
		{
			"__comment": "Box2",
			"from": [ 10.5, 6.5, 8 ],
			"to": [ 11.5, 7.5, 9 ],
			"faces": {
				"down": { "uv": [ 0, 15, 1, 16 ], "texture": "#texture", "rotation": 270 },
				"up": { "uv": [ 0, 15, 1, 16 ], "texture": "#texture", "rotation": 90 },
				"north": { "uv": [ 0, 15, 1, 16 ], "texture": "#texture" },
				"south": { "uv": [ 0, 15, 1, 16 ], "texture": "#texture" },
				"west": { "uv": [ 0, 15, 1, 16 ], "texture": "#texture" },
				"east": { "uv": [ 0, 15, 1, 16 ], "texture": "#texture" }
			}
		},
		{
			"__comment": "Box2",
			"from": [ 10.5, 3, 6.5 ],
			"to": [ 11.5, 4, 7.5 ],
			"faces": {
				"down": { "uv": [ 0, 15, 1, 16 ], "texture": "#texture" },
				"up": { "uv": [ 0, 15, 1, 16 ], "texture": "#texture" },
				"north": { "uv": [ 0, 15, 1, 16 ], "texture": "#texture" },
				"south": { "uv": [ 0, 15, 1, 16 ], "texture": "#texture" },
				"west": { "uv": [ 0, 15, 1, 16 ], "texture": "#texture" },
				"east": { "uv": [ 0, 15, 1, 16 ], "texture": "#texture" }
			}
		},
		{
			"__comment": "Box2",
			"from": [ 10.5, 3, 0.5 ],
			"to": [ 11.5, 4, 1.5 ],
			"faces": {
				"down": { "uv": [ 0, 15, 1, 16 ], "texture": "#texture" },
				"up": { "uv": [ 0, 15, 1, 16 ], "texture": "#texture" },
				"north": { "uv": [ 0, 15, 1, 16 ], "texture": "#texture" },
				"south": { "uv": [ 0, 15, 1, 16 ], "texture": "#texture" },
				"west": { "uv": [ 0, 15, 1, 16 ], "texture": "#texture" },
				"east": { "uv": [ 0, 15, 1, 16 ], "texture": "#texture" }
			}
		},
		{
			"__comment": "Box2",
			"from": [ 10.5, 3, 2.5 ],
			"to": [ 11.5, 4, 3.5 ],
			"faces": {
				"down": { "uv": [ 0, 15, 1, 16 ], "texture": "#texture" },
				"up": { "uv": [ 0, 15, 1, 16 ], "texture": "#texture" },
				"north": { "uv": [ 0, 15, 1, 16 ], "texture": "#texture" },
				"south": { "uv": [ 0, 15, 1, 16 ], "texture": "#texture" },
				"west": { "uv": [ 0, 15, 1, 16 ], "texture": "#texture" },
				"east": { "uv": [ 0, 15, 1, 16 ], "texture": "#texture" }
			}
		},
		{
			"__comment": "Box2",
			"from": [ 10.5, 3, 4.5 ],
			"to": [ 11.5, 4, 5.5 ],
			"faces": {
				"down": { "uv": [ 0, 15, 1, 16 ], "texture": "#texture" },
				"up": { "uv": [ 0, 15, 1, 16 ], "texture": "#texture" },
				"north": { "uv": [ 0, 15, 1, 16 ], "texture": "#texture" },
				"south": { "uv": [ 0, 15, 1, 16 ], "texture": "#texture" },
				"west": { "uv": [ 0, 15, 1, 16 ], "texture": "#texture" },
				"east": { "uv": [ 0, 15, 1, 16 ], "texture": "#texture" }
			}
		},
		{
			"__comment": "Box2",
			"from": [ 3, 8.5, 6.5 ],
			"to": [ 4, 9.5, 7.5 ],
			"faces": {
				"down": { "uv": [ 0, 15, 1, 16 ], "texture": "#texture" },
				"up": { "uv": [ 0, 15, 1, 16 ], "texture": "#texture" },
				"north": { "uv": [ 0, 15, 1, 16 ], "texture": "#texture" },
				"south": { "uv": [ 0, 15, 1, 16 ], "texture": "#texture" },
				"west": { "uv": [ 0, 15, 1, 16 ], "texture": "#texture" },
				"east": { "uv": [ 0, 15, 1, 16 ], "texture": "#texture" }
			}
		},
		{
			"__comment": "Box2",
			"from": [ 3, 8.5, 0.5 ],
			"to": [ 4, 9.5, 1.5 ],
			"faces": {
				"down": { "uv": [ 0, 15, 1, 16 ], "texture": "#texture" },
				"up": { "uv": [ 0, 15, 1, 16 ], "texture": "#texture" },
				"north": { "uv": [ 0, 15, 1, 16 ], "texture": "#texture" },
				"south": { "uv": [ 0, 15, 1, 16 ], "texture": "#texture" },
				"west": { "uv": [ 0, 15, 1, 16 ], "texture": "#texture" },
				"east": { "uv": [ 0, 15, 1, 16 ], "texture": "#texture" }
			}
		},
		{
			"__comment": "Box2",
			"from": [ 3, 8.5, 2.5 ],
			"to": [ 4, 9.5, 3.5 ],
			"faces": {
				"down": { "uv": [ 0, 15, 1, 16 ], "texture": "#texture" },
				"up": { "uv": [ 0, 15, 1, 16 ], "texture": "#texture" },
				"north": { "uv": [ 0, 15, 1, 16 ], "texture": "#texture" },
				"south": { "uv": [ 0, 15, 1, 16 ], "texture": "#texture" },
				"west": { "uv": [ 0, 15, 1, 16 ], "texture": "#texture" },
				"east": { "uv": [ 0, 15, 1, 16 ], "texture": "#texture" }
			}
		},
		{
			"__comment": "Box2",
			"from": [ 3, 8.5, 4.5 ],
			"to": [ 4, 9.5, 5.5 ],
			"faces": {
				"down": { "uv": [ 0, 15, 1, 16 ], "texture": "#texture" },
				"up": { "uv": [ 0, 15, 1, 16 ], "texture": "#texture" },
				"north": { "uv": [ 0, 15, 1, 16 ], "texture": "#texture" },
				"south": { "uv": [ 0, 15, 1, 16 ], "texture": "#texture" },
				"west": { "uv": [ 0, 15, 1, 16 ], "texture": "#texture" },
				"east": { "uv": [ 0, 15, 1, 16 ], "texture": "#texture" }
			}
		},
		{
			"__comment": "Box2",
			"from": [ 3, 6.5, 6.5 ],
			"to": [ 4, 7.5, 7.5 ],
			"faces": {
				"down": { "uv": [ 0, 15, 1, 16 ], "texture": "#texture" },
				"up": { "uv": [ 0, 15, 1, 16 ], "texture": "#texture" },
				"north": { "uv": [ 0, 15, 1, 16 ], "texture": "#texture" },
				"south": { "uv": [ 0, 15, 1, 16 ], "texture": "#texture" },
				"west": { "uv": [ 0, 15, 1, 16 ], "texture": "#texture" },
				"east": { "uv": [ 0, 15, 1, 16 ], "texture": "#texture" }
			}
		},
		{
			"__comment": "Box2",
			"from": [ 3, 6.5, 0.5 ],
			"to": [ 4, 7.5, 1.5 ],
			"faces": {
				"down": { "uv": [ 0, 15, 1, 16 ], "texture": "#texture" },
				"up": { "uv": [ 0, 15, 1, 16 ], "texture": "#texture" },
				"north": { "uv": [ 0, 15, 1, 16 ], "texture": "#texture" },
				"south": { "uv": [ 0, 15, 1, 16 ], "texture": "#texture" },
				"west": { "uv": [ 0, 15, 1, 16 ], "texture": "#texture" },
				"east": { "uv": [ 0, 15, 1, 16 ], "texture": "#texture" }
			}
		},
		{
			"__comment": "Box2",
			"from": [ 3, 6.5, 2.5 ],
			"to": [ 4, 7.5, 3.5 ],
			"faces": {
				"down": { "uv": [ 0, 15, 1, 16 ], "texture": "#texture" },
				"up": { "uv": [ 0, 15, 1, 16 ], "texture": "#texture" },
				"north": { "uv": [ 0, 15, 1, 16 ], "texture": "#texture" },
				"south": { "uv": [ 0, 15, 1, 16 ], "texture": "#texture" },
				"west": { "uv": [ 0, 15, 1, 16 ], "texture": "#texture" },
				"east": { "uv": [ 0, 15, 1, 16 ], "texture": "#texture" }
			}
		},
		{
			"__comment": "Box2",
			"from": [ 3, 6.5, 4.5 ],
			"to": [ 4, 7.5, 5.5 ],
			"faces": {
				"down": { "uv": [ 0, 15, 1, 16 ], "texture": "#texture" },
				"up": { "uv": [ 0, 15, 1, 16 ], "texture": "#texture" },
				"north": { "uv": [ 0, 15, 1, 16 ], "texture": "#texture" },
				"south": { "uv": [ 0, 15, 1, 16 ], "texture": "#texture" },
				"west": { "uv": [ 0, 15, 1, 16 ], "texture": "#texture" },
				"east": { "uv": [ 0, 15, 1, 16 ], "texture": "#texture" }
			}
		},
		{
			"__comment": "Box2",
			"from": [ 12, 4.5, 6.5 ],
			"to": [ 13, 5.5, 7.5 ],
			"faces": {
				"down": { "uv": [ 0, 15, 1, 16 ], "texture": "#texture" },
				"up": { "uv": [ 0, 15, 1, 16 ], "texture": "#texture" },
				"north": { "uv": [ 0, 15, 1, 16 ], "texture": "#texture" },
				"south": { "uv": [ 0, 15, 1, 16 ], "texture": "#texture" },
				"west": { "uv": [ 0, 15, 1, 16 ], "texture": "#texture" },
				"east": { "uv": [ 0, 15, 1, 16 ], "texture": "#texture" }
			}
		},
		{
			"__comment": "Box2",
			"from": [ 12, 4.5, 0.5 ],
			"to": [ 13, 5.5, 1.5 ],
			"faces": {
				"down": { "uv": [ 0, 15, 1, 16 ], "texture": "#texture" },
				"up": { "uv": [ 0, 15, 1, 16 ], "texture": "#texture" },
				"north": { "uv": [ 0, 15, 1, 16 ], "texture": "#texture" },
				"south": { "uv": [ 0, 15, 1, 16 ], "texture": "#texture" },
				"west": { "uv": [ 0, 15, 1, 16 ], "texture": "#texture" },
				"east": { "uv": [ 0, 15, 1, 16 ], "texture": "#texture" }
			}
		},
		{
			"__comment": "Box2",
			"from": [ 12, 4.5, 2.5 ],
			"to": [ 13, 5.5, 3.5 ],
			"faces": {
				"down": { "uv": [ 0, 15, 1, 16 ], "texture": "#texture" },
				"up": { "uv": [ 0, 15, 1, 16 ], "texture": "#texture" },
				"north": { "uv": [ 0, 15, 1, 16 ], "texture": "#texture" },
				"south": { "uv": [ 0, 15, 1, 16 ], "texture": "#texture" },
				"west": { "uv": [ 0, 15, 1, 16 ], "texture": "#texture" },
				"east": { "uv": [ 0, 15, 1, 16 ], "texture": "#texture" }
			}
		},
		{
			"__comment": "Box2",
			"from": [ 12, 4.5, 4.5 ],
			"to": [ 13, 5.5, 5.5 ],
			"faces": {
				"down": { "uv": [ 0, 15, 1, 16 ], "texture": "#texture" },
				"up": { "uv": [ 0, 15, 1, 16 ], "texture": "#texture" },
				"north": { "uv": [ 0, 15, 1, 16 ], "texture": "#texture" },
				"south": { "uv": [ 0, 15, 1, 16 ], "texture": "#texture" },
				"west": { "uv": [ 0, 15, 1, 16 ], "texture": "#texture" },
				"east": { "uv": [ 0, 15, 1, 16 ], "texture": "#texture" }
			}
		},
		{
			"__comment": "Box2",
			"from": [ 12, 8.5, 6.5 ],
			"to": [ 13, 9.5, 7.5 ],
			"faces": {
				"down": { "uv": [ 0, 15, 1, 16 ], "texture": "#texture" },
				"up": { "uv": [ 0, 15, 1, 16 ], "texture": "#texture" },
				"north": { "uv": [ 0, 15, 1, 16 ], "texture": "#texture" },
				"south": { "uv": [ 0, 15, 1, 16 ], "texture": "#texture" },
				"west": { "uv": [ 0, 15, 1, 16 ], "texture": "#texture" },
				"east": { "uv": [ 0, 15, 1, 16 ], "texture": "#texture" }
			}
		},
		{
			"__comment": "Box2",
			"from": [ 12, 8.5, 0.5 ],
			"to": [ 13, 9.5, 1.5 ],
			"faces": {
				"down": { "uv": [ 0, 15, 1, 16 ], "texture": "#texture" },
				"up": { "uv": [ 0, 15, 1, 16 ], "texture": "#texture" },
				"north": { "uv": [ 0, 15, 1, 16 ], "texture": "#texture" },
				"south": { "uv": [ 0, 15, 1, 16 ], "texture": "#texture" },
				"west": { "uv": [ 0, 15, 1, 16 ], "texture": "#texture" },
				"east": { "uv": [ 0, 15, 1, 16 ], "texture": "#texture" }
			}
		},
		{
			"__comment": "Box2",
			"from": [ 12, 8.5, 2.5 ],
			"to": [ 13, 9.5, 3.5 ],
			"faces": {
				"down": { "uv": [ 0, 15, 1, 16 ], "texture": "#texture" },
				"up": { "uv": [ 0, 15, 1, 16 ], "texture": "#texture" },
				"north": { "uv": [ 0, 15, 1, 16 ], "texture": "#texture" },
				"south": { "uv": [ 0, 15, 1, 16 ], "texture": "#texture" },
				"west": { "uv": [ 0, 15, 1, 16 ], "texture": "#texture" },
				"east": { "uv": [ 0, 15, 1, 16 ], "texture": "#texture" }
			}
		},
		{
			"__comment": "Box2",
			"from": [ 12, 8.5, 4.5 ],
			"to": [ 13, 9.5, 5.5 ],
			"faces": {
				"down": { "uv": [ 0, 15, 1, 16 ], "texture": "#texture" },
				"up": { "uv": [ 0, 15, 1, 16 ], "texture": "#texture" },
				"north": { "uv": [ 0, 15, 1, 16 ], "texture": "#texture" },
				"south": { "uv": [ 0, 15, 1, 16 ], "texture": "#texture" },
				"west": { "uv": [ 0, 15, 1, 16 ], "texture": "#texture" },
				"east": { "uv": [ 0, 15, 1, 16 ], "texture": "#texture" }
			}
		},
		{
			"__comment": "Box2",
			"from": [ 12, 6.5, 6.5 ],
			"to": [ 13, 7.5, 7.5 ],
			"faces": {
				"down": { "uv": [ 0, 15, 1, 16 ], "texture": "#texture" },
				"up": { "uv": [ 0, 15, 1, 16 ], "texture": "#texture" },
				"north": { "uv": [ 0, 15, 1, 16 ], "texture": "#texture" },
				"south": { "uv": [ 0, 15, 1, 16 ], "texture": "#texture" },
				"west": { "uv": [ 0, 15, 1, 16 ], "texture": "#texture" },
				"east": { "uv": [ 0, 15, 1, 16 ], "texture": "#texture" }
			}
		},
		{
			"__comment": "Box2",
			"from": [ 12, 6.5, 0.5 ],
			"to": [ 13, 7.5, 1.5 ],
			"faces": {
				"down": { "uv": [ 0, 15, 1, 16 ], "texture": "#texture" },
				"up": { "uv": [ 0, 15, 1, 16 ], "texture": "#texture" },
				"north": { "uv": [ 0, 15, 1, 16 ], "texture": "#texture" },
				"south": { "uv": [ 0, 15, 1, 16 ], "texture": "#texture" },
				"west": { "uv": [ 0, 15, 1, 16 ], "texture": "#texture" },
				"east": { "uv": [ 0, 15, 1, 16 ], "texture": "#texture" }
			}
		},
		{
			"__comment": "Box2",
			"from": [ 12, 6.5, 2.5 ],
			"to": [ 13, 7.5, 3.5 ],
			"faces": {
				"down": { "uv": [ 0, 15, 1, 16 ], "texture": "#texture" },
				"up": { "uv": [ 0, 15, 1, 16 ], "texture": "#texture" },
				"north": { "uv": [ 0, 15, 1, 16 ], "texture": "#texture" },
				"south": { "uv": [ 0, 15, 1, 16 ], "texture": "#texture" },
				"west": { "uv": [ 0, 15, 1, 16 ], "texture": "#texture" },
				"east": { "uv": [ 0, 15, 1, 16 ], "texture": "#texture" }
			}
		},
		{
			"__comment": "Box2",
			"from": [ 12, 6.5, 4.5 ],
			"to": [ 13, 7.5, 5.5 ],
			"faces": {
				"down": { "uv": [ 0, 15, 1, 16 ], "texture": "#texture" },
				"up": { "uv": [ 0, 15, 1, 16 ], "texture": "#texture" },
				"north": { "uv": [ 0, 15, 1, 16 ], "texture": "#texture" },
				"south": { "uv": [ 0, 15, 1, 16 ], "texture": "#texture" },
				"west": { "uv": [ 0, 15, 1, 16 ], "texture": "#texture" },
				"east": { "uv": [ 0, 15, 1, 16 ], "texture": "#texture" }
			}
		},
		{
			"__comment": "Box38",
			"from": [ 7.5, 6, 12 ],
			"to": [ 8.5, 8.5, 15 ],
			"rotation": { "origin": [ 7.5, 8.5, 12 ], "axis": "x", "angle": 22.5 },
			"faces": {
				"down": { "uv": [ 0, 12, 4, 16 ], "texture": "#texture" },
				"up": { "uv": [ 0, 12, 4, 16 ], "texture": "#texture" },
				"north": { "uv": [ 0, 12, 4, 16 ], "texture": "#texture" },
				"south": { "uv": [ 0, 12, 4, 16 ], "texture": "#texture" },
				"west": { "uv": [ 0, 12, 4, 16 ], "texture": "#texture" },
				"east": { "uv": [ 0, 12, 4, 16 ], "texture": "#texture" }
			}
		},
		{
			"__comment": "Box38",
			"from": [ 7, 6, 8 ],
			"to": [ 9, 10, 12 ],
			"faces": {
				"down": { "uv": [ 0, 12, 4, 16 ], "texture": "#texture" },
				"up": { "uv": [ 0, 12, 4, 16 ], "texture": "#texture" },
				"north": { "uv": [ 0, 12, 4, 16 ], "texture": "#texture" },
				"south": { "uv": [ 0, 12, 4, 16 ], "texture": "#texture" },
				"west": { "uv": [ 0, 12, 4, 16 ], "texture": "#texture" },
				"east": { "uv": [ 0, 12, 4, 16 ], "texture": "#texture" }
			}
		},
		{
			"__comment": "Box38",
			"from": [ 7.5, 7.5, 12 ],
			"to": [ 8.5, 10, 15 ],
			"rotation": { "origin": [ 7.5, 7.5, 12 ], "axis": "x", "angle": -22.5 },
			"faces": {
				"down": { "uv": [ 0, 12, 4, 16 ], "texture": "#texture" },
				"up": { "uv": [ 0, 12, 4, 16 ], "texture": "#texture" },
				"north": { "uv": [ 0, 12, 4, 16 ], "texture": "#texture" },
				"south": { "uv": [ 0, 12, 4, 16 ], "texture": "#texture" },
				"west": { "uv": [ 0, 12, 4, 16 ], "texture": "#texture" },
				"east": { "uv": [ 0, 12, 4, 16 ], "texture": "#texture" }
			}
		},
		{
			"__comment": "Box2",
			"from": [ 3, 4.5, 6.5 ],
			"to": [ 4, 5.5, 7.5 ],
			"faces": {
				"down": { "uv": [ 0, 15, 1, 16 ], "texture": "#texture" },
				"up": { "uv": [ 0, 15, 1, 16 ], "texture": "#texture" },
				"north": { "uv": [ 0, 15, 1, 16 ], "texture": "#texture" },
				"south": { "uv": [ 0, 15, 1, 16 ], "texture": "#texture" },
				"west": { "uv": [ 0, 15, 1, 16 ], "texture": "#texture" },
				"east": { "uv": [ 0, 15, 1, 16 ], "texture": "#texture" }
			}
		},
		{
			"__comment": "Box2",
			"from": [ 3, 4.5, 0.5 ],
			"to": [ 4, 5.5, 1.5 ],
			"faces": {
				"down": { "uv": [ 0, 15, 1, 16 ], "texture": "#texture" },
				"up": { "uv": [ 0, 15, 1, 16 ], "texture": "#texture" },
				"north": { "uv": [ 0, 15, 1, 16 ], "texture": "#texture" },
				"south": { "uv": [ 0, 15, 1, 16 ], "texture": "#texture" },
				"west": { "uv": [ 0, 15, 1, 16 ], "texture": "#texture" },
				"east": { "uv": [ 0, 15, 1, 16 ], "texture": "#texture" }
			}
		},
		{
			"__comment": "Box2",
			"from": [ 3, 4.5, 2.5 ],
			"to": [ 4, 5.5, 3.5 ],
			"faces": {
				"down": { "uv": [ 0, 15, 1, 16 ], "texture": "#texture" },
				"up": { "uv": [ 0, 15, 1, 16 ], "texture": "#texture" },
				"north": { "uv": [ 0, 15, 1, 16 ], "texture": "#texture" },
				"south": { "uv": [ 0, 15, 1, 16 ], "texture": "#texture" },
				"west": { "uv": [ 0, 15, 1, 16 ], "texture": "#texture" },
				"east": { "uv": [ 0, 15, 1, 16 ], "texture": "#texture" }
			}
		},
		{
			"__comment": "Box2",
			"from": [ 3, 4.5, 4.5 ],
			"to": [ 4, 5.5, 5.5 ],
			"faces": {
				"down": { "uv": [ 0, 15, 1, 16 ], "texture": "#texture" },
				"up": { "uv": [ 0, 15, 1, 16 ], "texture": "#texture" },
				"north": { "uv": [ 0, 15, 1, 16 ], "texture": "#texture" },
				"south": { "uv": [ 0, 15, 1, 16 ], "texture": "#texture" },
				"west": { "uv": [ 0, 15, 1, 16 ], "texture": "#texture" },
				"east": { "uv": [ 0, 15, 1, 16 ], "texture": "#texture" }
			}
		},
		{
			"__comment": "Box2",
			"from": [ 4.5, 3, 6.5 ],
			"to": [ 5.5, 4, 7.5 ],
			"faces": {
				"down": { "uv": [ 0, 15, 1, 16 ], "texture": "#texture" },
				"up": { "uv": [ 0, 15, 1, 16 ], "texture": "#texture" },
				"north": { "uv": [ 0, 15, 1, 16 ], "texture": "#texture" },
				"south": { "uv": [ 0, 15, 1, 16 ], "texture": "#texture" },
				"west": { "uv": [ 0, 15, 1, 16 ], "texture": "#texture" },
				"east": { "uv": [ 0, 15, 1, 16 ], "texture": "#texture" }
			}
		},
		{
			"__comment": "Box2",
			"from": [ 4.5, 3, 0.5 ],
			"to": [ 5.5, 4, 1.5 ],
			"faces": {
				"down": { "uv": [ 0, 15, 1, 16 ], "texture": "#texture" },
				"up": { "uv": [ 0, 15, 1, 16 ], "texture": "#texture" },
				"north": { "uv": [ 0, 15, 1, 16 ], "texture": "#texture" },
				"south": { "uv": [ 0, 15, 1, 16 ], "texture": "#texture" },
				"west": { "uv": [ 0, 15, 1, 16 ], "texture": "#texture" },
				"east": { "uv": [ 0, 15, 1, 16 ], "texture": "#texture" }
			}
		},
		{
			"__comment": "Box2",
			"from": [ 4.5, 3, 2.5 ],
			"to": [ 5.5, 4, 3.5 ],
			"faces": {
				"down": { "uv": [ 0, 15, 1, 16 ], "texture": "#texture" },
				"up": { "uv": [ 0, 15, 1, 16 ], "texture": "#texture" },
				"north": { "uv": [ 0, 15, 1, 16 ], "texture": "#texture" },
				"south": { "uv": [ 0, 15, 1, 16 ], "texture": "#texture" },
				"west": { "uv": [ 0, 15, 1, 16 ], "texture": "#texture" },
				"east": { "uv": [ 0, 15, 1, 16 ], "texture": "#texture" }
			}
		},
		{
			"__comment": "Box2",
			"from": [ 4.5, 3, 4.5 ],
			"to": [ 5.5, 4, 5.5 ],
			"faces": {
				"down": { "uv": [ 0, 15, 1, 16 ], "texture": "#texture" },
				"up": { "uv": [ 0, 15, 1, 16 ], "texture": "#texture" },
				"north": { "uv": [ 0, 15, 1, 16 ], "texture": "#texture" },
				"south": { "uv": [ 0, 15, 1, 16 ], "texture": "#texture" },
				"west": { "uv": [ 0, 15, 1, 16 ], "texture": "#texture" },
				"east": { "uv": [ 0, 15, 1, 16 ], "texture": "#texture" }
			}
		},
		{
			"__comment": "Box2",
			"from": [ 6.5, 3, 6.5 ],
			"to": [ 7.5, 4, 7.5 ],
			"faces": {
				"down": { "uv": [ 0, 15, 1, 16 ], "texture": "#texture" },
				"up": { "uv": [ 0, 15, 1, 16 ], "texture": "#texture" },
				"north": { "uv": [ 0, 15, 1, 16 ], "texture": "#texture" },
				"south": { "uv": [ 0, 15, 1, 16 ], "texture": "#texture" },
				"west": { "uv": [ 0, 15, 1, 16 ], "texture": "#texture" },
				"east": { "uv": [ 0, 15, 1, 16 ], "texture": "#texture" }
			}
		},
		{
			"__comment": "Box2",
			"from": [ 6.5, 3, 0.5 ],
			"to": [ 7.5, 4, 1.5 ],
			"faces": {
				"down": { "uv": [ 0, 15, 1, 16 ], "texture": "#texture" },
				"up": { "uv": [ 0, 15, 1, 16 ], "texture": "#texture" },
				"north": { "uv": [ 0, 15, 1, 16 ], "texture": "#texture" },
				"south": { "uv": [ 0, 15, 1, 16 ], "texture": "#texture" },
				"west": { "uv": [ 0, 15, 1, 16 ], "texture": "#texture" },
				"east": { "uv": [ 0, 15, 1, 16 ], "texture": "#texture" }
			}
		},
		{
			"__comment": "Box2",
			"from": [ 6.5, 3, 2.5 ],
			"to": [ 7.5, 4, 3.5 ],
			"faces": {
				"down": { "uv": [ 0, 15, 1, 16 ], "texture": "#texture" },
				"up": { "uv": [ 0, 15, 1, 16 ], "texture": "#texture" },
				"north": { "uv": [ 0, 15, 1, 16 ], "texture": "#texture" },
				"south": { "uv": [ 0, 15, 1, 16 ], "texture": "#texture" },
				"west": { "uv": [ 0, 15, 1, 16 ], "texture": "#texture" },
				"east": { "uv": [ 0, 15, 1, 16 ], "texture": "#texture" }
			}
		},
		{
			"__comment": "Box2",
			"from": [ 6.5, 3, 4.5 ],
			"to": [ 7.5, 4, 5.5 ],
			"faces": {
				"down": { "uv": [ 0, 15, 1, 16 ], "texture": "#texture" },
				"up": { "uv": [ 0, 15, 1, 16 ], "texture": "#texture" },
				"north": { "uv": [ 0, 15, 1, 16 ], "texture": "#texture" },
				"south": { "uv": [ 0, 15, 1, 16 ], "texture": "#texture" },
				"west": { "uv": [ 0, 15, 1, 16 ], "texture": "#texture" },
				"east": { "uv": [ 0, 15, 1, 16 ], "texture": "#texture" }
			}
		},
		{
			"__comment": "Box2",
			"from": [ 8.5, 3, 6.5 ],
			"to": [ 9.5, 4, 7.5 ],
			"faces": {
				"down": { "uv": [ 0, 15, 1, 16 ], "texture": "#texture" },
				"up": { "uv": [ 0, 15, 1, 16 ], "texture": "#texture" },
				"north": { "uv": [ 0, 15, 1, 16 ], "texture": "#texture" },
				"south": { "uv": [ 0, 15, 1, 16 ], "texture": "#texture" },
				"west": { "uv": [ 0, 15, 1, 16 ], "texture": "#texture" },
				"east": { "uv": [ 0, 15, 1, 16 ], "texture": "#texture" }
			}
		},
		{
			"__comment": "Box2",
			"from": [ 8.5, 3, 0.5 ],
			"to": [ 9.5, 4, 1.5 ],
			"faces": {
				"down": { "uv": [ 0, 15, 1, 16 ], "texture": "#texture" },
				"up": { "uv": [ 0, 15, 1, 16 ], "texture": "#texture" },
				"north": { "uv": [ 0, 15, 1, 16 ], "texture": "#texture" },
				"south": { "uv": [ 0, 15, 1, 16 ], "texture": "#texture" },
				"west": { "uv": [ 0, 15, 1, 16 ], "texture": "#texture" },
				"east": { "uv": [ 0, 15, 1, 16 ], "texture": "#texture" }
			}
		},
		{
			"__comment": "Box2",
			"from": [ 8.5, 3, 2.5 ],
			"to": [ 9.5, 4, 3.5 ],
			"faces": {
				"down": { "uv": [ 0, 15, 1, 16 ], "texture": "#texture" },
				"up": { "uv": [ 0, 15, 1, 16 ], "texture": "#texture" },
				"north": { "uv": [ 0, 15, 1, 16 ], "texture": "#texture" },
				"south": { "uv": [ 0, 15, 1, 16 ], "texture": "#texture" },
				"west": { "uv": [ 0, 15, 1, 16 ], "texture": "#texture" },
				"east": { "uv": [ 0, 15, 1, 16 ], "texture": "#texture" }
			}
		},
		{
			"__comment": "Box2",
			"from": [ 8.5, 3, 4.5 ],
			"to": [ 9.5, 4, 5.5 ],
			"faces": {
				"down": { "uv": [ 0, 15, 1, 16 ], "texture": "#texture" },
				"up": { "uv": [ 0, 15, 1, 16 ], "texture": "#texture" },
				"north": { "uv": [ 0, 15, 1, 16 ], "texture": "#texture" },
				"south": { "uv": [ 0, 15, 1, 16 ], "texture": "#texture" },
				"west": { "uv": [ 0, 15, 1, 16 ], "texture": "#texture" },
				"east": { "uv": [ 0, 15, 1, 16 ], "texture": "#texture" }
			}
		}
	],
	"display": {
		"thirdperson_righthand": {
			"rotation":  [ 75, 45, 0 ],
			"translation":  [ 0, 2.5, 0 ],
			"scale":  [ 0.375, 0.375, 0.375 ]
		},
		"thirdperson_lefthand": {
			"rotation":  [ 75, 45, 0 ],
			"translation":  [ 0, 2.5, 0 ],
			"scale":  [ 0.375, 0.375, 0.375 ]
		},
		"firstperson_righthand": {
			"rotation":  [ 0, 45, 0 ],
			"scale":  [ 0.4, 0.4, 0.4 ]
		},
		"firstperson_lefthand": {
			"rotation":  [ 0, 45, 0 ],
			"scale":  [ 0.4, 0.4, 0.4 ]
		},
		"gui": {
			"rotation":  [ 30, 135, 0 ],
			"scale":  [ 0.625, 0.625, 0.625 ]
		},
		"ground": {
			"translation":  [ 0, 2, 0 ],
			"scale":  [ 0.5, 0.5, 0.5 ]
		},
		"fixed": {
			"scale":  [ 0.5, 0.5, 0.5 ]
		}
	}
}