{
	"__comment": "Designed by Blue_Beaker with Cubik Studio - https://cubik.studio",
	"textures": {
		"texture": "blocks/redstone_torch_on"
	},
	"elements": [ 	 
		{
			"__comment": "Box1",
			"from": [ 7, 0, 7 ],
			"to": [ 9, 10, 9 ],
			"faces": {
				"down": { "uv": [ 7, 14, 9, 16 ], "texture": "#texture" },
				"up": { "uv": [ 7, 6, 9, 8 ], "texture": "#texture" },
				"north": { "uv": [ 7, 6, 9, 16 ], "texture": "#texture" },
				"south": { "uv": [ 7, 6, 9, 16 ], "texture": "#texture" },
				"west": { "uv": [ 7, 6, 9, 16 ], "texture": "#texture" },
				"east": { "uv": [ 7, 6, 9, 16 ], "texture": "#texture" }
			}
		}
	],
	"display": {
		"thirdperson_righthand": {
			"rotation": [0, 45, 0],
			"translation": [0, 2, 0],
			"scale": [0.6, 0.6, 0.6]
		},
		"thirdperson_lefthand": {
			"rotation": [0, 45, 0],
			"translation": [0, 2, 0],
			"scale": [0.6, 0.6, 0.6]
		},
		"firstperson_righthand": {
			"rotation": [0, 45, 0],
			"translation": [0, 2, 0],
			"scale": [0.6, 0.6, 0.6]
		},
		"firstperson_lefthand": {
			"rotation": [0, 45, 0],
			"translation": [0, 2, 0],
			"scale": [0.6, 0.6, 0.6]
		},
		"ground": {
			"translation": [0, 3, 0],
			"scale": [0.5, 0.5, 0.5]
		},
		"gui": {
			"rotation": [30, 225, 0]
		},
		"head": {
			"translation": [0, 16, 0]
		}
	}
}