{
	"__comment": "Designed by  with Cubik Studio - https://cubik.studio",
	"ambientocclusion": false,
	"textures": {
		"particle": "blocks/repeater_off",
		"slab": "blocks/stone_slab_top",
		"top": "blocks/repeater_off",
		"unlit": "blocks/redstone_torch_off"
	},
	"elements": [ 	 
		{
			"from": [ 0, 0, 0 ],
			"to": [ 16, 2, 16 ],
			"faces": {
				"down": { "uv": [ 0, 0, 16, 16 ], "texture": "#slab", "cullface": "down" },
				"up": { "uv": [ 0, 0, 16, 16 ], "texture": "#top" },
				"north": { "uv": [ 0, 14, 16, 16 ], "texture": "#slab", "cullface": "north" },
				"south": { "uv": [ 0, 14, 16, 16 ], "texture": "#slab", "cullface": "south" },
				"west": { "uv": [ 0, 14, 16, 16 ], "texture": "#slab", "cullface": "west" },
				"east": { "uv": [ 0, 14, 16, 16 ], "texture": "#slab", "cullface": "east" }
			}
		},
		{
			"from": [ 7, 2, 6 ],
			"to": [ 9, 7, 8 ],
			"faces": {
				"down": { "uv": [ 7, 13, 9, 15 ], "texture": "#unlit" },
				"up": { "uv": [ 7, 6, 9, 8 ], "texture": "#unlit" },
				"north": { "uv": [ 7, 6, 9, 11 ], "texture": "#unlit" },
				"south": { "uv": [ 7, 6, 9, 11 ], "texture": "#unlit" },
				"west": { "uv": [ 7, 6, 9, 11 ], "texture": "#unlit" },
				"east": { "uv": [ 7, 6, 9, 11 ], "texture": "#unlit" }
			}
		},
		{
			"from": [ 7, 2, 2 ],
			"to": [ 9, 7, 4 ],
			"faces": {
				"down": { "uv": [ 7, 13, 9, 15 ], "texture": "#unlit" },
				"up": { "uv": [ 7, 6, 9, 8 ], "texture": "#unlit" },
				"north": { "uv": [ 7, 6, 9, 11 ], "texture": "#unlit" },
				"south": { "uv": [ 7, 6, 9, 11 ], "texture": "#unlit" },
				"west": { "uv": [ 7, 6, 9, 11 ], "texture": "#unlit" },
				"east": { "uv": [ 7, 6, 9, 11 ], "texture": "#unlit" }
			}
		}
	],
	"display": {
		"thirdperson_righthand": {
			"rotation":  [ 75, 45, 0 ],
			"translation":  [ 0, 2.5, 0 ],
			"scale":  [ 0.375, 0.375, 0.375 ]
		},
		"thirdperson_lefthand": {
			"rotation":  [ 75, 45, 0 ],
			"translation":  [ 0, 2.5, 0 ],
			"scale":  [ 0.375, 0.375, 0.375 ]
		},
		"firstperson_righthand": {
			"rotation":  [ 0, 45, 0 ],
			"translation":  [ 0, 2, 0 ],
			"scale":  [ 0.4, 0.4, 0.4 ]
		},
		"firstperson_lefthand": {
			"rotation":  [ 0, 45, 0 ],
			"translation":  [ 0, 2, 0 ],
			"scale":  [ 0.4, 0.4, 0.4 ]
		},
		"gui": {
			"rotation":  [ 30, 225, 0 ],
			"scale":  [ 0.625, 0.625, 0.625 ]
		},
		"ground": {
			"translation":  [ 0, 3, 0 ],
			"scale":  [ 0.25, 0.25, 0.25 ]
		},
		"fixed": {
			"rotation":  [ -90, 180, 0 ],
			"translation":  [ 0, 0, -3 ],
			"scale":  [ 0.5, 0.5, 0.5 ]
		}
	}
}