{
	"credit": "Designed by  with Cubik Studio - https://cubik.studio",
	"textures": {
		"texture": "3dres/spawn_egg/spawn_egg",
		"texture1": "3dres/spawn_egg/spawn_egg_overlay"
	},
	"elements": [
		{
			"name": "Box1",
			"from": [3, 3, 3],
			"to": [13, 13, 13],
			"faces": {
				"north": {"uv": [3, 3, 13, 13], "texture": "#texture1", "tintindex": 1},
				"east": {"uv": [3, 3, 13, 13], "texture": "#texture1", "tintindex": 1},
				"south": {"uv": [3, 3, 13, 13], "texture": "#texture1", "tintindex": 1},
				"west": {"uv": [3, 3, 13, 13], "texture": "#texture1", "tintindex": 1},
				"up": {"uv": [3, 3, 13, 13], "texture": "#texture1", "tintindex": 1},
				"down": {"uv": [3, 3, 13, 13], "texture": "#texture1", "tintindex": 1}
			}
		},
		{
			"name": "Box2",
			"from": [3, 3, 3],
			"to": [13, 13, 13],
			"faces": {
				"north": {"uv": [3, 3, 13, 13], "texture": "#texture", "tintindex": 0},
				"east": {"uv": [3, 3, 13, 13], "texture": "#texture", "tintindex": 0},
				"south": {"uv": [3, 3, 13, 13], "texture": "#texture", "tintindex": 0},
				"west": {"uv": [3, 3, 13, 13], "texture": "#texture", "tintindex": 0},
				"up": {"uv": [3, 3, 13, 13], "texture": "#texture", "tintindex": 0},
				"down": {"uv": [3, 3, 13, 13], "texture": "#texture", "tintindex": 0}
			}
		}
	],
	"gui_light": "front",
	"display": {
		"thirdperson_righthand": {
			"rotation": [75, 45, 0],
			"translation": [0, 2.5, 0],
			"scale": [0.375, 0.375, 0.375]
		},
		"thirdperson_lefthand": {
			"rotation": [75, 45, 0],
			"translation": [0, 2.5, 0],
			"scale": [0.375, 0.375, 0.375]
		},
		"firstperson_righthand": {
			"rotation": [0, 45, 0],
			"scale": [0.4, 0.4, 0.4]
		},
		"firstperson_lefthand": {
			"rotation": [0, 45, 0],
			"scale": [0.4, 0.4, 0.4]
		},
		"ground": {
			"translation": [0, 3, 0],
			"scale": [0.25, 0.25, 0.25]
		},
		"fixed": {
			"scale": [0.5, 0.5, 0.5]
		}
	}
}
