{
	"__comment": "Designed by Blue_Beaker with Cubik Studio - https://cubik.studio",
	"textures": {
		"particle": "items/structure_void",
		"texture": "3dres/structure_void"
	},
	"elements": [ 	 
		{
			"__comment": "Box1",
			"from": [ 3, 0, 7.5 ],
			"to": [ 13, 1, 8.5 ],
			"faces": {
				"down": { "uv": [ 3, 7.5, 13, 8.5 ], "texture": "#texture" },
				"up": { "uv": [ 3, 7.5, 13, 8.5 ], "texture": "#texture" },
				"north": { "uv": [ 3, 15, 13, 16 ], "texture": "#texture" },
				"south": { "uv": [ 3, 15, 13, 16 ], "texture": "#texture" }
			}
		},
		{
			"__comment": "Box2",
			"from": [ 0, 3, 7.5 ],
			"to": [ 4.24263, 4, 8.5 ],
			"rotation": { "origin": [ 0, 3, 7.5 ], "axis": "z", "angle": -45 },
			"faces": {
				"down": { "uv": [ 0, 1, 4.24263, 2 ], "texture": "#texture" },
				"up": { "uv": [ 0, 14, 4.24263, 15 ], "texture": "#texture" },
				"north": { "uv": [ 11.75737, 12, 16, 13 ], "texture": "#texture" },
				"south": { "uv": [ 0, 12, 4.24263, 13 ], "texture": "#texture" }
			}
		},
		{
			"__comment": "Box1",
			"from": [ 0, 3.0001, 7.5 ],
			"to": [ 1, 13.0001, 8.5 ],
			"faces": {
				"north": { "uv": [ 3, 15, 13, 16 ], "texture": "#texture", "rotation": 270 },
				"south": { "uv": [ 3, 15, 13, 16 ], "texture": "#texture", "rotation": 90 },
				"west": { "uv": [ 3, 7.5, 13, 8.5 ], "texture": "#texture", "rotation": 90 },
				"east": { "uv": [ 13, 8.5, 3, 7.5 ], "texture": "#texture", "rotation": 270 }
			}
		},
		{
			"__comment": "Box2",
			"from": [ 5.8787, -1.1924, 7.5 ],
			"to": [ 10.12133, -0.1924, 8.5 ],
			"rotation": { "origin": [ 8, 8, 17 ], "axis": "z", "angle": 45 },
			"faces": {
				"down": { "uv": [ 0, 1, 4.24263, 2 ], "texture": "#texture" },
				"up": { "uv": [ 0, 14, 4.24263, 15 ], "texture": "#texture" },
				"north": { "uv": [ 11.75737, 12, 16, 13 ], "texture": "#texture" },
				"south": { "uv": [ 0, 12, 4.24263, 13 ], "texture": "#texture" }
			}
		},
		{
			"__comment": "Box1",
			"from": [ 3, 15, 7.5 ],
			"to": [ 13, 16, 8.5 ],
			"faces": {
				"down": { "uv": [ 3, 7.5, 13, 8.5 ], "texture": "#texture", "rotation": 180 },
				"up": { "uv": [ 3, 7.5, 13, 8.5 ], "texture": "#texture", "rotation": 180 },
				"north": { "uv": [ 13, 16, 3, 15 ], "texture": "#texture" },
				"south": { "uv": [ 13, 16, 3, 15 ], "texture": "#texture" }
			}
		},
		{
			"__comment": "Box2",
			"from": [ 5.8787, 16.1924, 7.5 ],
			"to": [ 10.12133, 17.1924, 8.5 ],
			"rotation": { "origin": [ 8, 8, 7.5 ], "axis": "z", "angle": -45 },
			"faces": {
				"down": { "uv": [ 0, 14, 4.24263, 15 ], "texture": "#texture", "rotation": 180 },
				"up": { "uv": [ 0, 1, 4.24263, 2 ], "texture": "#texture", "rotation": 180 },
				"north": { "uv": [ 16, 13, 11.75737, 12 ], "texture": "#texture" },
				"south": { "uv": [ 4.24263, 13, 0, 12 ], "texture": "#texture" }
			}
		},
		{
			"__comment": "Box1",
			"from": [ 15, 2.9999, 7.5 ],
			"to": [ 16, 12.9999, 8.5 ],
			"faces": {
				"north": { "uv": [ 13, 16, 3, 15 ], "texture": "#texture", "rotation": 270 },
				"south": { "uv": [ 13, 16, 3, 15 ], "texture": "#texture", "rotation": 90 },
				"west": { "uv": [ 13, 8.5, 3, 7.5 ], "texture": "#texture", "rotation": 90 },
				"east": { "uv": [ 3, 7.5, 13, 8.5 ], "texture": "#texture", "rotation": 270 }
			}
		},
		{
			"__comment": "Box2",
			"from": [ -1.1924, 5.8787, 7.5 ],
			"to": [ -0.1924, 10.12133, 8.5 ],
			"rotation": { "origin": [ 8, 8, 7.5 ], "axis": "z", "angle": -45 },
			"faces": {
				"north": { "uv": [ 16, 13, 11.75737, 12 ], "texture": "#texture", "rotation": 90 },
				"south": { "uv": [ 4.24263, 13, 0, 12 ], "texture": "#texture", "rotation": 270 },
				"west": { "uv": [ 4.24263, 2, 0, 1 ], "texture": "#texture", "rotation": 270 },
				"east": { "uv": [ 0, 14, 4.24263, 15 ], "texture": "#texture", "rotation": 90 }
			}
		},
		{
			"__comment": "Box9",
			"from": [ 1.5, 2, 7.5 ],
			"to": [ 2.5, 18.97052, 8.5 ],
			"rotation": { "origin": [ 2, 2, 7.5 ], "axis": "z", "angle": -45 },
			"faces": {
				"north": { "uv": [ 13.5, 0, 14.5, 14 ], "texture": "#texture" },
				"south": { "uv": [ 1.5, 0, 2.5, 14 ], "texture": "#texture" },
				"west": { "uv": [ 7.5, 0, 8.5, 14 ], "texture": "#texture" },
				"east": { "uv": [ 7.5, 0, 8.5, 14 ], "texture": "#texture" }
			}
		},
		{
			"__comment": "Box9",
			"from": [ -2.9705, 1.5, 7.5 ],
			"to": [ 14.00002, 2.5, 8.5 ],
			"rotation": { "origin": [ 14, 2, 7.5 ], "axis": "z", "angle": -45 },
			"faces": {
				"down": { "uv": [ 8.5, 14, 7.5, 0 ], "texture": "#texture", "rotation": 90 },
				"up": { "uv": [ 7.5, 0, 8.5, 14 ], "texture": "#texture", "rotation": 270 },
				"north": { "uv": [ 13.5, 0, 14.5, 14 ], "texture": "#texture", "rotation": 90 },
				"south": { "uv": [ 1.5, 0, 2.5, 14 ], "texture": "#texture", "rotation": 270 }
			}
		}
	],
	"display": {
		"thirdperson_righthand": {
			"rotation":  [ 0, -90, 55 ],
			"translation":  [ 0, 4, 0.5 ],
			"scale":  [ 0.85, 0.85, 0.85 ]
		},
		"thirdperson_lefthand": {
			"rotation":  [ 0, 90, -55 ],
			"translation":  [ 0, 4, 0.5 ],
			"scale":  [ 0.85, 0.85, 0.85 ]
		},
		"firstperson_righthand": {
			"rotation":  [ 0, -90, 25 ],
			"translation":  [ 1.13, 3.2, 1.13 ],
			"scale":  [ 0.68, 0.68, 0.68 ]
		},
		"firstperson_lefthand": {
			"rotation":  [ 0, 90, -25 ],
			"translation":  [ 1.13, 3.2, 1.13 ],
			"scale":  [ 0.68, 0.68, 0.68 ]
		},
		"gui": {
			"scale":  [ 0.9, 0.9, 0.9 ]
		},
		"ground": {
			"translation":  [ 0, 2, 0 ],
			"scale":  [ 0.5, 0.5, 0.5 ]
		},
		"fixed": {
			"rotation":  [ 0, 180, 0 ]
		}
	}
}
