{
	"__comment": "Designed by Blue_Beaker with Cubik Studio - https://cubik.studio",
	"textures": {
		"texture": "3dres/nether_star/nether_star_outer",
		"texture1": "3dres/nether_star/nether_star",
		"obsidian": "blocks/obsidian",
		"glass": "blocks/glass",
		"particle": "blocks/glass"
	},
	"elements": [ 	 
		{
			"__comment": "PlaneY13",
			"from": [ 0, 8, 0 ],
			"to": [ 16, 8.001, 16 ],
			"faces": {
				"down": { "uv": [ 0, 0, 16, 16 ], "texture": "#texture1" },
				"up": { "uv": [ 0, 0, 16, 16 ], "texture": "#texture1" }
			}
		},
		{
			"__comment": "Box14",
			"from": [ 7, 7, 7 ],
			"to": [ 9, 9, 9 ],
			"faces": {
				"down": { "uv": [ 7, 7, 9, 9 ], "texture": "#texture1" },
				"up": { "uv": [ 7, 7, 9, 9 ], "texture": "#texture1" },
				"north": { "uv": [ 7, 7, 9, 9 ], "texture": "#texture1" },
				"south": { "uv": [ 7, 7, 9, 9 ], "texture": "#texture1" },
				"west": { "uv": [ 7, 7, 9, 9 ], "texture": "#texture1" },
				"east": { "uv": [ 7, 7, 9, 9 ], "texture": "#texture1" }
			}
		},
		{
			"__comment": "Box15",
			"from": [ 2, 0, 2 ],
			"to": [ 14, 1, 14 ],
			"faces": {
				"down": { "uv": [ 2, 2, 14, 14 ], "texture": "#obsidian" },
				"up": { "uv": [ 2, 2, 14, 14 ], "texture": "#obsidian" },
				"north": { "uv": [ 2, 15, 14, 16 ], "texture": "#obsidian" },
				"south": { "uv": [ 2, 15, 14, 16 ], "texture": "#obsidian" },
				"west": { "uv": [ 2, 15, 14, 16 ], "texture": "#obsidian" },
				"east": { "uv": [ 2, 15, 14, 16 ], "texture": "#obsidian" }
			}
		},
		{
			"__comment": "Box16",
			"from": [ 0, 0, 0 ],
			"to": [ 16, 16, 16 ],
			"faces": {
				"down": { "uv": [ 0, 0, 16, 16 ], "texture": "#glass" },
				"up": { "uv": [ 0, 0, 16, 16 ], "texture": "#glass" },
				"north": { "uv": [ 0, 0, 16, 16 ], "texture": "#glass" },
				"south": { "uv": [ 0, 0, 16, 16 ], "texture": "#glass" },
				"west": { "uv": [ 0, 0, 16, 16 ], "texture": "#glass" },
				"east": { "uv": [ 0, 0, 16, 16 ], "texture": "#glass" }
			}
		}
	],
	"display": {
		"thirdperson_righthand": {
			"rotation":  [ 75, 45, 0 ],
			"translation":  [ 0, 2.5, 0 ],
			"scale":  [ 0.375, 0.375, 0.375 ]
		},
		"thirdperson_lefthand": {
			"rotation":  [ 75, 45, 0 ],
			"translation":  [ 0, 2.5, 0 ],
			"scale":  [ 0.375, 0.375, 0.375 ]
		},
		"firstperson_righthand": {
			"rotation":  [ 0, 45, 0 ],
			"scale":  [ 0.4, 0.4, 0.4 ]
		},
		"firstperson_lefthand": {
			"rotation":  [ 0, 45, 0 ],
			"scale":  [ 0.4, 0.4, 0.4 ]
		},
		"gui": {
			"rotation":  [ 30, 225, 0 ],
			"scale":  [ 0.625, 0.625, 0.625 ]
		},
		"ground": {
			"translation":  [ 0, 3, 0 ],
			"scale":  [ 0.25, 0.25, 0.25 ]
		},
		"fixed": {
			"scale":  [ 0.5, 0.5, 0.5 ]
		}
	}
}