{
	"credit": "Made with Blockbench",
	"textures": {
		"1": "3dres/brewing_stand",
		"2": "3dres/potion_bottle_brewing",
		"particle": "block/brewing_stand"
	},
	"elements": [
		{
			"from": [7.5, 12, 2],
			"to": [8.5, 13, 8],
			"rotation": {"angle": 45, "axis": "y", "origin": [8, 8, 7]},
			"faces": {
				"north": {"uv": [2, 2, 7, 4], "texture": "#1"},
				"east": {"uv": [2, 2, 7, 4], "texture": "#1"},
				"west": {"uv": [2, 2, 7, 4], "texture": "#1"},
				"up": {"uv": [2, 2, 7, 3], "rotation": 270, "texture": "#1"},
				"down": {"uv": [2, 3, 7, 4], "rotation": 90, "texture": "#1"}
			}
		},
		{
			"from": [2.5, 2, 1.5],
			"to": [7.5, 7, 6.5],
			"rotation": {"angle": 0, "axis": "y", "origin": [0, 0, -1]},
			"faces": {
				"north": {"uv": [0, 0, 5, 5], "texture": "#2"},
				"east": {"uv": [0, 0, 5, 5], "texture": "#2"},
				"south": {"uv": [0, 0, 5, 5], "texture": "#2"},
				"west": {"uv": [0, 0, 5, 5], "texture": "#2"},
				"up": {"uv": [0, 0, 5, 5], "texture": "#2"},
				"down": {"uv": [0, 0, 5, 5], "texture": "#2"}
			}
		},
		{
			"from": [4.5, 8, 3.5],
			"to": [5.5, 12, 4.5],
			"rotation": {"angle": 45, "axis": "y", "origin": [5, 6, 4]},
			"faces": {
				"north": {"uv": [3, 4, 4, 8], "texture": "#1"},
				"east": {"uv": [3, 4, 4, 8], "texture": "#1"},
				"south": {"uv": [3, 4, 4, 8], "texture": "#1"},
				"west": {"uv": [3, 4, 4, 8], "texture": "#1"},
				"down": {"uv": [3, 7, 4, 8], "texture": "#1"}
			}
		},
		{
			"from": [3.5, 3, 2.5],
			"to": [6.5, 6, 5.5],
			"rotation": {"angle": 0, "axis": "y", "origin": [0, 0, -1]},
			"faces": {
				"north": {"uv": [2, 10, 6, 14], "texture": "#1"},
				"east": {"uv": [2, 10, 6, 14], "texture": "#1"},
				"south": {"uv": [2, 10, 6, 14], "texture": "#1"},
				"west": {"uv": [2, 10, 6, 14], "texture": "#1"},
				"up": {"uv": [3, 11, 5, 13], "texture": "#1"},
				"down": {"uv": [3, 11, 5, 13], "texture": "#1"}
			}
		},
		{
			"from": [3.5, 7, 2.5],
			"to": [6.5, 8, 5.5],
			"rotation": {"angle": 0, "axis": "y", "origin": [0, 0, -1]},
			"faces": {
				"north": {"uv": [6, 9.25, 9, 10], "texture": "#2"},
				"east": {"uv": [6, 9.25, 9, 10], "texture": "#2"},
				"south": {"uv": [6, 9.25, 9, 10], "texture": "#2"},
				"west": {"uv": [6, 9.25, 9, 10], "texture": "#2"},
				"up": {"uv": [6, 10, 9, 13], "texture": "#2"}
			}
		}
	]
}
