{
	"credit": "Made with Blockbench",
	"textures": {
		"1": "3dres/brewing_stand",
		"2": "3dres/potion_bottle_brewing",
		"particle": "block/brewing_stand"
	},
	"elements": [
		{
			"from": [7.5, 12, 8],
			"to": [8.5, 13, 14],
			"rotation": {"angle": -45, "axis": "y", "origin": [8, 8, 9]},
			"faces": {
				"east": {"uv": [7, 2, 2, 4], "texture": "#1"},
				"south": {"uv": [7, 2, 2, 4], "texture": "#1"},
				"west": {"uv": [7, 2, 2, 4], "texture": "#1"},
				"up": {"uv": [7, 2, 2, 3], "rotation": 270, "texture": "#1"},
				"down": {"uv": [7, 3, 2, 4], "rotation": 90, "texture": "#1"}
			}
		},
		{
			"from": [2.5, 2, 9.5],
			"to": [7.5, 7, 14.5],
			"rotation": {"angle": 0, "axis": "y", "origin": [0, 0, 17]},
			"faces": {
				"north": {"uv": [5, 0, 0, 5], "texture": "#2"},
				"east": {"uv": [5, 0, 0, 5], "texture": "#2"},
				"south": {"uv": [5, 0, 0, 5], "texture": "#2"},
				"west": {"uv": [5, 0, 0, 5], "texture": "#2"},
				"up": {"uv": [0, 5, 5, 0], "texture": "#2"},
				"down": {"uv": [0, 5, 5, 0], "texture": "#2"}
			}
		},
		{
			"from": [4.5, 8, 11.5],
			"to": [5.5, 12, 12.5],
			"rotation": {"angle": -45, "axis": "y", "origin": [5, 6, 12]},
			"faces": {
				"north": {"uv": [4, 4, 3, 8], "texture": "#1"},
				"east": {"uv": [4, 4, 3, 8], "texture": "#1"},
				"south": {"uv": [4, 4, 3, 8], "texture": "#1"},
				"west": {"uv": [4, 4, 3, 8], "texture": "#1"},
				"down": {"uv": [3, 8, 4, 7], "texture": "#1"}
			}
		},
		{
			"from": [3.5, 3, 10.5],
			"to": [6.5, 6, 13.5],
			"rotation": {"angle": 0, "axis": "y", "origin": [0, 0, 17]},
			"faces": {
				"north": {"uv": [6, 10, 2, 14], "texture": "#1"},
				"east": {"uv": [6, 10, 2, 14], "texture": "#1"},
				"south": {"uv": [6, 10, 2, 14], "texture": "#1"},
				"west": {"uv": [6, 10, 2, 14], "texture": "#1"},
				"up": {"uv": [3, 13, 5, 11], "texture": "#1"},
				"down": {"uv": [3, 13, 5, 11], "texture": "#1"}
			}
		},
		{
			"from": [3.5, 7, 10.5],
			"to": [6.5, 8, 13.5],
			"rotation": {"angle": 0, "axis": "y", "origin": [0, 0, 17]},
			"faces": {
				"north": {"uv": [9, 9.25, 6, 10], "texture": "#2"},
				"east": {"uv": [9, 9.25, 6, 10], "texture": "#2"},
				"south": {"uv": [9, 9.25, 6, 10], "texture": "#2"},
				"west": {"uv": [9, 9.25, 6, 10], "texture": "#2"},
				"up": {"uv": [6, 13, 9, 10], "texture": "#2"}
			}
		}
	]
}
