{
	"__comment": "Designed by Blue_Beaker with Cubik Studio - https://cubik.studio",
	"textures": {
		"particle": "blocks/flower_oxeye_daisy",
		"texture": "3dres/flowers/flower_oxeye_daisy"
	},
	"elements": [ 	 
		{
			"__comment": "Box1",
			"from": [ 7.5, 0, 7.5 ],
			"to": [ 8.5, 6, 8.5 ],
			"faces": {
				"down": { "uv": [ 0, 0, 2, 2 ], "texture": "#texture", "rotation": 90 },
				"north": { "uv": [ 0, 9, 2, 16 ], "texture": "#texture" },
				"south": { "uv": [ 0, 9, 2, 16 ], "texture": "#texture" },
				"west": { "uv": [ 2, 9, 0, 16 ], "texture": "#texture" },
				"east": { "uv": [ 2, 9, 0, 16 ], "texture": "#texture" }
			}
		},
		{
			"__comment": "Box6",
			"from": [ 7, 6, 7 ],
			"to": [ 9, 7.5, 9 ],
			"faces": {
				"down": { "uv": [ 14, 0, 10, 4 ], "texture": "#texture" },
				"up": { "uv": [ 10, 0, 14, 4 ], "texture": "#texture" },
				"north": { "uv": [ 14, 4, 10, 7 ], "texture": "#texture" },
				"south": { "uv": [ 14, 4, 10, 7 ], "texture": "#texture" },
				"west": { "uv": [ 10, 4, 14, 7 ], "texture": "#texture" },
				"east": { "uv": [ 10, 4, 14, 7 ], "texture": "#texture" }
			}
		},
		{
			"__comment": "Box3",
			"from": [ 4, 6.4999, 6 ],
			"to": [ 7, 6.9999, 10 ],
			"rotation": { "origin": [ 7, 7, 10 ], "axis": "z", "angle": -22.5 },
			"faces": {
				"down": { "uv": [ 10, 0, 2, 16 ], "texture": "#texture", "rotation": 270 },
				"up": { "uv": [ 10, 16, 2, 0 ], "texture": "#texture", "rotation": 90 },
				"north": { "uv": [ 3, 16, 2, 0 ], "texture": "#texture", "rotation": 270 },
				"south": { "uv": [ 4, 15.5, 3, 0 ], "texture": "#texture", "rotation": 90 },
				"west": { "uv": [ 2, 0, 10, 16 ], "texture": "#texture", "rotation": 180 },
				"east": { "uv": [ 10, 16, 2, 0 ], "texture": "#texture", "rotation": 180 }
			}
		},
		{
			"__comment": "Box3",
			"from": [ 6, 6.5, 9 ],
			"to": [ 10, 7, 12 ],
			"rotation": { "origin": [ 6, 7, 9 ], "axis": "x", "angle": -22.5 },
			"faces": {
				"down": { "uv": [ 2, 0, 10, 16 ], "texture": "#texture" },
				"up": { "uv": [ 2, 16, 10, 0 ], "texture": "#texture" },
				"north": { "uv": [ 10, 16, 2, 0 ], "texture": "#texture" },
				"south": { "uv": [ 2, 0, 10, 16 ], "texture": "#texture" },
				"west": { "uv": [ 3, 0, 4, 15.5 ], "texture": "#texture", "rotation": 90 },
				"east": { "uv": [ 2, 0, 3, 16 ], "texture": "#texture", "rotation": 270 }
			}
		},
		{
			"__comment": "Box3",
			"from": [ 6, 6.5, 4 ],
			"to": [ 10, 7, 7 ],
			"rotation": { "origin": [ 6, 7, 7 ], "axis": "x", "angle": 22.5 },
			"faces": {
				"down": { "uv": [ 2, 16, 10, 0 ], "texture": "#texture" },
				"up": { "uv": [ 2, 0, 10, 16 ], "texture": "#texture" },
				"north": { "uv": [ 10, 16, 2, 0 ], "texture": "#texture" },
				"south": { "uv": [ 2, 0, 10, 16 ], "texture": "#texture" },
				"west": { "uv": [ 3, 0, 4, 15.5 ], "texture": "#texture", "rotation": 270 },
				"east": { "uv": [ 2, 0, 3, 16 ], "texture": "#texture", "rotation": 90 }
			}
		},
		{
			"__comment": "Box3",
			"from": [ 9, 6.5, 6 ],
			"to": [ 12, 7, 10 ],
			"rotation": { "origin": [ 9, 7, 10 ], "axis": "z", "angle": 22.5 },
			"faces": {
				"down": { "uv": [ 10, 16, 2, 0 ], "texture": "#texture", "rotation": 270 },
				"up": { "uv": [ 10, 0, 2, 16 ], "texture": "#texture", "rotation": 90 },
				"north": { "uv": [ 3, 16, 2, 0 ], "texture": "#texture", "rotation": 90 },
				"south": { "uv": [ 4, 15.5, 3, 0 ], "texture": "#texture", "rotation": 270 },
				"west": { "uv": [ 2, 0, 10, 16 ], "texture": "#texture", "rotation": 180 },
				"east": { "uv": [ 10, 16, 2, 0 ], "texture": "#texture", "rotation": 180 }
			}
		}
	],
	"display": {
		"thirdperson_righthand": {
			"translation":  [ 0, 3, 1 ],
			"scale":  [ 0.375, 0.375, 0.375 ]
		},
		"thirdperson_lefthand": {
			"translation":  [ 0, 3, 1 ],
			"scale":  [ 0.375, 0.375, 0.375 ]
		},
		"firstperson_righthand": {
			"rotation":  [ 0, 45, 0 ],
			"translation":  [ 0, 3, 0 ],
			"scale":  [ 0.4, 0.4, 0.4 ]
		},
		"firstperson_lefthand": {
			"rotation":  [ 0, 45, 0 ],
			"translation":  [ 0, 3, 0 ],
			"scale":  [ 0.4, 0.4, 0.4 ]
		},
		"gui": {
			"rotation":  [ 30, 225, 0 ],
			"scale":  [ 0.625, 0.625, 0.625 ]
		},
		"ground": {
			"translation":  [ 0, 2, 0 ],
			"scale":  [ 0.5, 0.5, 0.5 ]
		},
		"fixed": {
			"scale":  [ 0.5, 0.5, 0.5 ]
		}
	}
}