{
	"__comment": "Designed by Blue_Beaker with Cubik Studio - https://cubik.studio",
	"ambientocclusion": false,
	"textures": {
		"particle": "blocks/flower_pot",
		"flowerpot": "blocks/flower_pot",
		"dirt": "blocks/dirt",
		"texture": "3dres/tool/stick"
	},
	"elements": [ 	 
		{
			"from": [ 5, 0, 5 ],
			"to": [ 6, 6, 11 ],
			"faces": {
				"down": { "uv": [ 5, 5, 6, 11 ], "texture": "#flowerpot", "cullface": "down" },
				"up": { "uv": [ 5, 5, 6, 11 ], "texture": "#flowerpot" },
				"north": { "uv": [ 10, 10, 11, 16 ], "texture": "#flowerpot" },
				"south": { "uv": [ 5, 10, 6, 16 ], "texture": "#flowerpot" },
				"west": { "uv": [ 5, 10, 11, 16 ], "texture": "#flowerpot" },
				"east": { "uv": [ 5, 10, 11, 16 ], "texture": "#flowerpot" }
			}
		},
		{
			"from": [ 10, 0, 5 ],
			"to": [ 11, 6, 11 ],
			"faces": {
				"down": { "uv": [ 10, 5, 11, 11 ], "texture": "#flowerpot", "cullface": "down" },
				"up": { "uv": [ 10, 5, 11, 11 ], "texture": "#flowerpot" },
				"north": { "uv": [ 5, 10, 6, 16 ], "texture": "#flowerpot" },
				"south": { "uv": [ 10, 10, 11, 16 ], "texture": "#flowerpot" },
				"west": { "uv": [ 5, 10, 11, 16 ], "texture": "#flowerpot" },
				"east": { "uv": [ 5, 10, 11, 16 ], "texture": "#flowerpot" }
			}
		},
		{
			"from": [ 6, 0, 5 ],
			"to": [ 10, 6, 6 ],
			"faces": {
				"down": { "uv": [ 6, 10, 10, 11 ], "texture": "#flowerpot", "cullface": "down" },
				"up": { "uv": [ 6, 5, 10, 6 ], "texture": "#flowerpot" },
				"north": { "uv": [ 6, 10, 10, 16 ], "texture": "#flowerpot" },
				"south": { "uv": [ 6, 10, 10, 16 ], "texture": "#flowerpot" }
			}
		},
		{
			"from": [ 6, 0, 10 ],
			"to": [ 10, 6, 11 ],
			"faces": {
				"down": { "uv": [ 6, 5, 10, 6 ], "texture": "#flowerpot", "cullface": "down" },
				"up": { "uv": [ 6, 10, 10, 11 ], "texture": "#flowerpot" },
				"north": { "uv": [ 6, 10, 10, 16 ], "texture": "#flowerpot" },
				"south": { "uv": [ 6, 10, 10, 16 ], "texture": "#flowerpot" }
			}
		},
		{
			"from": [ 6, 0, 6 ],
			"to": [ 10, 4, 10 ],
			"faces": {
				"down": { "uv": [ 6, 6, 10, 10 ], "texture": "#flowerpot", "cullface": "down" },
				"up": { "uv": [ 6, 6, 10, 10 ], "texture": "#dirt" }
			}
		},
		{
			"__comment": "Box1",
			"from": [ 4, 15, 7 ],
			"to": [ 12, 17, 9 ],
			"faces": {
				"down": { "uv": [ 8, 8, 10, 16 ], "texture": "#texture", "rotation": 270 },
				"up": { "uv": [ 8, 8, 10, 16 ], "texture": "#texture", "rotation": 90 },
				"north": { "uv": [ 8, 8, 10, 16 ], "texture": "#texture", "rotation": 90 },
				"south": { "uv": [ 8, 8, 10, 16 ], "texture": "#texture", "rotation": 90 },
				"west": { "uv": [ 2, 0, 4, 2 ], "texture": "#texture" },
				"east": { "uv": [ 2, 0, 4, 2 ], "texture": "#texture" }
			}
		},
		{
			"__comment": "Box1",
			"from": [ 7, 4, 7 ],
			"to": [ 9, 20, 9 ],
			"faces": {
				"down": { "uv": [ 2, 0, 4, 2 ], "texture": "#texture" },
				"up": { "uv": [ 2, 0, 4, 2 ], "texture": "#texture" },
				"north": { "uv": [ 0, 0, 2, 16 ], "texture": "#texture" },
				"south": { "uv": [ 0, 0, 2, 16 ], "texture": "#texture" },
				"west": { "uv": [ 0, 0, 2, 16 ], "texture": "#texture" },
				"east": { "uv": [ 0, 0, 2, 16 ], "texture": "#texture" }
			}
		},
		{
			"__comment": "Box1",
			"from": [ 0, 7, 7 ],
			"to": [ 16, 9, 9 ],
			"faces": {
				"down": { "uv": [ 0, 0, 2, 16 ], "texture": "#texture", "rotation": 270 },
				"up": { "uv": [ 0, 0, 2, 16 ], "texture": "#texture", "rotation": 90 },
				"north": { "uv": [ 0, 0, 2, 16 ], "texture": "#texture", "rotation": 90 },
				"south": { "uv": [ 0, 0, 2, 16 ], "texture": "#texture", "rotation": 90 },
				"west": { "uv": [ 2, 0, 4, 2 ], "texture": "#texture" },
				"east": { "uv": [ 2, 0, 4, 2 ], "texture": "#texture" }
			}
		},
		{
			"__comment": "Box1",
			"from": [ 2, 11, 7 ],
			"to": [ 14, 13, 9 ],
			"faces": {
				"down": { "uv": [ 4, 4, 6, 16 ], "texture": "#texture", "rotation": 270 },
				"up": { "uv": [ 4, 4, 6, 16 ], "texture": "#texture", "rotation": 90 },
				"north": { "uv": [ 4, 4, 6, 16 ], "texture": "#texture", "rotation": 90 },
				"south": { "uv": [ 4, 4, 6, 16 ], "texture": "#texture", "rotation": 90 },
				"west": { "uv": [ 2, 0, 4, 2 ], "texture": "#texture" },
				"east": { "uv": [ 2, 0, 4, 2 ], "texture": "#texture" }
			}
		},
		{
			"__comment": "Box1",
			"from": [ 7, 7, 0 ],
			"to": [ 9, 9, 16 ],
			"faces": {
				"down": { "uv": [ 0, 0, 2, 16 ], "texture": "#texture" },
				"up": { "uv": [ 0, 0, 2, 16 ], "texture": "#texture" },
				"north": { "uv": [ 2, 0, 4, 2 ], "texture": "#texture" },
				"south": { "uv": [ 2, 0, 4, 2 ], "texture": "#texture" },
				"west": { "uv": [ 0, 0, 2, 16 ], "texture": "#texture", "rotation": 90 },
				"east": { "uv": [ 0, 0, 2, 16 ], "texture": "#texture", "rotation": 90 }
			}
		},
		{
			"__comment": "Box1",
			"from": [ 7, 11, 2 ],
			"to": [ 9, 13, 14 ],
			"faces": {
				"down": { "uv": [ 4, 4, 6, 16 ], "texture": "#texture" },
				"up": { "uv": [ 4, 4, 6, 16 ], "texture": "#texture" },
				"north": { "uv": [ 2, 0, 4, 2 ], "texture": "#texture" },
				"south": { "uv": [ 2, 0, 4, 2 ], "texture": "#texture" },
				"west": { "uv": [ 4, 4, 6, 16 ], "texture": "#texture", "rotation": 90 },
				"east": { "uv": [ 4, 4, 6, 16 ], "texture": "#texture", "rotation": 90 }
			}
		},
		{
			"__comment": "Box1",
			"from": [ 7, 15, 4 ],
			"to": [ 9, 17, 12 ],
			"faces": {
				"down": { "uv": [ 8, 8, 10, 16 ], "texture": "#texture" },
				"up": { "uv": [ 8, 8, 10, 16 ], "texture": "#texture" },
				"north": { "uv": [ 2, 0, 4, 2 ], "texture": "#texture" },
				"south": { "uv": [ 2, 0, 4, 2 ], "texture": "#texture" },
				"west": { "uv": [ 8, 8, 10, 16 ], "texture": "#texture", "rotation": 90 },
				"east": { "uv": [ 8, 8, 10, 16 ], "texture": "#texture", "rotation": 90 }
			}
		}
	],
	"display": {
		"thirdperson_righthand": {
			"rotation":  [ 75, 45, 0 ],
			"translation":  [ 0, 2.5, 0 ],
			"scale":  [ 0.375, 0.375, 0.375 ]
		},
		"thirdperson_lefthand": {
			"rotation":  [ 75, 45, 0 ],
			"translation":  [ 0, 2.5, 0 ],
			"scale":  [ 0.375, 0.375, 0.375 ]
		},
		"firstperson_righthand": {
			"rotation":  [ 0, 45, 0 ],
			"scale":  [ 0.4, 0.4, 0.4 ]
		},
		"firstperson_lefthand": {
			"rotation":  [ 0, 45, 0 ],
			"scale":  [ 0.4, 0.4, 0.4 ]
		},
		"gui": {
			"rotation":  [ 30, 225, 0 ],
			"scale":  [ 0.625, 0.625, 0.625 ]
		},
		"ground": {
			"translation":  [ 0, 3, 0 ],
			"scale":  [ 0.25, 0.25, 0.25 ]
		},
		"fixed": {
			"scale":  [ 0.5, 0.5, 0.5 ]
		}
	}
}