{
	"__comment": "Designed by Blue_Beaker with Cubik Studio - https://cubik.studio",
	"parent": "block/flower_pot_cross",
	"ambientocclusion": false,
	"textures": {
		"particle": "blocks/flower_pot",
		"texture": "3dres/flowers/flower_oxeye_daisy",
		"flowerpot": "blocks/flower_pot",
		"dirt": "blocks/dirt"
	},
	"elements": [ 	 
		{
			"__comment": "Box1",
			"from": [ 7.5, 3, 7.5 ],
			"to": [ 8.5, 10, 8.5 ],
			"faces": {
				"down": { "uv": [ 0, 0, 2, 2 ], "texture": "#texture", "rotation": 90 },
				"north": { "uv": [ 0, 9, 2, 16 ], "texture": "#texture" },
				"south": { "uv": [ 0, 9, 2, 16 ], "texture": "#texture" },
				"west": { "uv": [ 2, 9, 0, 16 ], "texture": "#texture" },
				"east": { "uv": [ 2, 9, 0, 16 ], "texture": "#texture" }
			}
		},
		{
			"__comment": "Box6",
			"from": [ 7, 9, 7 ],
			"to": [ 9, 10.5, 9 ],
			"faces": {
				"down": { "uv": [ 14, 0, 10, 4 ], "texture": "#texture" },
				"up": { "uv": [ 10, 0, 14, 4 ], "texture": "#texture" },
				"north": { "uv": [ 14, 4, 10, 7 ], "texture": "#texture" },
				"south": { "uv": [ 14, 4, 10, 7 ], "texture": "#texture" },
				"west": { "uv": [ 10, 4, 14, 7 ], "texture": "#texture" },
				"east": { "uv": [ 10, 4, 14, 7 ], "texture": "#texture" }
			}
		},
		{
			"__comment": "Box3",
			"from": [ 4, 9.4999, 6 ],
			"to": [ 7, 9.9999, 10 ],
			"rotation": { "origin": [ 7, 10, 10 ], "axis": "z", "angle": -22.5 },
			"faces": {
				"down": { "uv": [ 10, 0, 2, 16 ], "texture": "#texture", "rotation": 270 },
				"up": { "uv": [ 10, 16, 2, 0 ], "texture": "#texture", "rotation": 90 },
				"north": { "uv": [ 3, 16, 2, 0 ], "texture": "#texture", "rotation": 270 },
				"south": { "uv": [ 4, 15.5, 3, 0 ], "texture": "#texture", "rotation": 90 },
				"west": { "uv": [ 2, 0, 10, 16 ], "texture": "#texture", "rotation": 180 },
				"east": { "uv": [ 10, 16, 2, 0 ], "texture": "#texture", "rotation": 180 }
			}
		},
		{
			"__comment": "Box3",
			"from": [ 6, 9.5, 9 ],
			"to": [ 10, 10, 12 ],
			"rotation": { "origin": [ 6, 10, 9 ], "axis": "x", "angle": -22.5 },
			"faces": {
				"down": { "uv": [ 2, 0, 10, 16 ], "texture": "#texture" },
				"up": { "uv": [ 2, 16, 10, 0 ], "texture": "#texture" },
				"north": { "uv": [ 10, 16, 2, 0 ], "texture": "#texture" },
				"south": { "uv": [ 2, 0, 10, 16 ], "texture": "#texture" },
				"west": { "uv": [ 3, 0, 4, 15.5 ], "texture": "#texture", "rotation": 90 },
				"east": { "uv": [ 2, 0, 3, 16 ], "texture": "#texture", "rotation": 270 }
			}
		},
		{
			"__comment": "Box3",
			"from": [ 6, 9.5, 4 ],
			"to": [ 10, 10, 7 ],
			"rotation": { "origin": [ 6, 10, 7 ], "axis": "x", "angle": 22.5 },
			"faces": {
				"down": { "uv": [ 2, 16, 10, 0 ], "texture": "#texture" },
				"up": { "uv": [ 2, 0, 10, 16 ], "texture": "#texture" },
				"north": { "uv": [ 10, 16, 2, 0 ], "texture": "#texture" },
				"south": { "uv": [ 2, 0, 10, 16 ], "texture": "#texture" },
				"west": { "uv": [ 3, 0, 4, 15.5 ], "texture": "#texture", "rotation": 270 },
				"east": { "uv": [ 2, 0, 3, 16 ], "texture": "#texture", "rotation": 90 }
			}
		},
		{
			"__comment": "Box3",
			"from": [ 9, 9.5, 6 ],
			"to": [ 12, 10, 10 ],
			"rotation": { "origin": [ 9, 10, 10 ], "axis": "z", "angle": 22.5 },
			"faces": {
				"down": { "uv": [ 10, 16, 2, 0 ], "texture": "#texture", "rotation": 270 },
				"up": { "uv": [ 10, 0, 2, 16 ], "texture": "#texture", "rotation": 90 },
				"north": { "uv": [ 3, 16, 2, 0 ], "texture": "#texture", "rotation": 90 },
				"south": { "uv": [ 4, 15.5, 3, 0 ], "texture": "#texture", "rotation": 270 },
				"west": { "uv": [ 2, 0, 10, 16 ], "texture": "#texture", "rotation": 180 },
				"east": { "uv": [ 10, 16, 2, 0 ], "texture": "#texture", "rotation": 180 }
			}
		},
		{
			"from": [ 5, 0, 5 ],
			"to": [ 6, 6, 11 ],
			"faces": {
				"down": { "uv": [ 5, 5, 6, 11 ], "texture": "#flowerpot", "cullface": "down" },
				"up": { "uv": [ 5, 5, 6, 11 ], "texture": "#flowerpot" },
				"north": { "uv": [ 10, 10, 11, 16 ], "texture": "#flowerpot" },
				"south": { "uv": [ 5, 10, 6, 16 ], "texture": "#flowerpot" },
				"west": { "uv": [ 5, 10, 11, 16 ], "texture": "#flowerpot" },
				"east": { "uv": [ 5, 10, 11, 16 ], "texture": "#flowerpot" }
			}
		},
		{
			"from": [ 10, 0, 5 ],
			"to": [ 11, 6, 11 ],
			"faces": {
				"down": { "uv": [ 10, 5, 11, 11 ], "texture": "#flowerpot", "cullface": "down" },
				"up": { "uv": [ 10, 5, 11, 11 ], "texture": "#flowerpot" },
				"north": { "uv": [ 5, 10, 6, 16 ], "texture": "#flowerpot" },
				"south": { "uv": [ 10, 10, 11, 16 ], "texture": "#flowerpot" },
				"west": { "uv": [ 5, 10, 11, 16 ], "texture": "#flowerpot" },
				"east": { "uv": [ 5, 10, 11, 16 ], "texture": "#flowerpot" }
			}
		},
		{
			"from": [ 6, 0, 5 ],
			"to": [ 10, 6, 6 ],
			"faces": {
				"down": { "uv": [ 6, 10, 10, 11 ], "texture": "#flowerpot", "cullface": "down" },
				"up": { "uv": [ 6, 5, 10, 6 ], "texture": "#flowerpot" },
				"north": { "uv": [ 6, 10, 10, 16 ], "texture": "#flowerpot" },
				"south": { "uv": [ 6, 10, 10, 16 ], "texture": "#flowerpot" }
			}
		},
		{
			"from": [ 6, 0, 10 ],
			"to": [ 10, 6, 11 ],
			"faces": {
				"down": { "uv": [ 6, 5, 10, 6 ], "texture": "#flowerpot", "cullface": "down" },
				"up": { "uv": [ 6, 10, 10, 11 ], "texture": "#flowerpot" },
				"north": { "uv": [ 6, 10, 10, 16 ], "texture": "#flowerpot" },
				"south": { "uv": [ 6, 10, 10, 16 ], "texture": "#flowerpot" }
			}
		},
		{
			"from": [ 6, 0, 6 ],
			"to": [ 10, 4, 10 ],
			"faces": {
				"down": { "uv": [ 6, 6, 10, 10 ], "texture": "#flowerpot", "cullface": "down" },
				"up": { "uv": [ 6, 6, 10, 10 ], "texture": "#dirt" }
			}
		}
	],
	"display": {
		"thirdperson_righthand": {
			"rotation":  [ 75, 45, 0 ],
			"translation":  [ 0, 2.5, 0 ],
			"scale":  [ 0.375, 0.375, 0.375 ]
		},
		"thirdperson_lefthand": {
			"rotation":  [ 75, 45, 0 ],
			"translation":  [ 0, 2.5, 0 ],
			"scale":  [ 0.375, 0.375, 0.375 ]
		},
		"firstperson_righthand": {
			"rotation":  [ 0, 45, 0 ],
			"translation":  [ 0, 3, 0 ],
			"scale":  [ 0.4, 0.4, 0.4 ]
		},
		"firstperson_lefthand": {
			"rotation":  [ 0, 45, 0 ],
			"translation":  [ 0, 3, 0 ],
			"scale":  [ 0.4, 0.4, 0.4 ]
		},
		"gui": {
			"rotation":  [ 30, 225, 0 ],
			"scale":  [ 0.625, 0.625, 0.625 ]
		},
		"ground": {
			"translation":  [ 0, 3, 0 ],
			"scale":  [ 0.25, 0.25, 0.25 ]
		},
		"fixed": {
			"scale":  [ 0.5, 0.5, 0.5 ]
		}
	}
}