{
	"__comment": "Designed by Blue_Beaker with Cubik Studio - https://cubik.studio",
	"parent": "block/rail_flat",
	"textures": {
		"rail": "3dres/rails",
		"particle": "3dres/rail_particle"
	},
	"elements": [ 	 
		{
			"__comment": "Wood",
			"from": [ 1, 8, 14 ],
			"to": [ 15, 8.5, 16 ],
			"rotation": { "origin": [ 8, 8, 9 ], "axis": "x", "angle": -45, "rescale": true },
			"faces": {
				"down": { "uv": [ 0.5, 0, 15.5, 2 ], "texture": "#rail" },
				"up": { "uv": [ 0.5, 0, 15.5, 2 ], "texture": "#rail" },
				"north": { "uv": [ 0.5, 2, 15.5, 3 ], "texture": "#rail" },
				"south": { "uv": [ 0.5, 2, 15.5, 3 ], "texture": "#rail" },
				"west": { "uv": [ 0.5, 0, 1, 2 ], "texture": "#rail" },
				"east": { "uv": [ 0.5, 0, 1, 2 ], "texture": "#rail" }
			}
		},
		{
			"__comment": "Wood1",
			"from": [ 1, 8, 2 ],
			"to": [ 15, 8.5, 4 ],
			"rotation": { "origin": [ 8, 8, 9 ], "axis": "x", "angle": -45, "rescale": true },
			"faces": {
				"down": { "uv": [ 0.5, 0, 15.5, 2 ], "texture": "#rail" },
				"up": { "uv": [ 0.5, 0, 15.5, 2 ], "texture": "#rail" },
				"north": { "uv": [ 0.5, 2, 15.5, 3 ], "texture": "#rail" },
				"south": { "uv": [ 0.5, 2, 15.5, 3 ], "texture": "#rail" },
				"west": { "uv": [ 0.5, 0, 1, 2 ], "texture": "#rail" },
				"east": { "uv": [ 0.5, 0, 1, 2 ], "texture": "#rail" }
			}
		},
		{
			"__comment": "Wood2",
			"from": [ 1, 8, 6 ],
			"to": [ 15, 8.5, 8 ],
			"rotation": { "origin": [ 8, 8, 9 ], "axis": "x", "angle": -45, "rescale": true },
			"faces": {
				"down": { "uv": [ 0.5, 0, 15.5, 2 ], "texture": "#rail" },
				"up": { "uv": [ 0.5, 0, 15.5, 2 ], "texture": "#rail" },
				"north": { "uv": [ 0.5, 2, 15.5, 3 ], "texture": "#rail" },
				"south": { "uv": [ 0.5, 2, 15.5, 3 ], "texture": "#rail" },
				"west": { "uv": [ 0.5, 0, 1, 2 ], "texture": "#rail" },
				"east": { "uv": [ 0.5, 0, 1, 2 ], "texture": "#rail" }
			}
		},
		{
			"__comment": "Wood3",
			"from": [ 1, 8, 10 ],
			"to": [ 15, 8.5, 12 ],
			"rotation": { "origin": [ 8, 8, 9 ], "axis": "x", "angle": -45, "rescale": true },
			"faces": {
				"down": { "uv": [ 0.5, 0, 15.5, 2 ], "texture": "#rail" },
				"up": { "uv": [ 0.5, 0, 15.5, 2 ], "texture": "#rail" },
				"north": { "uv": [ 0.5, 2, 15.5, 3 ], "texture": "#rail" },
				"south": { "uv": [ 0.5, 2, 15.5, 3 ], "texture": "#rail" },
				"west": { "uv": [ 0.5, 0, 1, 2 ], "texture": "#rail" },
				"east": { "uv": [ 0.5, 0, 1, 2 ], "texture": "#rail" }
			}
		},
		{
			"__comment": "Box5",
			"from": [ 12, 8.5, 1 ],
			"to": [ 13, 9, 17 ],
			"rotation": { "origin": [ 8, 8, 9 ], "axis": "x", "angle": -45, "rescale": true },
			"faces": {
				"down": { "uv": [ 0, 6, 16, 8 ], "texture": "#rail", "rotation": 270 },
				"up": { "uv": [ 0, 6, 16, 8 ], "texture": "#rail", "rotation": 270 },
				"north": { "uv": [ 0, 6, 16, 8 ], "texture": "#rail", "rotation": 270 },
				"south": { "uv": [ 0, 6, 16, 8 ], "texture": "#rail", "rotation": 270 },
				"west": { "uv": [ 0, 6, 16, 8 ], "texture": "#rail", "rotation": 180 },
				"east": { "uv": [ 0, 6, 16, 8 ], "texture": "#rail", "rotation": 180 }
			}
		},
		{
			"__comment": "Box5",
			"from": [ 11.5, 8.5, 1 ],
			"to": [ 12, 9, 17 ],
			"rotation": { "origin": [ 8, 8, 9 ], "axis": "x", "angle": -45, "rescale": true },
			"faces": {
				"down": { "uv": [ 0, 9.5, 16, 10 ], "texture": "#rail", "rotation": 180 },
				"up": { "uv": [ 0, 9.5, 16, 10 ], "texture": "#rail", "rotation": 180 },
				"north": { "uv": [ 0, 9.5, 16, 10 ], "texture": "#rail", "rotation": 180 },
				"south": { "uv": [ 0, 9.5, 16, 10 ], "texture": "#rail", "rotation": 180 },
				"west": { "uv": [ 0, 9.5, 16, 10 ], "texture": "#rail", "rotation": 180 },
				"east": { "uv": [ 0, 9.5, 16, 10 ], "texture": "#rail", "rotation": 180 }
			}
		},
		{
			"__comment": "Box5",
			"from": [ 13, 8.5, 1 ],
			"to": [ 14, 9.5, 17 ],
			"rotation": { "origin": [ 8, 8, 9 ], "axis": "x", "angle": -45, "rescale": true },
			"faces": {
				"down": { "uv": [ 0, 3, 16, 5 ], "texture": "#rail", "rotation": 270 },
				"up": { "uv": [ 0, 3, 16, 5 ], "texture": "#rail", "rotation": 270 },
				"north": { "uv": [ 0, 3, 16, 5 ], "texture": "#rail", "rotation": 270 },
				"south": { "uv": [ 0, 3, 16, 5 ], "texture": "#rail", "rotation": 270 },
				"west": { "uv": [ 0, 3, 16, 5 ], "texture": "#rail", "rotation": 180 },
				"east": { "uv": [ 0, 3, 16, 5 ], "texture": "#rail", "rotation": 180 }
			}
		},
		{
			"__comment": "Box5",
			"from": [ 4, 8.5, 1 ],
			"to": [ 4.5, 9, 17 ],
			"rotation": { "origin": [ 8, 8, 9 ], "axis": "x", "angle": -45, "rescale": true },
			"faces": {
				"down": { "uv": [ 0, 9.5, 16, 10 ], "texture": "#rail", "rotation": 180 },
				"up": { "uv": [ 0, 9.5, 16, 10 ], "texture": "#rail", "rotation": 180 },
				"north": { "uv": [ 0, 9.5, 16, 10 ], "texture": "#rail", "rotation": 180 },
				"south": { "uv": [ 0, 9.5, 16, 10 ], "texture": "#rail", "rotation": 180 },
				"west": { "uv": [ 0, 9.5, 16, 10 ], "texture": "#rail", "rotation": 180 },
				"east": { "uv": [ 0, 9.5, 16, 10 ], "texture": "#rail", "rotation": 180 }
			}
		},
		{
			"__comment": "Box5",
			"from": [ 3, 8.5, 1 ],
			"to": [ 4, 9, 17 ],
			"rotation": { "origin": [ 8, 8, 9 ], "axis": "x", "angle": -45, "rescale": true },
			"faces": {
				"down": { "uv": [ 0, 6, 16, 8 ], "texture": "#rail", "rotation": 270 },
				"up": { "uv": [ 0, 6, 16, 8 ], "texture": "#rail", "rotation": 270 },
				"north": { "uv": [ 0, 6, 16, 8 ], "texture": "#rail", "rotation": 270 },
				"south": { "uv": [ 0, 6, 16, 8 ], "texture": "#rail", "rotation": 270 },
				"west": { "uv": [ 0, 6, 16, 8 ], "texture": "#rail", "rotation": 180 },
				"east": { "uv": [ 0, 6, 16, 8 ], "texture": "#rail", "rotation": 180 }
			}
		},
		{
			"__comment": "Box5",
			"from": [ 2, 8.5, 1 ],
			"to": [ 3, 9.5, 17 ],
			"rotation": { "origin": [ 8, 8, 9 ], "axis": "x", "angle": -45, "rescale": true },
			"faces": {
				"down": { "uv": [ 0, 3, 16, 5 ], "texture": "#rail", "rotation": 270 },
				"up": { "uv": [ 0, 3, 16, 5 ], "texture": "#rail", "rotation": 270 },
				"north": { "uv": [ 0, 3, 16, 5 ], "texture": "#rail", "rotation": 270 },
				"south": { "uv": [ 0, 3, 16, 5 ], "texture": "#rail", "rotation": 270 },
				"west": { "uv": [ 0, 3, 16, 5 ], "texture": "#rail", "rotation": 180 },
				"east": { "uv": [ 0, 3, 16, 5 ], "texture": "#rail", "rotation": 180 }
			}
		}
	]
}