{
	"__comment": "Designed by Blue_Beaker with Cubik Studio - https://cubik.studio",
	"parent": "block/rail_flat",
	"textures": {
		"rail": "3dres/rails",
		"particle": "3dres/rail_particle"
	},
	"elements": [ 	 
		{
			"__comment": "Wood",
			"from": [ 1, 0, 13 ],
			"to": [ 15, 0.5, 15 ],
			"faces": {
				"down": { "uv": [ 0.5, 0, 15.5, 2 ], "texture": "#rail" },
				"up": { "uv": [ 0.5, 0, 15.5, 2 ], "texture": "#rail" },
				"north": { "uv": [ 0.5, 2, 15.5, 3 ], "texture": "#rail" },
				"south": { "uv": [ 0.5, 2, 15.5, 3 ], "texture": "#rail" },
				"west": { "uv": [ 0.5, 0, 1, 2 ], "texture": "#rail" },
				"east": { "uv": [ 0.5, 0, 1, 2 ], "texture": "#rail" }
			}
		},
		{
			"__comment": "Wood1",
			"from": [ 1, 0, 1 ],
			"to": [ 15, 0.5, 3 ],
			"faces": {
				"down": { "uv": [ 0.5, 0, 15.5, 2 ], "texture": "#rail" },
				"up": { "uv": [ 0.5, 0, 15.5, 2 ], "texture": "#rail" },
				"north": { "uv": [ 0.5, 2, 15.5, 3 ], "texture": "#rail" },
				"south": { "uv": [ 0.5, 2, 15.5, 3 ], "texture": "#rail" },
				"west": { "uv": [ 0.5, 0, 1, 2 ], "texture": "#rail" },
				"east": { "uv": [ 0.5, 0, 1, 2 ], "texture": "#rail" }
			}
		},
		{
			"__comment": "Wood2",
			"from": [ 1, 0, 5 ],
			"to": [ 15, 0.5, 7 ],
			"faces": {
				"down": { "uv": [ 0.5, 0, 15.5, 2 ], "texture": "#rail" },
				"up": { "uv": [ 0.5, 0, 15.5, 2 ], "texture": "#rail" },
				"north": { "uv": [ 0.5, 2, 15.5, 3 ], "texture": "#rail" },
				"south": { "uv": [ 0.5, 2, 15.5, 3 ], "texture": "#rail" },
				"west": { "uv": [ 0.5, 0, 1, 2 ], "texture": "#rail" },
				"east": { "uv": [ 0.5, 0, 1, 2 ], "texture": "#rail" }
			}
		},
		{
			"__comment": "Wood3",
			"from": [ 1, 0, 9 ],
			"to": [ 15, 0.5, 11 ],
			"faces": {
				"down": { "uv": [ 0.5, 0, 15.5, 2 ], "texture": "#rail" },
				"up": { "uv": [ 0.5, 0, 15.5, 2 ], "texture": "#rail" },
				"north": { "uv": [ 0.5, 2, 15.5, 3 ], "texture": "#rail" },
				"south": { "uv": [ 0.5, 2, 15.5, 3 ], "texture": "#rail" },
				"west": { "uv": [ 0.5, 0, 1, 2 ], "texture": "#rail" },
				"east": { "uv": [ 0.5, 0, 1, 2 ], "texture": "#rail" }
			}
		},
		{
			"__comment": "Box5",
			"from": [ 12, 0.5, 0 ],
			"to": [ 13, 1, 16 ],
			"faces": {
				"down": { "uv": [ 0, 6, 16, 8 ], "texture": "#rail", "rotation": 270 },
				"up": { "uv": [ 0, 6, 16, 8 ], "texture": "#rail", "rotation": 270 },
				"north": { "uv": [ 0, 6, 16, 8 ], "texture": "#rail", "rotation": 270 },
				"south": { "uv": [ 0, 6, 16, 8 ], "texture": "#rail", "rotation": 270 },
				"west": { "uv": [ 0, 6, 16, 8 ], "texture": "#rail", "rotation": 180 },
				"east": { "uv": [ 0, 6, 16, 8 ], "texture": "#rail", "rotation": 180 }
			}
		},
		{
			"__comment": "Box5",
			"from": [ 11.5, 0.5, 0 ],
			"to": [ 12, 1, 16 ],
			"faces": {
				"down": { "uv": [ 0, 9, 16, 9.5 ], "texture": "#rail", "rotation": 180 },
				"up": { "uv": [ 0, 9, 16, 9.5 ], "texture": "#rail", "rotation": 180 },
				"north": { "uv": [ 0, 9, 16, 9.5 ], "texture": "#rail", "rotation": 180 },
				"south": { "uv": [ 0, 9, 16, 9.5 ], "texture": "#rail", "rotation": 180 },
				"west": { "uv": [ 0, 9, 16, 9.5 ], "texture": "#rail", "rotation": 180 },
				"east": { "uv": [ 0, 9.5, 16, 10 ], "texture": "#rail", "rotation": 180 }
			}
		},
		{
			"__comment": "Box5",
			"from": [ 13, 0.5, 0 ],
			"to": [ 14, 1.5, 16 ],
			"faces": {
				"down": { "uv": [ 0, 3, 16, 5 ], "texture": "#rail", "rotation": 270 },
				"up": { "uv": [ 0, 3, 16, 5 ], "texture": "#rail", "rotation": 270 },
				"north": { "uv": [ 0, 3, 16, 5 ], "texture": "#rail", "rotation": 270 },
				"south": { "uv": [ 0, 3, 16, 5 ], "texture": "#rail", "rotation": 270 },
				"west": { "uv": [ 0, 3, 16, 5 ], "texture": "#rail", "rotation": 180 },
				"east": { "uv": [ 0, 3, 16, 5 ], "texture": "#rail", "rotation": 180 }
			}
		},
		{
			"__comment": "Box5",
			"from": [ 4, 0.5, 0 ],
			"to": [ 4.5, 1, 16 ],
			"faces": {
				"down": { "uv": [ 0, 9, 16, 9.5 ], "texture": "#rail", "rotation": 180 },
				"up": { "uv": [ 0, 9, 16, 9.5 ], "texture": "#rail", "rotation": 180 },
				"north": { "uv": [ 0, 9, 16, 9.5 ], "texture": "#rail", "rotation": 180 },
				"south": { "uv": [ 0, 9, 16, 9.5 ], "texture": "#rail", "rotation": 180 },
				"west": { "uv": [ 0, 9, 16, 9.5 ], "texture": "#rail", "rotation": 180 },
				"east": { "uv": [ 0, 9, 16, 9.5 ], "texture": "#rail", "rotation": 180 }
			}
		},
		{
			"__comment": "Box5",
			"from": [ 3, 0.5, 0 ],
			"to": [ 4, 1, 16 ],
			"faces": {
				"down": { "uv": [ 0, 6, 16, 8 ], "texture": "#rail", "rotation": 270 },
				"up": { "uv": [ 0, 6, 16, 8 ], "texture": "#rail", "rotation": 270 },
				"north": { "uv": [ 0, 6, 16, 8 ], "texture": "#rail", "rotation": 270 },
				"south": { "uv": [ 0, 6, 16, 8 ], "texture": "#rail", "rotation": 270 },
				"west": { "uv": [ 0, 6, 16, 8 ], "texture": "#rail", "rotation": 180 },
				"east": { "uv": [ 0, 6, 16, 8 ], "texture": "#rail", "rotation": 180 }
			}
		},
		{
			"__comment": "Box5",
			"from": [ 2, 0.5, 0 ],
			"to": [ 3, 1.5, 16 ],
			"faces": {
				"down": { "uv": [ 0, 3, 16, 5 ], "texture": "#rail", "rotation": 270 },
				"up": { "uv": [ 0, 3, 16, 5 ], "texture": "#rail", "rotation": 270 },
				"north": { "uv": [ 0, 3, 16, 5 ], "texture": "#rail", "rotation": 270 },
				"south": { "uv": [ 0, 3, 16, 5 ], "texture": "#rail", "rotation": 270 },
				"west": { "uv": [ 0, 3, 16, 5 ], "texture": "#rail", "rotation": 180 },
				"east": { "uv": [ 0, 3, 16, 5 ], "texture": "#rail", "rotation": 180 }
			}
		}
	]
}