{
	"__comment": "Designed by Blue_Beaker with Cubik Studio - https://cubik.studio",
	"ambientocclusion": false,
	"textures": {
		"particle": "blocks/ladder",
		"texture": "3dres/ladder"
	},
	"elements": [ 	 
		{
			"__comment": "Box2",
			"from": [ 1, 13, 14 ],
			"to": [ 15, 15, 15 ],
			"faces": {
				"down": { "uv": [ 2, 0, 16, 0.5 ], "texture": "#texture" },
				"up": { "uv": [ 2, 0, 16, 0.5 ], "texture": "#texture" },
				"north": { "uv": [ 2, 0, 16, 2 ], "texture": "#texture" },
				"south": { "uv": [ 2, 0, 16, 2 ], "texture": "#texture" },
				"west": { "uv": [ 2, 6, 3, 16 ], "texture": "#texture" },
				"east": { "uv": [ 2, 6, 3, 16 ], "texture": "#texture" }
			}
		},
		{
			"__comment": "Box2",
			"from": [ 2, 0, 15 ],
			"to": [ 4, 16, 16 ],
			"faces": {
				"down": { "uv": [ 0, 0, 2, 1 ], "texture": "#texture" },
				"up": { "uv": [ 0, 0, 2, 1 ], "texture": "#texture" },
				"north": { "uv": [ 0, 0, 2, 16 ], "texture": "#texture" },
				"south": { "uv": [ 0, 0, 2, 16 ], "texture": "#texture" },
				"west": { "uv": [ 2, 6, 3, 16 ], "texture": "#texture" },
				"east": { "uv": [ 2, 6, 3, 16 ], "texture": "#texture" }
			}
		},
		{
			"__comment": "Box2",
			"from": [ 12, 0, 15 ],
			"to": [ 14, 16, 16 ],
			"faces": {
				"down": { "uv": [ 0, 0, 2, 1 ], "texture": "#texture" },
				"up": { "uv": [ 0, 0, 2, 1 ], "texture": "#texture" },
				"north": { "uv": [ 0, 0, 2, 16 ], "texture": "#texture" },
				"south": { "uv": [ 0, 0, 2, 16 ], "texture": "#texture" },
				"west": { "uv": [ 2, 6, 3, 16 ], "texture": "#texture" },
				"east": { "uv": [ 2, 6, 3, 16 ], "texture": "#texture" }
			}
		},
		{
			"__comment": "Box2",
			"from": [ 1, 1, 14 ],
			"to": [ 15, 3, 15 ],
			"faces": {
				"down": { "uv": [ 2, 0, 16, 0.5 ], "texture": "#texture" },
				"up": { "uv": [ 2, 0, 16, 0.5 ], "texture": "#texture" },
				"north": { "uv": [ 2, 0, 16, 2 ], "texture": "#texture" },
				"south": { "uv": [ 2, 0, 16, 2 ], "texture": "#texture" },
				"west": { "uv": [ 2, 6, 3, 16 ], "texture": "#texture" },
				"east": { "uv": [ 2, 6, 3, 16 ], "texture": "#texture" }
			}
		},
		{
			"__comment": "Box2",
			"from": [ 1, 5, 14 ],
			"to": [ 15, 7, 15 ],
			"faces": {
				"down": { "uv": [ 2, 0, 16, 0.5 ], "texture": "#texture" },
				"up": { "uv": [ 2, 0, 16, 0.5 ], "texture": "#texture" },
				"north": { "uv": [ 2, 0, 16, 2 ], "texture": "#texture" },
				"south": { "uv": [ 2, 0, 16, 2 ], "texture": "#texture" },
				"west": { "uv": [ 2, 6, 3, 16 ], "texture": "#texture" },
				"east": { "uv": [ 2, 6, 3, 16 ], "texture": "#texture" }
			}
		},
		{
			"__comment": "Box2",
			"from": [ 1, 9, 14 ],
			"to": [ 15, 11, 15 ],
			"faces": {
				"down": { "uv": [ 2, 0, 16, 0.5 ], "texture": "#texture" },
				"up": { "uv": [ 2, 0, 16, 0.5 ], "texture": "#texture" },
				"north": { "uv": [ 2, 0, 16, 2 ], "texture": "#texture" },
				"south": { "uv": [ 2, 0, 16, 2 ], "texture": "#texture" },
				"west": { "uv": [ 2, 6, 3, 16 ], "texture": "#texture" },
				"east": { "uv": [ 2, 6, 3, 16 ], "texture": "#texture" }
			}
		}
	]
}