{
	"__comment": "Designed by Blue_Beaker with Cubik Studio - https://cubik.studio",
	"ambientocclusion": false,
	"textures": {
		"particle": "blocks/cobblestone",
		"texture": "3dres/lever"
	},
	"elements": [ 	 
		{
			"from": [ 5, 0, 4 ],
			"to": [ 11, 3, 12 ],
			"faces": {
				"down": { "uv": [ 0, 0, 6, 8 ], "texture": "#texture" },
				"up": { "uv": [ 6, 0, 12, 8 ], "texture": "#texture" },
				"north": { "uv": [ 8, 8, 14, 11 ], "texture": "#texture" },
				"south": { "uv": [ 8, 8, 14, 11 ], "texture": "#texture" },
				"west": { "uv": [ 0, 8, 8, 11 ], "texture": "#texture" },
				"east": { "uv": [ 0, 8, 8, 11 ], "texture": "#texture" }
			}
		},
		{
			"__comment": "Box2",
			"from": [ 6, 1, 6 ],
			"to": [ 10, 5, 8 ],
			"faces": {
				"up": { "uv": [ 12, 2, 16, 3 ], "texture": "#texture" },
				"north": { "uv": [ 12, 12, 16, 16 ], "texture": "#texture" },
				"south": { "uv": [ 12, 12, 16, 16 ], "texture": "#texture" },
				"west": { "uv": [ 12, 2, 16, 6 ], "texture": "#texture" },
				"east": { "uv": [ 12, 2, 16, 6 ], "texture": "#texture" }
			}
		}
	]
}