{
	"credit": "Made by Blue_Beaker with Blockbench",
	"textures": {
		"cap": "blocks/furnace_top",
		"side": "blocks/furnace_side",
		"particle": "3dres/furnace/furnace_front_off",
		"front": "3dres/furnace/furnace_front_off",
		"coal": "blocks/coal_block",
		"fire": "3dres/furnace/fire_0",
		"fire1": "3dres/furnace/fire_1",
		"lava": "blocks/lava_still"
	},
	"elements": [
		{
			"name": "Box2",
			"from": [0, 0, 6],
			"to": [16, 16, 16],
			"faces": {
				"north": {"uv": [0, 0, 16, 16], "texture": "#front", "cullface": "north"},
				"east": {"uv": [0, 0, 10, 16], "texture": "#side"},
				"south": {"uv": [0, 0, 16, 16], "texture": "#side"},
				"west": {"uv": [6, 0, 16, 16], "texture": "#side"},
				"up": {"uv": [0, 6, 16, 16], "texture": "#cap"},
				"down": {"uv": [0, 0, 16, 10], "texture": "#cap"}
			}
		},
		{
			"name": "Box2",
			"from": [0, 0, 0],
			"to": [16, 1, 6],
			"faces": {
				"north": {"uv": [0, 15, 16, 16], "texture": "#front", "cullface": "north"},
				"east": {"uv": [10, 15, 16, 16], "texture": "#side"},
				"west": {"uv": [0, 15, 6, 16], "texture": "#side"},
				"up": {"uv": [0, 0, 16, 6], "texture": "#cap", "cullface": "north"},
				"down": {"uv": [0, 10, 16, 16], "texture": "#cap"}
			}
		},
		{
			"name": "Box2",
			"from": [0, 6, 0],
			"to": [16, 9, 6],
			"faces": {
				"north": {"uv": [0, 7, 16, 10], "texture": "#front", "cullface": "north"},
				"east": {"uv": [10, 7, 16, 10], "texture": "#side"},
				"west": {"uv": [0, 7, 6, 10], "texture": "#side"},
				"up": {"uv": [0, 0, 16, 6], "texture": "#cap", "cullface": "north"},
				"down": {"uv": [0, 10, 16, 16], "texture": "#cap", "cullface": "north"}
			}
		},
		{
			"name": "Box2",
			"from": [0, 13, 0],
			"to": [16, 16, 6],
			"faces": {
				"north": {"uv": [0, 0, 16, 3], "texture": "#front", "cullface": "north"},
				"east": {"uv": [10, 0, 16, 3], "texture": "#side"},
				"west": {"uv": [0, 0, 6, 3], "texture": "#side"},
				"up": {"uv": [0, 0, 16, 6], "texture": "#cap"},
				"down": {"uv": [0, 10, 16, 16], "texture": "#cap", "cullface": "north"}
			}
		},
		{
			"name": "Box2",
			"from": [0, 9, 0],
			"to": [5, 13, 6],
			"faces": {
				"north": {"uv": [11, 3, 16, 7], "texture": "#front", "cullface": "north"},
				"east": {"uv": [10, 3, 16, 7], "texture": "#side", "cullface": "north"},
				"west": {"uv": [0, 3, 6, 7], "texture": "#side"}
			}
		},
		{
			"name": "Box2",
			"from": [11, 9, 0],
			"to": [16, 13, 6],
			"faces": {
				"north": {"uv": [0, 3, 5, 7], "texture": "#front", "cullface": "north"},
				"east": {"uv": [10, 3, 16, 7], "texture": "#side"},
				"west": {"uv": [0, 3, 6, 7], "texture": "#side", "cullface": "north"}
			}
		},
		{
			"name": "Box2",
			"from": [11, 1, 0],
			"to": [16, 6, 6],
			"faces": {
				"north": {"uv": [0, 10, 5, 15], "texture": "#front", "cullface": "north"},
				"east": {"uv": [10, 10, 16, 15], "texture": "#side"},
				"west": {"uv": [0, 10, 6, 15], "texture": "#side", "cullface": "north"}
			}
		},
		{
			"name": "Box2",
			"from": [0, 1, 0],
			"to": [5, 6, 6],
			"faces": {
				"north": {"uv": [11, 10, 16, 15], "texture": "#front", "cullface": "north"},
				"east": {"uv": [10, 10, 16, 15], "texture": "#side", "cullface": "north"},
				"west": {"uv": [0, 10, 6, 15], "texture": "#side"}
			}
		},
		{
			"name": "Box10",
			"from": [5.5, 1, 0.5],
			"to": [10.5, 1.5, 5.5],
			"faces": {
				"north": {"uv": [16, 1, 0, 0], "texture": "#coal", "cullface": "north"},
				"east": {"uv": [16, 0, 15, 16], "rotation": 90, "texture": "#coal", "cullface": "north"},
				"south": {"uv": [0, 15, 16, 16], "texture": "#coal", "cullface": "north"},
				"west": {"uv": [0, 0, 1, 16], "rotation": 270, "texture": "#coal", "cullface": "north"},
				"up": {"uv": [0, 0, 16, 16], "texture": "#coal", "cullface": "north"}
			}
		},
		{
			"name": "PlaneX13",
			"from": [8.5, 1.5, 0.5],
			"to": [8.501, 5.5, 5.5],
			"rotation": {"angle": 22.5, "axis": "z", "origin": [8.5, 1.5, 0.5]},
			"faces": {
				"east": {"uv": [0, 4, 16, 16], "texture": "#fire"},
				"west": {"uv": [0, 4, 16, 16], "texture": "#fire"}
			}
		},
		{
			"name": "PlaneX13",
			"from": [5.5, 1.5, 0.5],
			"to": [5.501, 4, 5.5],
			"faces": {
				"east": {"uv": [0, 8, 16, 16], "texture": "#fire1", "cullface": "north"},
				"west": {"uv": [0, 8, 16, 16], "texture": "#fire1", "cullface": "north"}
			}
		},
		{
			"name": "PlaneZ17",
			"from": [5.5, 1.5, 5.5],
			"to": [10.5, 4, 5.501],
			"faces": {
				"north": {"uv": [0, 8, 16, 16], "texture": "#fire1"},
				"south": {"uv": [0, 8, 16, 16], "texture": "#fire1"}
			}
		},
		{
			"name": "PlaneZ17",
			"from": [5.5, 1.5, 3.5],
			"to": [10.5, 5.5, 3.501],
			"rotation": {"angle": -22.5, "axis": "x", "origin": [5.5, 1.5, 3.5]},
			"faces": {
				"north": {"uv": [0, 4, 16, 16], "texture": "#fire", "cullface": "north"},
				"south": {"uv": [0, 4, 16, 16], "texture": "#fire", "cullface": "north"}
			}
		},
		{
			"name": "PlaneX13",
			"from": [7.5, 1.5, 0.5],
			"to": [7.501, 5.5, 5.5],
			"rotation": {"angle": -22.5, "axis": "z", "origin": [7.5, 1.5, 0.5]},
			"faces": {
				"east": {"uv": [0, 4, 16, 16], "texture": "#fire"},
				"west": {"uv": [0, 4, 16, 16], "texture": "#fire"}
			}
		},
		{
			"name": "PlaneX13",
			"from": [10.5, 1.5, 0.5],
			"to": [10.501, 4, 5.5],
			"faces": {
				"east": {"uv": [0, 8, 16, 16], "texture": "#fire1", "cullface": "north"},
				"west": {"uv": [0, 8, 16, 16], "texture": "#fire1", "cullface": "north"}
			}
		},
		{
			"name": "PlaneZ17",
			"from": [5.5, 1.5, 2.5],
			"to": [10.5, 5.5, 2.501],
			"rotation": {"angle": 22.5, "axis": "x", "origin": [5.5, 1.5, 2.5]},
			"faces": {
				"north": {"uv": [0, 4, 16, 16], "texture": "#fire", "cullface": "north"},
				"south": {"uv": [0, 4, 16, 16], "texture": "#fire", "cullface": "north"}
			}
		},
		{
			"name": "PlaneZ17",
			"from": [5.5, 1.5, 0.5],
			"to": [10.5, 4, 0.501],
			"faces": {
				"north": {"uv": [0, 8, 16, 16], "texture": "#fire1", "cullface": "north"},
				"south": {"uv": [0, 8, 16, 16], "texture": "#fire1", "cullface": "north"}
			}
		},
		{
			"name": "Box18",
			"from": [5, 9, 1],
			"to": [11, 10, 6],
			"faces": {
				"north": {"uv": [5, 6, 11, 7], "texture": "#lava"},
				"east": {"uv": [10, 6, 15, 7], "texture": "#lava"},
				"south": {"uv": [5, 6, 11, 7], "texture": "#lava"},
				"west": {"uv": [1, 6, 6, 7], "texture": "#lava"},
				"up": {"uv": [5, 1, 11, 6], "texture": "#lava"},
				"down": {"uv": [5, 10, 11, 15], "texture": "#lava"}
			}
		}
	],
	"display": {
		"thirdperson_righthand": {
			"rotation": [75, 45, 0],
			"translation": [0, 2.5, 0],
			"scale": [0.375, 0.375, 0.375]
		},
		"thirdperson_lefthand": {
			"rotation": [75, 45, 0],
			"translation": [0, 2.5, 0],
			"scale": [0.375, 0.375, 0.375]
		},
		"firstperson_righthand": {
			"rotation": [0, 45, 0],
			"scale": [0.4, 0.4, 0.4]
		},
		"firstperson_lefthand": {
			"rotation": [0, 45, 0],
			"scale": [0.4, 0.4, 0.4]
		},
		"ground": {
			"translation": [0, 3, 0],
			"scale": [0.25, 0.25, 0.25]
		},
		"gui": {
			"rotation": [30, 225, 0],
			"scale": [0.625, 0.625, 0.625]
		},
		"fixed": {
			"scale": [0.5, 0.5, 0.5]
		}
	}
}