{
	"__comment": "Designed by Blue_Beaker with Cubik Studio - https://cubik.studio",
	"textures": {
		"particle": "blocks/pumpkin_side",
		"texture": "3dres/pumpkin/out",
		"texture1": "3dres/pumpkin/in",
		"texture2": "3dres/pumpkin/misc"
	},
	"elements": [ 	 
		{
			"__comment": "Box1",
			"from": [ 0, 15, 0 ],
			"to": [ 16, 16, 16 ],
			"faces": {
				"down": { "uv": [ 8, 0, 16, 8 ], "texture": "#texture1", "cullface": "north" },
				"up": { "uv": [ 8, 0, 16, 8 ], "texture": "#texture", "cullface": "up" }
			}
		},
		{
			"__comment": "Box1",
			"from": [ 0, 0, 0 ],
			"to": [ 16, 1, 16 ],
			"faces": {
				"down": { "uv": [ 8, 0, 16, 8 ], "texture": "#texture", "cullface": "down" },
				"up": { "uv": [ 8, 0, 16, 8 ], "texture": "#texture1", "cullface": "north" }
			}
		},
		{
			"__comment": "Box4",
			"from": [ 0, 0, 15 ],
			"to": [ 16, 16, 16 ],
			"faces": {
				"north": { "uv": [ 8, 0, 16, 8 ], "texture": "#texture1", "cullface": "north" },
				"south": { "uv": [ 0, 0, 8, 8 ], "texture": "#texture", "cullface": "south" }
			}
		},
		{
			"__comment": "Box5",
			"from": [ 7, 1.5, 7 ],
			"to": [ 9, 5, 9 ],
			"faces": {
				"up": { "uv": [ 3, 11, 4, 12 ], "texture": "#texture2", "cullface": "north" },
				"north": { "uv": [ 3, 11, 4, 13 ], "texture": "#texture2", "cullface": "north" },
				"south": { "uv": [ 3, 11, 4, 13 ], "texture": "#texture2", "cullface": "north" },
				"west": { "uv": [ 3, 11, 4, 13 ], "texture": "#texture2", "cullface": "north" },
				"east": { "uv": [ 3, 11, 4, 13 ], "texture": "#texture2", "cullface": "north" }
			}
		},
		{
			"__comment": "Box6",
			"from": [ 0, 0, 0 ],
			"to": [ 1, 16, 16 ],
			"faces": {
				"west": { "uv": [ 0, 0, 8, 8 ], "texture": "#texture", "cullface": "west" },
				"east": { "uv": [ 8, 0, 16, 8 ], "texture": "#texture1", "cullface": "north" }
			}
		},
		{
			"__comment": "Box6",
			"from": [ 15, 0, 0 ],
			"to": [ 16, 16, 16 ],
			"faces": {
				"west": { "uv": [ 8, 0, 16, 8 ], "texture": "#texture1", "cullface": "north" },
				"east": { "uv": [ 0, 0, 8, 8 ], "texture": "#texture", "cullface": "east" }
			}
		},
		{
			"__comment": "Box8",
			"from": [ 5, 3, 0 ],
			"to": [ 7, 4, 1 ],
			"faces": {
				"up": { "uv": [ 5.5, 14, 4.5, 14.5 ], "texture": "#texture", "cullface": "north" },
				"north": { "uv": [ 4.5, 14, 5.5, 14.5 ], "texture": "#texture", "cullface": "north" },
				"south": { "uv": [ 12.5, 14, 13.5, 14.5 ], "texture": "#texture1", "cullface": "north" },
				"west": { "uv": [ 0.5, 0, 1, 0.5 ], "texture": "#texture", "cullface": "north" },
				"east": { "uv": [ 0, 0, 0.5, 0.5 ], "texture": "#texture", "cullface": "north" }
			}
		},
		{
			"__comment": "Box8",
			"from": [ 0, 0, 0 ],
			"to": [ 16, 3, 1 ],
			"faces": {
				"up": { "uv": [ 0, 0, 8, 8 ], "texture": "#texture", "cullface": "north" },
				"north": { "uv": [ 0, 14.5, 8, 16 ], "texture": "#texture", "cullface": "north" },
				"south": { "uv": [ 8, 14.5, 16, 16 ], "texture": "#texture1", "cullface": "north" }
			}
		},
		{
			"__comment": "Box8",
			"from": [ 0, 13, 0 ],
			"to": [ 16, 16, 1 ],
			"faces": {
				"down": { "uv": [ 0, 0, 8, 8 ], "texture": "#texture", "cullface": "north" },
				"north": { "uv": [ 0, 8, 8, 9.5 ], "texture": "#texture", "cullface": "north" },
				"south": { "uv": [ 8, 8, 16, 9.5 ], "texture": "#texture1", "cullface": "north" }
			}
		},
		{
			"__comment": "Box8",
			"from": [ 13, 3, 0 ],
			"to": [ 16, 13, 1 ],
			"faces": {
				"north": { "uv": [ 0, 9.5, 1.5, 14.5 ], "texture": "#texture", "cullface": "north" },
				"south": { "uv": [ 14.5, 9.5, 16, 14.5 ], "texture": "#texture1", "cullface": "north" },
				"west": { "uv": [ 0, 8, 0.5, 16 ], "texture": "#texture", "cullface": "north" }
			}
		},
		{
			"__comment": "Box8",
			"from": [ 0, 3, 0 ],
			"to": [ 3, 13, 1 ],
			"faces": {
				"north": { "uv": [ 6.5, 9.5, 8, 14.5 ], "texture": "#texture", "cullface": "north" },
				"south": { "uv": [ 8, 9.5, 9.5, 14.5 ], "texture": "#texture1", "cullface": "north" },
				"east": { "uv": [ 0, 8, 0.5, 16 ], "texture": "#texture", "cullface": "north" }
			}
		},
		{
			"__comment": "Box8",
			"from": [ 3, 7, 0 ],
			"to": [ 13, 9, 1 ],
			"faces": {
				"down": { "uv": [ 1.5, 11.5, 6.5, 12.5 ], "texture": "#texture", "cullface": "north" },
				"up": { "uv": [ 1.5, 0, 6.5, 8 ], "texture": "#texture", "cullface": "north" },
				"north": { "uv": [ 1.5, 11.5, 6.5, 12.5 ], "texture": "#texture", "cullface": "north" },
				"south": { "uv": [ 9.5, 11.5, 14.5, 12.5 ], "texture": "#texture1", "cullface": "north" }
			}
		},
		{
			"__comment": "Box8",
			"from": [ 7, 9, 0 ],
			"to": [ 9, 13, 1 ],
			"faces": {
				"north": { "uv": [ 3.5, 9.5, 4.5, 11.5 ], "texture": "#texture", "cullface": "north" },
				"south": { "uv": [ 11.5, 9.5, 12.5, 11.5 ], "texture": "#texture1", "cullface": "north" },
				"west": { "uv": [ 0, 8, 0.5, 16 ], "texture": "#texture", "cullface": "north" },
				"east": { "uv": [ 0, 8, 0.5, 16 ], "texture": "#texture", "cullface": "north" }
			}
		},
		{
			"__comment": "Box8",
			"from": [ 5, 6, 0 ],
			"to": [ 7, 7, 1 ],
			"faces": {
				"down": { "uv": [ 5.5, 12.5, 4.5, 13 ], "texture": "#texture", "cullface": "north" },
				"north": { "uv": [ 4.5, 12.5, 5.5, 13 ], "texture": "#texture", "cullface": "north" },
				"south": { "uv": [ 12.5, 12.5, 13.5, 13 ], "texture": "#texture1", "cullface": "north" },
				"west": { "uv": [ 0, 0, 0.5, 0.5 ], "texture": "#texture", "cullface": "north" },
				"east": { "uv": [ 0.5, 0, 1, 0.5 ], "texture": "#texture", "cullface": "north" }
			}
		},
		{
			"__comment": "Box8",
			"from": [ 9, 3, 0 ],
			"to": [ 11, 4, 1 ],
			"faces": {
				"up": { "uv": [ 3.5, 14, 2.5, 14.5 ], "texture": "#texture", "cullface": "north" },
				"north": { "uv": [ 2.5, 14, 3.5, 14.5 ], "texture": "#texture", "cullface": "north" },
				"south": { "uv": [ 10.5, 14, 11.5, 14.5 ], "texture": "#texture1", "cullface": "north" },
				"west": { "uv": [ 0, 0, 0.5, 0.5 ], "texture": "#texture", "cullface": "north" },
				"east": { "uv": [ 0.5, 0, 1, 0.5 ], "texture": "#texture", "cullface": "north" }
			}
		},
		{
			"__comment": "Box8",
			"from": [ 9, 6, 0 ],
			"to": [ 11, 7, 1 ],
			"faces": {
				"down": { "uv": [ 3.5, 12.5, 2.5, 13 ], "texture": "#texture", "cullface": "north" },
				"north": { "uv": [ 2.5, 12.5, 3.5, 13 ], "texture": "#texture", "cullface": "north" },
				"south": { "uv": [ 10.5, 12.5, 11.5, 13 ], "texture": "#texture1", "cullface": "north" },
				"west": { "uv": [ 0, 0, 0.5, 0.5 ], "texture": "#texture", "cullface": "north" },
				"east": { "uv": [ 0.5, 0, 1, 0.5 ], "texture": "#texture", "cullface": "north" }
			}
		},
		{
			"__comment": "Box5",
			"from": [ 7, 16, 7 ],
			"to": [ 9, 19, 9 ],
			"faces": {
				"up": { "uv": [ 8, 0, 16, 8 ], "texture": "#texture2", "cullface": "up" },
				"north": { "uv": [ 0, 0, 8, 8 ], "texture": "#texture2", "cullface": "up" },
				"south": { "uv": [ 0, 0, 8, 8 ], "texture": "#texture2", "cullface": "up" },
				"west": { "uv": [ 0, 0, 8, 8 ], "texture": "#texture2", "cullface": "up" },
				"east": { "uv": [ 0, 0, 8, 8 ], "texture": "#texture2", "cullface": "up" }
			}
		}
	],
	"display": {
		"thirdperson_righthand": {
			"rotation":  [ 75, 45, 0 ],
			"translation":  [ 0, 2.5, 0 ],
			"scale":  [ 0.375, 0.375, 0.375 ]
		},
		"thirdperson_lefthand": {
			"rotation":  [ 75, 45, 0 ],
			"translation":  [ 0, 2.5, 0 ],
			"scale":  [ 0.375, 0.375, 0.375 ]
		},
		"firstperson_righthand": {
			"rotation":  [ 0, 45, 0 ],
			"scale":  [ 0.4, 0.4, 0.4 ]
		},
		"firstperson_lefthand": {
			"rotation":  [ 0, 45, 0 ],
			"scale":  [ 0.4, 0.4, 0.4 ]
		},
		"gui": {
			"rotation":  [ 30, 225, 0 ],
			"scale":  [ 0.625, 0.625, 0.625 ]
		},
		"ground": {
			"translation":  [ 0, 3, 0 ],
			"scale":  [ 0.25, 0.25, 0.25 ]
		},
		"fixed": {
			"scale":  [ 0.5, 0.5, 0.5 ]
		}
	}
}