{
	"credit": "Made with Blockbench",
	"parent": "block/block",
	"textures": {
		"bottom": "3dres/observer/observer_back",
		"side": "3dres/observer/observer_side",
		"top": "3dres/observer/observer_top",
		"particle": "blocks/observer_front",
		"front": "3dres/observer/observer_front"
	},
	"elements": [
		{
			"from": [0.5, 0.5, 0.5],
			"to": [15.5, 15.5, 15.5],
			"faces": {
				"north": {"uv": [0.5, 0.5, 15.5, 15.5], "texture": "#front", "cullface": "north"},
				"east": {"uv": [0.5, 0.5, 15.5, 15.5], "texture": "#side", "cullface": "east"},
				"south": {"uv": [0.5, 0.5, 15.5, 15.5], "texture": "#bottom", "cullface": "south"},
				"west": {"uv": [0.5, 0.5, 15.5, 15.5], "texture": "#side", "cullface": "west"}
			}
		},
		{
			"from": [6, 6, 15.5],
			"to": [10, 10, 16],
			"rotation": {"angle": 0, "axis": "y", "origin": [8, 8, 23]},
			"faces": {
				"east": {"uv": [0, 6, 0.5, 10], "texture": "#side", "cullface": "south"},
				"south": {"uv": [6, 6, 10, 10], "texture": "#bottom", "cullface": "south"},
				"west": {"uv": [15.5, 6, 16, 10], "texture": "#side", "cullface": "south"},
				"up": {"uv": [6, 15.5, 10, 16], "texture": "#top", "cullface": "south"},
				"down": {"uv": [6, 0, 10, 0.5], "texture": "#top", "cullface": "south"}
			}
		},
		{
			"from": [0.25, 11.5, 0.25],
			"to": [15.75, 15.75, 15.75],
			"faces": {
				"north": {"uv": [0.25, 0.25, 15.75, 4.5], "texture": "#front", "cullface": "north"},
				"east": {"uv": [0.25, 0.25, 15.75, 4.5], "texture": "#side", "cullface": "east"},
				"south": {"uv": [0.25, 0.25, 15.75, 4.5], "texture": "#bottom", "cullface": "south"},
				"west": {"uv": [0.25, 0.25, 15.75, 4.5], "texture": "#side", "cullface": "west"},
				"up": {"uv": [0.25, 0.25, 15.75, 15.75], "rotation": 180, "texture": "#top", "cullface": "up"}
			}
		},
		{
			"from": [0.25, 0.25, 0.5],
			"to": [15.75, 5, 15.75],
			"rotation": {"angle": 0, "axis": "y", "origin": [8, -2.75, 8]},
			"faces": {
				"east": {"uv": [0.25, 11, 15.5, 15.75], "texture": "#side", "cullface": "east"},
				"south": {"uv": [0.25, 11, 15.75, 15.75], "texture": "#bottom", "cullface": "south"},
				"west": {"uv": [0.5, 11, 15.75, 15.75], "texture": "#side", "cullface": "west"},
				"down": {"uv": [0.25, 0.25, 15.75, 15.5], "texture": "#top", "cullface": "down"}
			}
		},
		{
			"from": [0, 0, 0],
			"to": [1, 16, 1],
			"faces": {
				"north": {"uv": [0, 0, 1, 16], "texture": "#side", "cullface": "north"},
				"east": {"uv": [0, 0, 1, 16], "texture": "#side", "cullface": "north"},
				"south": {"uv": [0, 0, 1, 16], "texture": "#side", "cullface": "west"},
				"west": {"uv": [0, 0, 1, 16], "texture": "#side", "cullface": "west"}
			}
		},
		{
			"from": [0, 15, 0],
			"to": [1, 16, 16],
			"faces": {
				"east": {"uv": [0, 0, 16, 1], "rotation": 270, "texture": "#side", "cullface": "up"},
				"west": {"uv": [0, 0, 16, 1], "rotation": 90, "texture": "#side", "cullface": "west"},
				"up": {"uv": [0, 0, 1, 16], "rotation": 180, "texture": "#side", "cullface": "up"},
				"down": {"uv": [0, 0, 1, 16], "texture": "#side", "cullface": "west"}
			}
		},
		{
			"from": [0, 11, 0],
			"to": [1, 12, 16],
			"rotation": {"angle": 0, "axis": "x", "origin": [8, 4, 8]},
			"faces": {
				"west": {"uv": [0, 0, 16, 1], "rotation": 90, "texture": "#side", "cullface": "west"},
				"up": {"uv": [0, 0, 1, 16], "rotation": 180, "texture": "#side", "cullface": "west"},
				"down": {"uv": [0, 0, 1, 16], "texture": "#side", "cullface": "west"}
			}
		},
		{
			"from": [0, 4, 0],
			"to": [1, 5, 16],
			"rotation": {"angle": 0, "axis": "x", "origin": [8, -3, 8]},
			"faces": {
				"west": {"uv": [0, 0, 16, 1], "rotation": 90, "texture": "#side", "cullface": "west"},
				"up": {"uv": [0, 0, 1, 16], "rotation": 180, "texture": "#side", "cullface": "west"},
				"down": {"uv": [0, 0, 1, 16], "texture": "#side", "cullface": "west"}
			}
		},
		{
			"from": [0, 15, 0],
			"to": [16, 16, 1],
			"faces": {
				"north": {"uv": [0, 0, 16, 1], "rotation": 90, "texture": "#side", "cullface": "north"},
				"south": {"uv": [0, 0, 16, 1], "rotation": 270, "texture": "#side", "cullface": "up"},
				"up": {"uv": [0, 0, 1, 16], "rotation": 270, "texture": "#side", "cullface": "up"},
				"down": {"uv": [0, 0, 1, 16], "rotation": 270, "texture": "#side", "cullface": "north"}
			}
		},
		{
			"from": [0, 11, 0],
			"to": [16, 12, 1],
			"rotation": {"angle": 0, "axis": "y", "origin": [8, 4, 8]},
			"faces": {
				"north": {"uv": [0, 0, 16, 1], "rotation": 90, "texture": "#side", "cullface": "north"},
				"up": {"uv": [0, 0, 1, 16], "rotation": 270, "texture": "#side", "cullface": "north"},
				"down": {"uv": [0, 0, 1, 16], "rotation": 270, "texture": "#side", "cullface": "north"}
			}
		},
		{
			"from": [15, 0, 15],
			"to": [16, 16, 16],
			"faces": {
				"north": {"uv": [0, 0, 1, 16], "texture": "#side", "cullface": "east"},
				"east": {"uv": [0, 0, 1, 16], "texture": "#side", "cullface": "east"},
				"south": {"uv": [0, 0, 1, 16], "texture": "#side", "cullface": "south"},
				"west": {"uv": [0, 0, 1, 16], "texture": "#side", "cullface": "south"}
			}
		},
		{
			"from": [15, 0, 0],
			"to": [16, 1, 16],
			"faces": {
				"east": {"uv": [0, 15, 16, 16], "rotation": 270, "texture": "#side", "cullface": "east"},
				"west": {"uv": [0, 15, 16, 16], "rotation": 90, "texture": "#side", "cullface": "down"},
				"up": {"uv": [15, 0, 16, 16], "rotation": 180, "texture": "#side", "cullface": "east"},
				"down": {"uv": [15, 0, 16, 16], "texture": "#side", "cullface": "down"}
			}
		},
		{
			"from": [0, 0, 15],
			"to": [16, 1, 16],
			"faces": {
				"north": {"uv": [0, 15, 16, 16], "rotation": 90, "texture": "#side", "cullface": "down"},
				"south": {"uv": [0, 15, 16, 16], "rotation": 270, "texture": "#side", "cullface": "south"},
				"up": {"uv": [15, 0, 16, 16], "rotation": 270, "texture": "#side", "cullface": "south"},
				"down": {"uv": [15, 0, 16, 16], "rotation": 270, "texture": "#side", "cullface": "down"}
			}
		},
		{
			"from": [15, 0, 0],
			"to": [16, 16, 1],
			"rotation": {"angle": 0, "axis": "y", "origin": [23, 8, 8]},
			"faces": {
				"north": {"uv": [0, 0, 1, 16], "texture": "#side", "cullface": "north"},
				"east": {"uv": [0, 0, 1, 16], "texture": "#side", "cullface": "east"},
				"south": {"uv": [0, 0, 1, 16], "texture": "#side", "cullface": "east"},
				"west": {"uv": [0, 0, 1, 16], "texture": "#side", "cullface": "north"}
			}
		},
		{
			"from": [15, 15, 0],
			"to": [16, 16, 16],
			"faces": {
				"east": {"uv": [0, 0, 16, 1], "rotation": 270, "texture": "#side", "cullface": "east"},
				"west": {"uv": [0, 0, 16, 1], "rotation": 90, "texture": "#side", "cullface": "up"},
				"up": {"uv": [15, 0, 16, 16], "rotation": 180, "texture": "#side", "cullface": "up"},
				"down": {"uv": [15, 0, 16, 16], "texture": "#side", "cullface": "east"}
			}
		},
		{
			"from": [15, 11, 0],
			"to": [16, 12, 16],
			"rotation": {"angle": 0, "axis": "x", "origin": [8, 4, 8]},
			"faces": {
				"east": {"uv": [0, 0, 16, 1], "rotation": 270, "texture": "#side", "cullface": "east"},
				"up": {"uv": [15, 0, 16, 16], "rotation": 180, "texture": "#side", "cullface": "east"},
				"down": {"uv": [15, 0, 16, 16], "texture": "#side", "cullface": "east"}
			}
		},
		{
			"from": [15, 4, 0],
			"to": [16, 5, 16],
			"rotation": {"angle": 0, "axis": "x", "origin": [8, -3, 8]},
			"faces": {
				"east": {"uv": [0, 0, 16, 1], "rotation": 270, "texture": "#side", "cullface": "east"},
				"up": {"uv": [15, 0, 16, 16], "rotation": 180, "texture": "#side", "cullface": "east"},
				"down": {"uv": [15, 0, 16, 16], "texture": "#side", "cullface": "east"}
			}
		},
		{
			"from": [0, 15, 15],
			"to": [16, 16, 16],
			"faces": {
				"north": {"uv": [0, 0, 16, 1], "rotation": 90, "texture": "#side", "cullface": "up"},
				"south": {"uv": [0, 0, 16, 1], "rotation": 270, "texture": "#side", "cullface": "south"},
				"up": {"uv": [15, 0, 16, 16], "rotation": 270, "texture": "#side", "cullface": "up"},
				"down": {"uv": [15, 0, 16, 16], "rotation": 270, "texture": "#side", "cullface": "south"}
			}
		},
		{
			"from": [0, 11, 15],
			"to": [16, 12, 16],
			"rotation": {"angle": 0, "axis": "y", "origin": [8, 4, 8]},
			"faces": {
				"south": {"uv": [0, 0, 16, 1], "rotation": 270, "texture": "#side", "cullface": "south"},
				"up": {"uv": [15, 0, 16, 16], "rotation": 270, "texture": "#side", "cullface": "south"},
				"down": {"uv": [15, 0, 16, 16], "rotation": 270, "texture": "#side", "cullface": "south"}
			}
		},
		{
			"from": [0, 4, 15],
			"to": [16, 5, 16],
			"rotation": {"angle": 0, "axis": "y", "origin": [8, -3, 8]},
			"faces": {
				"south": {"uv": [0, 0, 16, 1], "rotation": 270, "texture": "#side", "cullface": "south"},
				"up": {"uv": [15, 0, 16, 16], "rotation": 270, "texture": "#side", "cullface": "south"},
				"down": {"uv": [15, 0, 16, 16], "rotation": 270, "texture": "#side", "cullface": "south"}
			}
		},
		{
			"from": [0, 0, 15],
			"to": [1, 16, 16],
			"faces": {
				"north": {"uv": [0, 0, 1, 16], "texture": "#side", "cullface": "west"},
				"east": {"uv": [0, 0, 1, 16], "texture": "#side", "cullface": "south"},
				"south": {"uv": [0, 0, 1, 16], "texture": "#side", "cullface": "south"},
				"west": {"uv": [0, 0, 1, 16], "texture": "#side", "cullface": "west"}
			}
		},
		{
			"from": [0, 0, 0],
			"to": [1, 1, 16],
			"faces": {
				"east": {"uv": [0, 15, 16, 16], "rotation": 270, "texture": "#side", "cullface": "down"},
				"west": {"uv": [0, 15, 16, 16], "rotation": 90, "texture": "#side", "cullface": "west"},
				"up": {"uv": [0, 0, 1, 16], "rotation": 180, "texture": "#side", "cullface": "west"},
				"down": {"uv": [0, 0, 1, 16], "texture": "#side", "cullface": "down"}
			}
		},
		{
			"from": [0, 0, 0],
			"to": [16, 1, 1],
			"faces": {
				"north": {"uv": [0, 15, 16, 16], "rotation": 90, "texture": "#side", "cullface": "north"},
				"south": {"uv": [0, 15, 16, 16], "rotation": 270, "texture": "#side", "cullface": "down"},
				"up": {"uv": [0, 0, 1, 16], "rotation": 270, "texture": "#side", "cullface": "north"},
				"down": {"uv": [0, 0, 1, 16], "rotation": 270, "texture": "#side", "cullface": "down"}
			}
		}
	]
}