{
	"credit": "Made with Blockbench",
	"parent": "block/crop",
	"ambientocclusion": false,
	"textures": {
		"1": "3dres/crops/crops",
		"particle": "3dres/crops/crops"
	},
	"elements": [
		{
			"name": "leaf0",
			"from": [4, -2, 4],
			"to": [12, 1, 12],
			"rotation": {"angle": 0, "axis": "y", "origin": [0, -3, 0]},
			"faces": {
				"north": {"uv": [0, 9, 8, 12], "texture": "#1"},
				"east": {"uv": [0, 9, 8, 12], "texture": "#1"},
				"south": {"uv": [0, 9, 8, 12], "texture": "#1"},
				"west": {"uv": [0, 9, 8, 12], "texture": "#1"}
			}
		},
		{
			"name": "leaf0_in",
			"from": [11, -2, 4],
			"to": [11, 1, 12],
			"rotation": {"angle": 0, "axis": "y", "origin": [8, -3, 8]},
			"faces": {
				"west": {"uv": [0, 9, 8, 12], "texture": "#1"}
			}
		},
		{
			"name": "leaf0_in",
			"from": [5, -2, 4],
			"to": [5, 1, 12],
			"rotation": {"angle": 0, "axis": "y", "origin": [8, -3, 8]},
			"faces": {
				"east": {"uv": [0, 9, 8, 12], "texture": "#1"}
			}
		},
		{
			"name": "leaf0_in",
			"from": [4, -2, 11],
			"to": [12, 1, 11],
			"rotation": {"angle": 0, "axis": "y", "origin": [8, -3, 8]},
			"faces": {
				"north": {"uv": [0, 9, 8, 12], "texture": "#1"}
			}
		},
		{
			"name": "leaf0_in",
			"from": [4, -2, 5],
			"to": [12, 1, 5],
			"rotation": {"angle": 0, "axis": "y", "origin": [8, -3, 8]},
			"faces": {
				"south": {"uv": [0, 9, 8, 12], "texture": "#1"}
			}
		},
		{
			"name": "leaf1",
			"from": [4, 0.5, 4],
			"to": [5, 3, 6.5],
			"rotation": {"angle": -45, "axis": "x", "origin": [4, 1, 4.5]},
			"faces": {
				"east": {"uv": [3, 0, 8, 5], "rotation": 90, "texture": "#1"},
				"west": {"uv": [3, 0, 8, 5], "rotation": 180, "texture": "#1"}
			}
		},
		{
			"name": "leaf1",
			"from": [11, 0.5, 4],
			"to": [12, 3, 6.5],
			"rotation": {"angle": -45, "axis": "x", "origin": [4, 1, 4.5]},
			"faces": {
				"east": {"uv": [3, 0, 8, 5], "rotation": 90, "texture": "#1"},
				"west": {"uv": [3, 0, 8, 5], "rotation": 180, "texture": "#1"}
			}
		},
		{
			"name": "Box5",
			"from": [4, 1, 4],
			"to": [12, 3, 5],
			"rotation": {"angle": -45, "axis": "x", "origin": [4, 1, 4.5]},
			"faces": {
				"north": {"uv": [0, 9, 8, 10], "texture": "#1"},
				"south": {"uv": [0, 9, 8, 10], "texture": "#1"},
				"up": {"uv": [0, 9, 8, 10], "texture": "#1"}
			}
		},
		{
			"name": "Box5",
			"from": [4, 1, 4],
			"to": [12, 3, 5],
			"rotation": {"angle": 45, "axis": "x", "origin": [4, 1, 4.5]},
			"faces": {
				"north": {"uv": [0, 9, 8, 10], "texture": "#1"},
				"south": {"uv": [0, 9, 8, 10], "texture": "#1"},
				"up": {"uv": [0, 9, 8, 10], "texture": "#1"}
			}
		},
		{
			"name": "leaf1",
			"from": [4, 0.5, 11],
			"to": [5, 3, 13.5],
			"rotation": {"angle": -45, "axis": "x", "origin": [4, 1, 11.5]},
			"faces": {
				"east": {"uv": [3, 0, 8, 5], "rotation": 90, "texture": "#1"},
				"west": {"uv": [3, 0, 8, 5], "rotation": 180, "texture": "#1"}
			}
		},
		{
			"name": "leaf1",
			"from": [11, 0.5, 11],
			"to": [12, 3, 13.5],
			"rotation": {"angle": -45, "axis": "x", "origin": [4, 1, 11.5]},
			"faces": {
				"east": {"uv": [3, 0, 8, 5], "rotation": 90, "texture": "#1"},
				"west": {"uv": [3, 0, 8, 5], "rotation": 180, "texture": "#1"}
			}
		},
		{
			"name": "Box5",
			"from": [4, 1, 11],
			"to": [12, 3, 12],
			"rotation": {"angle": -45, "axis": "x", "origin": [4, 1, 11.5]},
			"faces": {
				"north": {"uv": [0, 9, 8, 10], "texture": "#1"},
				"south": {"uv": [0, 9, 8, 10], "texture": "#1"},
				"up": {"uv": [0, 9, 8, 10], "texture": "#1"}
			}
		},
		{
			"name": "Box5",
			"from": [4, 1, 11],
			"to": [12, 3, 12],
			"rotation": {"angle": 45, "axis": "x", "origin": [4, 1, 11.5]},
			"faces": {
				"north": {"uv": [0, 9, 8, 10], "texture": "#1"},
				"south": {"uv": [0, 9, 8, 10], "texture": "#1"},
				"up": {"uv": [0, 9, 8, 10], "texture": "#1"}
			}
		}
	],
	"groups": [
		{
			"name": "leaf0",
			"origin": [0, 0, 0],
			"color": 0,
			"children": [0, 1, 2, 3, 4]
		},
		{
			"name": "leaf1",
			"origin": [4, 4, 4.5],
			"color": 0,
			"children": [5, 6, 7, 8]
		},
		{
			"name": "leaf1",
			"origin": [4, 4, 4.5],
			"color": 0,
			"children": [9, 10, 11, 12]
		}
	]
}