{
	"credit": "Made with Blockbench",
	"parent": "block/crop",
	"ambientocclusion": false,
	"textures": {
		"1": "3dres/crops/crops",
		"particle": "3dres/crops/crops",
		"texture": "3dres/crops/potatoes2"
	},
	"elements": [
		{
			"name": "leaf0",
			"from": [4, -1, 4],
			"to": [12, 2, 12],
			"rotation": {"angle": 0, "axis": "y", "origin": [0, -2, 0]},
			"faces": {
				"north": {"uv": [0, 8, 8, 11], "texture": "#1"},
				"east": {"uv": [0, 8, 8, 11], "texture": "#1"},
				"south": {"uv": [0, 8, 8, 11], "texture": "#1"},
				"west": {"uv": [0, 8, 8, 11], "texture": "#1"}
			}
		},
		{
			"name": "leaf0_in",
			"from": [4, -1, 5],
			"to": [12, 2, 5],
			"rotation": {"angle": 0, "axis": "y", "origin": [8, -2, 8]},
			"faces": {
				"south": {"uv": [0, 8, 8, 11], "texture": "#1"}
			}
		},
		{
			"name": "leaf0_in",
			"from": [4, -1, 11],
			"to": [12, 2, 11],
			"rotation": {"angle": 0, "axis": "y", "origin": [8, -2, 8]},
			"faces": {
				"north": {"uv": [0, 8, 8, 11], "texture": "#1"}
			}
		},
		{
			"name": "leaf0_in",
			"from": [5, -1, 4],
			"to": [5, 2, 12],
			"rotation": {"angle": 0, "axis": "y", "origin": [8, -2, 8]},
			"faces": {
				"east": {"uv": [0, 8, 8, 11], "texture": "#1"}
			}
		},
		{
			"name": "leaf0_in",
			"from": [11, -1, 4],
			"to": [11, 2, 12],
			"rotation": {"angle": 0, "axis": "y", "origin": [8, -2, 8]},
			"faces": {
				"west": {"uv": [0, 8, 8, 11], "texture": "#1"}
			}
		},
		{
			"name": "leaf1",
			"from": [4, 1.5, 4],
			"to": [5, 4, 6.5],
			"rotation": {"angle": -45, "axis": "x", "origin": [4, 2, 4.5]},
			"faces": {
				"east": {"uv": [11, 0, 16, 5], "rotation": 90, "texture": "#1"},
				"west": {"uv": [11, 0, 16, 5], "rotation": 180, "texture": "#1"}
			}
		},
		{
			"name": "leaf1",
			"from": [11, 1.5, 4],
			"to": [12, 4, 6.5],
			"rotation": {"angle": -45, "axis": "x", "origin": [4, 2, 4.5]},
			"faces": {
				"east": {"uv": [11, 0, 16, 5], "rotation": 90, "texture": "#1"},
				"west": {"uv": [11, 0, 16, 5], "rotation": 180, "texture": "#1"}
			}
		},
		{
			"name": "Box5",
			"from": [4, 2, 4],
			"to": [12, 4, 5],
			"rotation": {"angle": -45, "axis": "x", "origin": [4, 2, 4.5]},
			"faces": {
				"north": {"uv": [0, 8, 8, 9], "texture": "#1"},
				"south": {"uv": [0, 8, 8, 9], "texture": "#1"},
				"up": {"uv": [0, 8, 8, 9], "texture": "#1"}
			}
		},
		{
			"name": "Box5",
			"from": [4, 2, 4],
			"to": [12, 4, 5],
			"rotation": {"angle": 45, "axis": "x", "origin": [4, 2, 4.5]},
			"faces": {
				"north": {"uv": [0, 8, 8, 9], "texture": "#1"},
				"south": {"uv": [0, 8, 8, 9], "texture": "#1"},
				"up": {"uv": [0, 8, 8, 9], "texture": "#1"}
			}
		},
		{
			"name": "crop",
			"from": [3, -2, 3],
			"to": [13, 0, 13],
			"rotation": {"angle": 0, "axis": "y", "origin": [0, -1, 0]},
			"faces": {
				"north": {"uv": [3, 14, 13, 16], "texture": "#texture"},
				"east": {"uv": [3, 14, 13, 16], "texture": "#texture"},
				"south": {"uv": [3, 14, 13, 16], "texture": "#texture"},
				"west": {"uv": [3, 14, 13, 16], "texture": "#texture"},
				"up": {"uv": [3, 3, 13, 13], "texture": "#texture"}
			}
		},
		{
			"name": "crop_in",
			"from": [3, -2, 10],
			"to": [13, 0, 10],
			"rotation": {"angle": 0, "axis": "y", "origin": [8, -1, 8]},
			"faces": {
				"north": {"uv": [3, 14, 13, 16], "texture": "#texture"}
			}
		},
		{
			"name": "crop_in",
			"from": [3, -2, 6],
			"to": [13, 0, 6],
			"rotation": {"angle": 0, "axis": "y", "origin": [8, -1, 8]},
			"faces": {
				"south": {"uv": [3, 14, 13, 16], "texture": "#texture"}
			}
		},
		{
			"name": "crop_in",
			"from": [10, -2, 3],
			"to": [10, 0, 13],
			"rotation": {"angle": 0, "axis": "y", "origin": [8, -1, 8]},
			"faces": {
				"west": {"uv": [3, 14, 13, 16], "texture": "#texture"}
			}
		},
		{
			"name": "crop_in",
			"from": [6, -2, 3],
			"to": [6, 0, 13],
			"rotation": {"angle": 0, "axis": "y", "origin": [8, -1, 8]},
			"faces": {
				"east": {"uv": [3, 14, 13, 16], "texture": "#texture"}
			}
		},
		{
			"name": "leaf1",
			"from": [4, 1.5, 11],
			"to": [5, 4, 13.5],
			"rotation": {"angle": -45, "axis": "x", "origin": [4, 2, 11.5]},
			"faces": {
				"east": {"uv": [11, 0, 16, 5], "rotation": 90, "texture": "#1"},
				"west": {"uv": [11, 0, 16, 5], "rotation": 180, "texture": "#1"}
			}
		},
		{
			"name": "leaf1",
			"from": [11, 1.5, 11],
			"to": [12, 4, 13.5],
			"rotation": {"angle": -45, "axis": "x", "origin": [4, 2, 11.5]},
			"faces": {
				"east": {"uv": [11, 0, 16, 5], "rotation": 90, "texture": "#1"},
				"west": {"uv": [11, 0, 16, 5], "rotation": 180, "texture": "#1"}
			}
		},
		{
			"name": "Box5",
			"from": [4, 2, 11],
			"to": [12, 4, 12],
			"rotation": {"angle": -45, "axis": "x", "origin": [4, 2, 11.5]},
			"faces": {
				"north": {"uv": [0, 8, 8, 9], "texture": "#1"},
				"south": {"uv": [0, 8, 8, 9], "texture": "#1"},
				"up": {"uv": [0, 8, 8, 9], "texture": "#1"}
			}
		},
		{
			"name": "Box5",
			"from": [4, 2, 11],
			"to": [12, 4, 12],
			"rotation": {"angle": 45, "axis": "x", "origin": [4, 2, 11.5]},
			"faces": {
				"north": {"uv": [0, 8, 8, 9], "texture": "#1"},
				"south": {"uv": [0, 8, 8, 9], "texture": "#1"},
				"up": {"uv": [0, 8, 8, 9], "texture": "#1"}
			}
		}
	],
	"groups": [
		{
			"name": "leaf0",
			"origin": [0, 0, 0],
			"color": 0,
			"children": [0, 1, 2, 3, 4]
		},
		{
			"name": "leaf1",
			"origin": [4, 4, 4.5],
			"color": 0,
			"children": [5, 6, 7, 8]
		},
		{
			"name": "crop",
			"origin": [8, 0, 8],
			"color": 0,
			"children": [9, 10, 11, 12, 13]
		},
		{
			"name": "leaf1",
			"origin": [4, 4, 4.5],
			"color": 0,
			"children": [14, 15, 16, 17]
		}
	]
}