{
	"credit": "Made with Blockbench",
	"textures": {
		"2": "3dres/reeds_top",
		"particle": "3dres/sugar_cane",
		"side": "3dres/sugar_cane"
	},
	"elements": [
		{
			"name": "Box1",
			"from": [1, 0, 1],
			"to": [15, 16, 15],
			"faces": {
				"up": {"uv": [1, 1, 15, 15], "texture": "#2", "tintindex": 0}
			}
		},
		{
			"from": [1, 0, 1],
			"to": [3, 16, 15],
			"faces": {
				"east": {"uv": [1, 0, 15, 16], "texture": "#side", "tintindex": 0},
				"west": {"uv": [1, 0, 15, 16], "texture": "#side", "tintindex": 0}
			}
		},
		{
			"from": [9, 0, 1],
			"to": [11, 16, 15],
			"rotation": {"angle": 0, "axis": "y", "origin": [8, 8, 8]},
			"faces": {
				"east": {"uv": [1, 0, 15, 16], "texture": "#side", "tintindex": 0},
				"west": {"uv": [1, 0, 15, 16], "texture": "#side", "tintindex": 0}
			}
		},
		{
			"from": [13, 0, 1],
			"to": [15, 16, 15],
			"rotation": {"angle": 0, "axis": "y", "origin": [8, 8, 8]},
			"faces": {
				"east": {"uv": [1, 0, 15, 16], "texture": "#side", "tintindex": 0},
				"west": {"uv": [1, 0, 15, 16], "texture": "#side", "tintindex": 0}
			}
		},
		{
			"from": [1, 0, 9],
			"to": [15, 16, 11],
			"rotation": {"angle": 0, "axis": "y", "origin": [8, 8, 8]},
			"faces": {
				"north": {"uv": [1, 0, 15, 16], "texture": "#side", "tintindex": 0},
				"south": {"uv": [1, 0, 15, 16], "texture": "#side", "tintindex": 0}
			}
		},
		{
			"from": [1, 0, 13],
			"to": [15, 16, 15],
			"rotation": {"angle": 0, "axis": "y", "origin": [8, 8, 8]},
			"faces": {
				"north": {"uv": [1, 0, 15, 16], "texture": "#side", "tintindex": 0},
				"south": {"uv": [1, 0, 15, 16], "texture": "#side", "tintindex": 0}
			}
		},
		{
			"from": [1, 0, 5],
			"to": [15, 16, 7],
			"rotation": {"angle": 0, "axis": "y", "origin": [8, 8, 8]},
			"faces": {
				"north": {"uv": [1, 0, 15, 16], "texture": "#side", "tintindex": 0},
				"south": {"uv": [1, 0, 15, 16], "texture": "#side", "tintindex": 0}
			}
		},
		{
			"from": [1, 0, 1],
			"to": [15, 16, 3],
			"rotation": {"angle": 0, "axis": "y", "origin": [8, 8, 8]},
			"faces": {
				"north": {"uv": [1, 0, 15, 16], "texture": "#side", "tintindex": 0},
				"south": {"uv": [1, 0, 15, 16], "texture": "#side", "tintindex": 0}
			}
		},
		{
			"from": [5, 0, 1],
			"to": [7, 16, 15],
			"faces": {
				"east": {"uv": [1, 0, 15, 16], "texture": "#side", "tintindex": 0},
				"west": {"uv": [1, 0, 15, 16], "texture": "#side", "tintindex": 0}
			}
		}
	],
	"display": {
		"thirdperson_righthand": {
			"rotation": [75, 45, 0],
			"translation": [0, 2.5, 0],
			"scale": [0.375, 0.375, 0.375]
		},
		"thirdperson_lefthand": {
			"rotation": [75, 45, 0],
			"translation": [0, 2.5, 0],
			"scale": [0.375, 0.375, 0.375]
		},
		"firstperson_righthand": {
			"rotation": [0, 45, 0],
			"scale": [0.4, 0.4, 0.4]
		},
		"firstperson_lefthand": {
			"rotation": [0, 45, 0],
			"scale": [0.4, 0.4, 0.4]
		},
		"ground": {
			"translation": [0, 3, 0],
			"scale": [0.25, 0.25, 0.25]
		},
		"gui": {
			"rotation": [30, 225, 0],
			"scale": [0.625, 0.625, 0.625]
		},
		"fixed": {
			"scale": [0.5, 0.5, 0.5]
		}
	}
}