{
	"__comment": "Designed by Blue_Beaker with Cubik Studio - https://cubik.studio",
	"textures": {
		"particle": "#texture",
		"texture": "blocks/e_texture"
	},
	"elements": [ 	 
		{
			"__comment": "top bar",
			"from": [ 7, 9.5, 0 ],
			"to": [ 9, 12.5, 8 ],
			"faces": {
				"down": { "uv": [ 7.5, 8, 8.5, 16 ], "texture": "#texture" },
				"up": { "uv": [ 7.5, 0, 8.5, 8 ], "texture": "#texture" },
				"north": { "uv": [ 7.5, 3.5, 8.5, 6.5 ], "texture": "#texture", "cullface": "north" },
				"west": { "uv": [ 0, 3.5, 8, 6.5 ], "texture": "#texture" },
				"east": { "uv": [ 8, 3.5, 16, 6.5 ], "texture": "#texture" }
			}
		},
		{
			"__comment": "lower bar",
			"from": [ 7, 3.5, 0 ],
			"to": [ 9, 6.5, 8 ],
			"faces": {
				"down": { "uv": [ 7.5, 8, 8.5, 16 ], "texture": "#texture" },
				"up": { "uv": [ 7.5, 0, 8.5, 8 ], "texture": "#texture" },
				"north": { "uv": [ 7.5, 9.5, 8.5, 12.5 ], "texture": "#texture", "cullface": "north" },
				"west": { "uv": [ 0, 9.5, 8, 12.5 ], "texture": "#texture" },
				"east": { "uv": [ 8, 9.5, 16, 12.5 ], "texture": "#texture" }
			}
		},
		{
			"__comment": "Box3",
			"from": [ 9, 0, 4.5 ],
			"to": [ 9.5, 16, 7.5 ],
			"faces": {
				"down": { "uv": [ 8.5, 8.5, 9, 11.5 ], "texture": "#texture" },
				"up": { "uv": [ 8.5, 4.5, 9, 7.5 ], "texture": "#texture" },
				"north": { "uv": [ 7, 0, 7.5, 16 ], "texture": "#texture" },
				"south": { "uv": [ 8.5, 0, 9, 16 ], "texture": "#texture" },
				"west": { "uv": [ 4.5, 0, 7.5, 16 ], "texture": "#texture" },
				"east": { "uv": [ 8.5, 0, 11.5, 16 ], "texture": "#texture" }
			}
		},
		{
			"__comment": "Box3",
			"from": [ 9, 0, 0.5 ],
			"to": [ 9.5, 16, 3.5 ],
			"faces": {
				"down": { "uv": [ 7, 12.5, 7.5, 15.5 ], "texture": "#texture" },
				"up": { "uv": [ 7, 0.5, 7.5, 3.5 ], "texture": "#texture" },
				"north": { "uv": [ 8.5, 0, 9, 16 ], "texture": "#texture" },
				"south": { "uv": [ 7, 0, 7.5, 16 ], "texture": "#texture" },
				"west": { "uv": [ 0.5, 0, 3.5, 16 ], "texture": "#texture" },
				"east": { "uv": [ 12.5, 0, 15.5, 16 ], "texture": "#texture" }
			}
		},
		{
			"__comment": "Box3",
			"from": [ 6.5, 0, 4.5 ],
			"to": [ 7, 16, 7.5 ],
			"faces": {
				"down": { "uv": [ 7, 8.5, 7.5, 11.5 ], "texture": "#texture" },
				"up": { "uv": [ 7, 4.5, 7.5, 7.5 ], "texture": "#texture" },
				"north": { "uv": [ 8.5, 0, 9, 16 ], "texture": "#texture" },
				"south": { "uv": [ 7, 0, 7.5, 16 ], "texture": "#texture" },
				"west": { "uv": [ 4.5, 0, 7.5, 16 ], "texture": "#texture" },
				"east": { "uv": [ 8.5, 0, 11.5, 16 ], "texture": "#texture" }
			}
		},
		{
			"__comment": "Box3",
			"from": [ 6.5, 0, 0.5 ],
			"to": [ 7, 16, 3.5 ],
			"faces": {
				"down": { "uv": [ 7, 12.5, 7.5, 15.5 ], "texture": "#texture" },
				"up": { "uv": [ 7, 0.5, 7.5, 3.5 ], "texture": "#texture" },
				"north": { "uv": [ 8.5, 0, 9, 16 ], "texture": "#texture" },
				"south": { "uv": [ 7, 0, 7.5, 16 ], "texture": "#texture" },
				"west": { "uv": [ 0.5, 0, 3.5, 16 ], "texture": "#texture" },
				"east": { "uv": [ 12.5, 0, 15.5, 16 ], "texture": "#texture" }
			}
		}
	]
}