{
	"__comment": "Designed by Blue_Beaker with Cubik Studio - https://cubik.studio",
	"textures": {
		"particle": "block/flower_allium",
		"texture": "3dres/flowers/flower_allium"
	},
	"elements": [ 	 
		{
			"__comment": "Box1",
			"from": [ 7.5, 0, 7.5 ],
			"to": [ 8.5, 5, 8.5 ],
			"faces": {
				"down": { "uv": [ 0, 0, 2, 2 ], "texture": "#texture", "rotation": 90 },
				"north": { "uv": [ 0, 9, 2, 16 ], "texture": "#texture" },
				"south": { "uv": [ 0, 9, 2, 16 ], "texture": "#texture" },
				"west": { "uv": [ 2, 9, 0, 16 ], "texture": "#texture" },
				"east": { "uv": [ 2, 9, 0, 16 ], "texture": "#texture" }
			}
		},
		{
			"__comment": "Box6",
			"from": [ 6.5, 6, 5.5 ],
			"to": [ 9.5, 9, 6 ],
			"faces": {
				"down": { "uv": [ 3, 0, 9, 1 ], "texture": "#texture" },
				"up": { "uv": [ 9, 0, 3, 1 ], "texture": "#texture" },
				"north": { "uv": [ 9, 1, 3, 7 ], "texture": "#texture" },
				"west": { "uv": [ 2, 7, 3, 1 ], "texture": "#texture" },
				"east": { "uv": [ 2, 1, 3, 7 ], "texture": "#texture" }
			}
		},
		{
			"__comment": "Box6",
			"from": [ 10, 6, 6.5 ],
			"to": [ 10.5, 9, 9.5 ],
			"faces": {
				"down": { "uv": [ 2, 1, 3, 7 ], "texture": "#texture" },
				"up": { "uv": [ 2, 1, 3, 7 ], "texture": "#texture" },
				"north": { "uv": [ 10, 7, 9, 1 ], "texture": "#texture" },
				"south": { "uv": [ 10, 1, 9, 7 ], "texture": "#texture" },
				"east": { "uv": [ 3, 1, 9, 7 ], "texture": "#texture" }
			}
		},
		{
			"__comment": "Box6",
			"from": [ 6.5, 6, 10 ],
			"to": [ 9.5, 9, 10.5 ],
			"faces": {
				"down": { "uv": [ 3, 0, 9, 1 ], "texture": "#texture" },
				"up": { "uv": [ 3, 0, 9, 1 ], "texture": "#texture" },
				"south": { "uv": [ 9, 1, 3, 7 ], "texture": "#texture" },
				"west": { "uv": [ 2, 1, 3, 7 ], "texture": "#texture" },
				"east": { "uv": [ 2, 7, 3, 1 ], "texture": "#texture" }
			}
		},
		{
			"__comment": "Box6",
			"from": [ 6.5, 5, 6.5 ],
			"to": [ 9.5, 5.5, 9.5 ],
			"faces": {
				"down": { "uv": [ 3, 1, 9, 7 ], "texture": "#texture" },
				"up": { "uv": [ 3, 1, 9, 7 ], "texture": "#texture" },
				"north": { "uv": [ 9, 0, 3, 1 ], "texture": "#texture" },
				"south": { "uv": [ 9, 0, 3, 1 ], "texture": "#texture" },
				"west": { "uv": [ 3, 0, 9, 1 ], "texture": "#texture" },
				"east": { "uv": [ 3, 0, 9, 1 ], "texture": "#texture" }
			}
		},
		{
			"__comment": "Box6",
			"from": [ 5.5, 6, 6.5 ],
			"to": [ 6, 9, 9.5 ],
			"faces": {
				"down": { "uv": [ 3, 1, 4, 7 ], "texture": "#texture" },
				"up": { "uv": [ 3, 1, 4, 7 ], "texture": "#texture" },
				"north": { "uv": [ 10, 1, 9, 7 ], "texture": "#texture" },
				"south": { "uv": [ 10, 0, 9, 6 ], "texture": "#texture" },
				"west": { "uv": [ 3, 1, 9, 7 ], "texture": "#texture" }
			}
		},
		{
			"__comment": "Box6",
			"from": [ 6, 5.5, 6 ],
			"to": [ 10, 9.5, 10 ],
			"faces": {
				"down": { "uv": [ 2, 0, 10, 8 ], "texture": "#texture" },
				"up": { "uv": [ 2, 0, 10, 8 ], "texture": "#texture" },
				"north": { "uv": [ 10, 0, 2, 8 ], "texture": "#texture" },
				"south": { "uv": [ 10, 0, 2, 8 ], "texture": "#texture" },
				"west": { "uv": [ 2, 0, 10, 8 ], "texture": "#texture" },
				"east": { "uv": [ 2, 0, 10, 8 ], "texture": "#texture" }
			}
		},
		{
			"__comment": "Box6",
			"from": [ 6.5, 9.5, 6.5 ],
			"to": [ 9.5, 10, 9.5 ],
			"faces": {
				"down": { "uv": [ 3, 1, 9, 7 ], "texture": "#texture" },
				"up": { "uv": [ 3, 1, 9, 7 ], "texture": "#texture" },
				"north": { "uv": [ 3, 0, 9, 1 ], "texture": "#texture" },
				"south": { "uv": [ 3, 0, 9, 1 ], "texture": "#texture" },
				"west": { "uv": [ 9, 0, 3, 1 ], "texture": "#texture" },
				"east": { "uv": [ 9, 0, 3, 1 ], "texture": "#texture" }
			}
		}
	],
	"display": {
		"thirdperson_righthand": {
			"translation":  [ 0, 3, 1 ],
			"scale":  [ 0.375, 0.375, 0.375 ]
		},
		"thirdperson_lefthand": {
			"translation":  [ 0, 3, 1 ],
			"scale":  [ 0.375, 0.375, 0.375 ]
		},
		"firstperson_righthand": {
			"rotation":  [ 0, 45, 0 ],
			"translation":  [ 0, 3, 0 ],
			"scale":  [ 0.4, 0.4, 0.4 ]
		},
		"firstperson_lefthand": {
			"rotation":  [ 0, 45, 0 ],
			"translation":  [ 0, 3, 0 ],
			"scale":  [ 0.4, 0.4, 0.4 ]
		},
		"gui": {
			"rotation":  [ 30, 225, 0 ],
			"scale":  [ 0.625, 0.625, 0.625 ]
		},
		"ground": {
			"translation":  [ 0, 2, 0 ],
			"scale":  [ 0.5, 0.5, 0.5 ]
		},
		"fixed": {
			"scale":  [ 0.5, 0.5, 0.5 ]
		}
	}
}