{
	"__comment": "Designed by Blue_Beaker with Cubik Studio - https://cubik.studio",
	"textures": {
		"all": "block/bamboo_stalk",
		"particle": "block/bamboo_stalk"
	},
	"elements": [ 	 
		{
			"__comment": "Element",
			"from": [ 7, 0, 7 ],
			"to": [ 9, 16, 9 ],
			"faces": {
				"down": { "uv": [ 13, 4, 15, 6 ], "texture": "#all", "cullface": "down" },
				"up": { "uv": [ 13, 0, 15, 2 ], "texture": "#all", "cullface": "up" },
				"north": { "uv": [ 6, 0, 8, 16 ], "texture": "#all" },
				"south": { "uv": [ 6, 0, 8, 16 ], "texture": "#all" },
				"west": { "uv": [ 6, 0, 8, 16 ], "texture": "#all" },
				"east": { "uv": [ 6, 0, 8, 16 ], "texture": "#all" }
			}
		},
		{
			"__comment": "Box2",
			"from": [ 6.5, 6, 6.5 ],
			"to": [ 9.5, 7, 9.5 ],
			"faces": {
				"down": { "uv": [ 6, 10, 7, 9 ], "texture": "#all" },
				"up": { "uv": [ 6, 9, 7, 10 ], "texture": "#all" },
				"north": { "uv": [ 7, 10, 6, 9 ], "texture": "#all" },
				"south": { "uv": [ 6, 9, 7, 10 ], "texture": "#all" },
				"west": { "uv": [ 6, 9, 7, 10 ], "texture": "#all", "rotation": 270 },
				"east": { "uv": [ 7, 9, 6, 10 ], "texture": "#all", "rotation": 90 }
			}
		},
		{
			"__comment": "Box2",
			"from": [ 6.5, 14, 6.5 ],
			"to": [ 9.5, 15, 9.5 ],
			"faces": {
				"down": { "uv": [ 6, 10, 7, 9 ], "texture": "#all" },
				"up": { "uv": [ 6, 9, 7, 10 ], "texture": "#all" },
				"north": { "uv": [ 7, 10, 6, 9 ], "texture": "#all" },
				"south": { "uv": [ 6, 9, 7, 10 ], "texture": "#all" },
				"west": { "uv": [ 6, 9, 7, 10 ], "texture": "#all", "rotation": 270 },
				"east": { "uv": [ 7, 9, 6, 10 ], "texture": "#all", "rotation": 90 }
			}
		}
	]
}