{"__comment": "Designed by Blue_Beaker with Cubik Studio - https://cubik.studio", "textures": {"particle": "#texture"}, "elements": [{"__comment": "PlaneX14", "from": [3.5, 4.5, 5.5], "to": [3.501, 17.5, 10.5], "faces": {"west": {"uv": [2, 5, 3, 8], "texture": "#texture"}, "east": {"uv": [3, 5, 2, 8], "texture": "#texture"}}}, {"__comment": "PlaneX14", "from": [8.5, 4.5, 5.5], "to": [8.501, 17.5, 10.5], "faces": {"west": {"uv": [0, 5, 1, 8], "texture": "#texture"}, "east": {"uv": [1, 5, 0, 8], "texture": "#texture"}}}, {"__comment": "PlaneZ16", "from": [3.5, 4.5, 5.5], "to": [8.5, 17.5, 5.501], "faces": {"north": {"uv": [2, 5, 1, 8], "texture": "#texture"}, "south": {"uv": [1, 5, 2, 8], "texture": "#texture"}}}, {"__comment": "PlaneZ16", "from": [3.5, 4.5, 10.5], "to": [8.5, 17.5, 10.501], "faces": {"north": {"uv": [4, 5, 3, 8], "texture": "#texture"}, "south": {"uv": [3, 5, 4, 8], "texture": "#texture"}}}, {"__comment": "PlaneX14", "from": [7.5, 4.5, 5.5], "to": [7.501, 17.5, 10.5], "faces": {"west": {"uv": [2, 5, 3, 8], "texture": "#texture"}, "east": {"uv": [3, 5, 2, 8], "texture": "#texture"}}}, {"__comment": "PlaneX14", "from": [12.5, 4.5, 5.5], "to": [12.501, 17.5, 10.5], "faces": {"west": {"uv": [0, 5, 1, 8], "texture": "#texture"}, "east": {"uv": [1, 5, 0, 8], "texture": "#texture"}}}, {"__comment": "PlaneZ16", "from": [7.5, 4.5, 5.5], "to": [12.5, 17.5, 5.501], "faces": {"north": {"uv": [2, 5, 1, 8], "texture": "#texture"}, "south": {"uv": [1, 5, 2, 8], "texture": "#texture"}}}, {"__comment": "PlaneZ16", "from": [7.5, 4.5, 10.5], "to": [12.5, 17.5, 10.501], "faces": {"north": {"uv": [4, 5, 3, 8], "texture": "#texture"}, "south": {"uv": [3, 5, 4, 8], "texture": "#texture"}}}, {"__comment": "PlaneY14", "from": [3.5, 4.5, 5.5], "to": [8.5, 4.501, 10.5], "faces": {"down": {"uv": [2, 5, 3, 4], "texture": "#texture"}, "up": {"uv": [2, 4, 3, 5], "texture": "#texture"}}}, {"__comment": "PlaneY14", "from": [7.5, 4.5, 5.5], "to": [12.5, 4.501, 10.5], "faces": {"down": {"uv": [2, 5, 3, 4], "texture": "#texture"}, "up": {"uv": [2, 4, 3, 5], "texture": "#texture"}}}], "display": {"thirdperson_righthand": {"rotation": [75, 45, 0], "translation": [0, 2.5, 0], "scale": [0.375, 0.375, 0.375]}, "thirdperson_lefthand": {"rotation": [75, 45, 0], "translation": [0, 2.5, 0], "scale": [0.375, 0.375, 0.375]}, "firstperson_righthand": {"rotation": [0, 45, 0], "scale": [0.4, 0.4, 0.4]}, "firstperson_lefthand": {"rotation": [0, 45, 0], "scale": [0.4, 0.4, 0.4]}, "gui": {"rotation": [30, 225, 0], "scale": [0.8, 0.8, 0.8]}, "head": {"translation": [0, -42, 0], "scale": [1.6, 1.6, 1.6]}, "ground": {"translation": [0, 2, 0], "scale": [0.5, 0.5, 0.5]}, "fixed": {"scale": [0.5, 0.5, 0.5]}}}