{
  "__comment": "Designed by Blue_Beaker with Cubik Studio - https://cubik.studio",
  "textures": {
    "texture": "3dres/boat/boat_acacia",
    "texture1": "3dres/boat/boat_acacia_2",
    "particle": "items/acacia_boat"
  },
  "elements": [
    {
      "__comment": "Box1",
      "from": [
        0,
        0,
        -5
      ],
      "to": [
        16,
        3,
        23
      ],
      "faces": {
        "down": {
          "uv": [
            0.75,
            0.75,
            7.75,
            4.75
          ],
          "texture": "#texture",
          "rotation": 90
        },
        "up": {
          "uv": [
            8.5,
            0.75,
            15.5,
            4.75
          ],
          "texture": "#texture",
          "rotation": 90
        },
        "north": {
          "uv": [
            0,
            0.75,
            0.75,
            4.75
          ],
          "texture": "#texture",
          "rotation": 270
        },
        "south": {
          "uv": [
            7.75,
            0.75,
            8.5,
            4.75
          ],
          "texture": "#texture",
          "rotation": 270
        },
        "west": {
          "uv": [
            0.75,
            0,
            7.75,
            0.75
          ],
          "texture": "#texture"
        },
        "east": {
          "uv": [
            14.75,
            0,
            7.75,
            0.75
          ],
          "texture": "#texture"
        }
      }
    },
    {
      "__comment": "Box2",
      "from": [
        16,
        3,
        -5
      ],
      "to": [
        18,
        9,
        23
      ],
      "faces": {
        "down": {
          "uv": [
            7.5,
            8.75,
            14.5,
            9.25
          ],
          "texture": "#texture",
          "rotation": 270
        },
        "up": {
          "uv": [
            0.5,
            8.75,
            7.5,
            9.25
          ],
          "texture": "#texture",
          "rotation": 270
        },
        "north": {
          "uv": [
            0,
            9.25,
            0.5,
            10.75
          ],
          "texture": "#texture"
        },
        "south": {
          "uv": [
            7.5,
            9.25,
            8,
            10.75
          ],
          "texture": "#texture"
        },
        "west": {
          "uv": [
            0.5,
            9.25,
            7.5,
            10.75
          ],
          "texture": "#texture"
        },
        "east": {
          "uv": [
            8,
            9.25,
            15,
            10.75
          ],
          "texture": "#texture"
        }
      }
    },
    {
      "__comment": "Box2",
      "from": [
        0,
        3,
        -7
      ],
      "to": [
        16,
        9,
        -5
      ],
      "faces": {
        "down": {
          "uv": [
            4.5,
            6.75,
            8.5,
            7.25
          ],
          "texture": "#texture"
        },
        "up": {
          "uv": [
            0.5,
            6.75,
            4.5,
            7.25
          ],
          "texture": "#texture"
        },
        "north": {
          "uv": [
            5,
            7.25,
            9,
            8.75
          ],
          "texture": "#texture"
        },
        "south": {
          "uv": [
            0.5,
            7.25,
            4.5,
            8.75
          ],
          "texture": "#texture"
        },
        "west": {
          "uv": [
            0,
            7.25,
            0.5,
            8.75
          ],
          "texture": "#texture"
        },
        "east": {
          "uv": [
            4.5,
            7.25,
            5,
            8.75
          ],
          "texture": "#texture"
        }
      }
    },
    {
      "__comment": "Box2",
      "from": [
        -1,
        3,
        23
      ],
      "to": [
        17,
        9,
        25
      ],
      "faces": {
        "down": {
          "uv": [
            5,
            4.75,
            9.5,
            5.25
          ],
          "texture": "#texture"
        },
        "up": {
          "uv": [
            0.5,
            4.75,
            5,
            5.25
          ],
          "texture": "#texture"
        },
        "north": {
          "uv": [
            0.5,
            5.25,
            5,
            6.75
          ],
          "texture": "#texture"
        },
        "south": {
          "uv": [
            5.5,
            5.25,
            10,
            6.75
          ],
          "texture": "#texture"
        },
        "west": {
          "uv": [
            5,
            5.25,
            5.5,
            6.75
          ],
          "texture": "#texture"
        },
        "east": {
          "uv": [
            0,
            5.25,
            0.5,
            6.75
          ],
          "texture": "#texture"
        }
      }
    },
    {
      "__comment": "Box2",
      "from": [
        -2,
        3,
        -5
      ],
      "to": [
        0,
        9,
        23
      ],
      "faces": {
        "down": {
          "uv": [
            7.5,
            10.75,
            14.5,
            11.25
          ],
          "texture": "#texture",
          "rotation": 270
        },
        "up": {
          "uv": [
            0.5,
            10.75,
            7.5,
            11.25
          ],
          "texture": "#texture",
          "rotation": 270
        },
        "north": {
          "uv": [
            7.5,
            11.25,
            8,
            12.75
          ],
          "texture": "#texture"
        },
        "south": {
          "uv": [
            0,
            11.25,
            0.5,
            12.75
          ],
          "texture": "#texture"
        },
        "west": {
          "uv": [
            0.5,
            11.25,
            7.5,
            12.75
          ],
          "texture": "#texture"
        },
        "east": {
          "uv": [
            8,
            11.25,
            15,
            12.75
          ],
          "texture": "#texture"
        }
      }
    },
    {
      "__comment": "Box6",
      "from": [
        22.6848,
        -2.0766,
        2.5
      ],
      "to": [
        23.6848,
        4.9234,
        8.5
      ],
      "rotation": {
        "origin": [
          22.5,
          0,
          5.5
        ],
        "axis": "z",
        "angle": 22.5
      },
      "faces": {
        "down": {
          "uv": [
            1.75,
            6.75,
            2,
            8.25
          ],
          "texture": "#texture1"
        },
        "up": {
          "uv": [
            2,
            6.75,
            2.25,
            8.25
          ],
          "texture": "#texture1"
        },
        "north": {
          "uv": [
            1.75,
            5,
            2,
            6.75
          ],
          "texture": "#texture1"
        },
        "south": {
          "uv": [
            2,
            5,
            2.25,
            6.75
          ],
          "texture": "#texture1"
        },
        "west": {
          "uv": [
            0,
            6.75,
            1.75,
            8.25
          ],
          "texture": "#texture1",
          "rotation": 90
        },
        "east": {
          "uv": [
            2.25,
            6.75,
            4,
            8.25
          ],
          "texture": "#texture1",
          "rotation": 90
        }
      }
    },
    {
      "__comment": "Box6",
      "from": [
        21.5,
        0,
        5.5
      ],
      "to": [
        23.5,
        16,
        7.5
      ],
      "rotation": {
        "origin": [
          22.5,
          0,
          5.5
        ],
        "axis": "z",
        "angle": 22.5
      },
      "faces": {
        "down": {
          "uv": [
            5,
            5,
            5.5,
            5.5
          ],
          "texture": "#texture1"
        },
        "up": {
          "uv": [
            4.5,
            5,
            5,
            5.5
          ],
          "texture": "#texture1"
        },
        "north": {
          "uv": [
            4.5,
            5.5,
            5,
            9.5
          ],
          "texture": "#texture1"
        },
        "south": {
          "uv": [
            5,
            5.5,
            5.5,
            9.5
          ],
          "texture": "#texture1"
        },
        "west": {
          "uv": [
            5.5,
            9.5,
            10,
            10
          ],
          "texture": "#texture1",
          "rotation": 270
        },
        "east": {
          "uv": [
            0,
            9.5,
            4.5,
            10
          ],
          "texture": "#texture1",
          "rotation": 90
        }
      }
    },
    {
      "__comment": "Box6",
      "from": [
        -7.5,
        0,
        5.5
      ],
      "to": [
        -5.5,
        16,
        7.5
      ],
      "rotation": {
        "origin": [
          -6.5,
          0,
          5.5
        ],
        "axis": "z",
        "angle": -22.5
      },
      "faces": {
        "down": {
          "uv": [
            5,
            0,
            5.5,
            0.5
          ],
          "texture": "#texture1"
        },
        "up": {
          "uv": [
            4.5,
            0,
            5,
            0.5
          ],
          "texture": "#texture1"
        },
        "north": {
          "uv": [
            4.5,
            0.5,
            5,
            4.5
          ],
          "texture": "#texture1"
        },
        "south": {
          "uv": [
            5,
            0.5,
            5.5,
            4.5
          ],
          "texture": "#texture1"
        },
        "west": {
          "uv": [
            5.5,
            4.5,
            10,
            5
          ],
          "texture": "#texture1",
          "rotation": 270
        },
        "east": {
          "uv": [
            0,
            4.5,
            4.5,
            5
          ],
          "texture": "#texture1",
          "rotation": 90
        }
      }
    },
    {
      "__comment": "Box6",
      "from": [
        -7.6847,
        -2.0765,
        2.5
      ],
      "to": [
        -6.6847,
        4.9235,
        8.5
      ],
      "rotation": {
        "origin": [
          -6.5,
          0,
          5.5
        ],
        "axis": "z",
        "angle": -22.5
      },
      "faces": {
        "down": {
          "uv": [
            1.75,
            1.75,
            2,
            3.25
          ],
          "texture": "#texture1"
        },
        "up": {
          "uv": [
            2,
            1.75,
            2.25,
            3.25
          ],
          "texture": "#texture1"
        },
        "north": {
          "uv": [
            1.75,
            0,
            2,
            1.75
          ],
          "texture": "#texture1"
        },
        "south": {
          "uv": [
            2,
            0,
            2.25,
            1.75
          ],
          "texture": "#texture1"
        },
        "west": {
          "uv": [
            0,
            1.75,
            1.75,
            3.25
          ],
          "texture": "#texture1",
          "rotation": 90
        },
        "east": {
          "uv": [
            2.25,
            1.75,
            4,
            3.25
          ],
          "texture": "#texture1",
          "rotation": 90
        }
      }
    }
  ],
  "display": {
    "thirdperson_righthand": {
      "rotation": [
        75,
        45,
        0
      ],
      "translation": [
        0,
        2.5,
        0
      ],
      "scale": [
        0.375,
        0.375,
        0.375
      ]
    },
    "thirdperson_lefthand": {
      "rotation": [
        75,
        45,
        0
      ],
      "translation": [
        0,
        2.5,
        0
      ],
      "scale": [
        0.375,
        0.375,
        0.375
      ]
    },
    "firstperson_righthand": {
      "rotation": [
        0,
        45,
        0
      ],
      "scale": [
        0.4,
        0.4,
        0.4
      ]
    },
    "firstperson_lefthand": {
      "rotation": [
        0,
        45,
        0
      ],
      "scale": [
        0.4,
        0.4,
        0.4
      ]
    },
    "gui": {
      "rotation": [
        30,
        225,
        0
      ],
      "scale": [
        0.4,
        0.4,
        0.4
      ]
    },
    "ground": {
      "translation": [
        0,
        3,
        0
      ],
      "scale": [
        0.25,
        0.25,
        0.25
      ]
    },
    "fixed": {
      "rotation": [
        0,
        90,
        0
      ],
      "scale": [
        0.5,
        0.5,
        0.5
      ]
    }
  }
}