{"__comment": "Designed by Blue_Beaker with Cubik Studio - https://cubik.studio", "textures": {"particle": "#dye"}, "elements": [{"__comment": "Bucket", "from": [2, 0, 2], "to": [14, 12, 14], "shade": false, "faces": {"down": {"uv": [0, 0, 6, 6], "texture": "#Bucket"}, "up": {"uv": [15, 15, 9, 9], "texture": "#dye"}, "north": {"uv": [9, 1, 15, 7], "texture": "#dye"}, "south": {"uv": [0, 0, 6, 6], "texture": "#Bucket"}, "west": {"uv": [0, 0, 6, 6], "texture": "#Bucket"}, "east": {"uv": [0, 0, 6, 6], "texture": "#Bucket"}}}, {"__comment": "x", "from": [3, 1, 3], "to": [3.001, 12, 13], "faces": {"east": {"uv": [6, 0, 11, 5.5], "texture": "#Bucket"}}}, {"__comment": "x", "from": [13, 1, 3], "to": [13.001, 12, 13], "faces": {"west": {"uv": [6, 0, 11, 5.5], "texture": "#Bucket"}}}, {"__comment": "y", "from": [3, 1, 3], "to": [13, 1.001, 13], "faces": {"up": {"uv": [6, 6.000001, 11, 11], "texture": "#Bucket"}}}, {"__comment": "z", "from": [3, 1, 13], "to": [13, 12, 13.001], "faces": {"north": {"uv": [6, 0, 11, 5.5], "texture": "#Bucket"}}}, {"__comment": "z", "from": [2, 0, 3], "to": [14, 12, 3.001], "faces": {"south": {"uv": [1, 9, 7, 15], "texture": "#dye"}}}, {"__comment": "Box8", "from": [15, 9.5, 7.5], "to": [16, 10.5, 17], "faces": {"down": {"uv": [11, 0, 16, 5], "texture": "#Bucket"}, "up": {"uv": [11, 0, 16, 5], "texture": "#Bucket"}, "north": {"uv": [11, 0, 16, 5], "texture": "#Bucket"}, "south": {"uv": [11, 0, 16, 5], "texture": "#Bucket"}, "west": {"uv": [11, 0, 16, 5], "texture": "#Bucket"}, "east": {"uv": [11, 0, 16, 5], "texture": "#Bucket"}}}, {"__comment": "Box10", "from": [14, 9.5, 7.5], "to": [15, 10.5, 8.5], "faces": {"down": {"uv": [11, 0, 16, 5], "texture": "#Bucket"}, "up": {"uv": [11, 0, 16, 5], "texture": "#Bucket"}, "north": {"uv": [11, 0, 16, 5], "texture": "#Bucket"}, "south": {"uv": [11, 0, 16, 5], "texture": "#Bucket"}}}, {"__comment": "Box10", "from": [1, 9.5, 7.5], "to": [2, 10.5, 8.5], "faces": {"down": {"uv": [11, 0, 16, 5], "texture": "#Bucket"}, "up": {"uv": [11, 0, 16, 5], "texture": "#Bucket"}, "north": {"uv": [11, 0, 16, 5], "texture": "#Bucket"}, "south": {"uv": [11, 0, 16, 5], "texture": "#Bucket"}}}, {"__comment": "Box8", "from": [1, 9.5, 16], "to": [15, 10.5, 17], "faces": {"down": {"uv": [11, 0, 16, 5], "texture": "#Bucket"}, "up": {"uv": [11, 0, 16, 5], "texture": "#Bucket"}, "north": {"uv": [11, 0, 16, 5], "texture": "#Bucket"}, "south": {"uv": [11, 0, 16, 5], "texture": "#Bucket"}, "west": {"uv": [11, 0, 16, 5], "texture": "#Bucket"}, "east": {"uv": [11, 0, 16, 5], "texture": "#Bucket"}}}, {"__comment": "Box8", "from": [0, 9.5, 7.5], "to": [1, 10.5, 17], "faces": {"down": {"uv": [11, 0, 16, 5], "texture": "#Bucket"}, "up": {"uv": [11, 0, 16, 5], "texture": "#Bucket"}, "north": {"uv": [11, 0, 16, 5], "texture": "#Bucket"}, "south": {"uv": [11, 0, 16, 5], "texture": "#Bucket"}, "west": {"uv": [11, 0, 16, 5], "texture": "#Bucket"}, "east": {"uv": [11, 0, 16, 5], "texture": "#Bucket"}}}, {"__comment": "PlaneY12", "from": [3, 10, 3], "to": [13, 10.001, 13], "faces": {"up": {"uv": [0, 0, 8, 8], "texture": "#dye"}}}], "display": {"thirdperson_righthand": {"rotation": [45, 0, 0], "translation": [0, 1, -1], "scale": [0.3, 0.3, 0.3]}, "thirdperson_lefthand": {"rotation": [45, 0, 0], "translation": [0, 1, -1], "scale": [0.3, 0.3, 0.3]}, "firstperson_righthand": {"scale": [0.4, 0.4, 0.4]}, "firstperson_lefthand": {"scale": [0.4, 0.4, 0.4]}, "gui": {"rotation": [30, 225, 0], "scale": [0.625, 0.625, 0.625]}, "head": {"rotation": [0, 0, 180], "scale": [1.5, 1.5, 1.5]}, "ground": {"translation": [0, 3, 0], "scale": [0.25, 0.25, 0.25]}, "fixed": {"rotation": [0, -90, 0], "scale": [0.5, 0.5, 0.5]}}}