{"__comment": "Designed by Blue_Beaker with Cubik Studio - https://cubik.studio", "textures": {"particle": "#texture"}, "elements": [{"__comment": "Box1", "from": [6, 6, 6], "to": [10, 10, 10], "faces": {"down": {"uv": [9, 12, 13, 16], "texture": "#texture"}, "up": {"uv": [9, 12, 13, 16], "texture": "#texture"}, "north": {"uv": [9, 12, 13, 16], "texture": "#texture"}, "south": {"uv": [9, 12, 13, 16], "texture": "#texture"}, "west": {"uv": [9, 12, 13, 16], "texture": "#texture"}, "east": {"uv": [9, 12, 13, 16], "texture": "#texture"}}}], "display": {"thirdperson_righthand": {"rotation": [75, 45, 0], "translation": [0, 2.5, 0], "scale": [0.375, 0.375, 0.375]}, "thirdperson_lefthand": {"rotation": [75, 45, 0], "translation": [0, 2.5, 0], "scale": [0.375, 0.375, 0.375]}, "firstperson_righthand": {"rotation": [0, 45, 0], "translation": [0, 1, 0], "scale": [0.4, 0.4, 0.4]}, "firstperson_lefthand": {"rotation": [0, 45, 0], "translation": [0, 1, 0], "scale": [0.4, 0.4, 0.4]}, "gui": {"rotation": [30, 225, 0]}, "ground": {"translation": [0, 2, 0], "scale": [0.5, 0.5, 0.5]}, "fixed": {"rotation": [-90, 0, 0], "scale": [0.5, 0.5, 0.5]}}}