{
  "__comment": "Designed by Blue_Beaker with Cubik Studio - https://cubik.studio",
  "textures": {
    "particle": "#texture"
  },
  "elements": [
    {
      "__comment": "Box1",
      "from": [
        7,
        0,
        7
      ],
      "to": [
        9,
        16,
        9
      ],
      "rotation": {
        "origin": [
          8,
          8,
          8
        ],
        "axis": "z",
        "angle": -45
      },
      "faces": {
        "down": {
          "uv": [
            2,
            0,
            4,
            2
          ],
          "texture": "#texture",
          "rotation": 180
        },
        "up": {
          "uv": [
            4,
            0,
            2,
            2
          ],
          "texture": "#texture",
          "rotation": 180
        },
        "north": {
          "uv": [
            2,
            16,
            0,
            0
          ],
          "texture": "#texture"
        },
        "south": {
          "uv": [
            2,
            16,
            0,
            0
          ],
          "texture": "#texture"
        },
        "west": {
          "uv": [
            2,
            0,
            0,
            16
          ],
          "texture": "#texture",
          "rotation": 180
        },
        "east": {
          "uv": [
            2,
            0,
            0,
            16
          ],
          "texture": "#texture",
          "rotation": 180
        }
      }
    }
  ],
  "display": {
    "thirdperson_righthand": {
      "rotation": [
        -5,
        0,
        45
      ],
      "translation": [
        0,
        2,
        1
      ],
      "scale": [
        0.5,
        0.5,
        0.5
      ]
    },
    "thirdperson_lefthand": {
      "rotation": [
        -5,
        0,
        -45
      ],
      "translation": [
        0,
        2,
        1
      ],
      "scale": [
        0.5,
        0.5,
        0.5
      ]
    },
    "firstperson_righthand": {
      "rotation": [
        15,
        0,
        45
      ],
      "translation": [
        0,
        3,
        0
      ],
      "scale": [
        0.5,
        0.5,
        0.5
      ]
    },
    "firstperson_lefthand": {
      "rotation": [
        15,
        0,
        -45
      ],
      "translation": [
        0,
        3,
        0
      ],
      "scale": [
        0.5,
        0.5,
        0.5
      ]
    },
    "head": {
      "rotation": [
        90,
        45,
        -90
      ],
      "translation": [
        0,
        0,
        7.8
      ]
    },
    "ground": {
      "rotation": [
        90,
        90,
        0
      ],
      "translation": [
        0,
        2,
        0
      ],
      "scale": [
        0.5,
        0.5,
        0.5
      ]
    },
    "fixed": {
      "rotation": [
        0,
        180,
        0
      ],
      "scale": [
        0.8,
        0.8,
        0.8
      ]
    }
  }
}