{
	"__comment": "Designed by Blue_Beaker with Cubik Studio - https://cubik.studio",
	"parent": "block/crop",
	"ambientocclusion": false,
	"textures": {
		"particle": "block/potatoes_stage_0",
		"texture": "3dres/crops/stage_01"
	},
	"elements": [ 	 
		{
			"__comment": "Box5",
			"from": [ 4, -1, 11 ],
			"to": [ 5, 1, 12 ],
			"faces": {
				"down": { "uv": [ 0, 0, 1, 1 ], "texture": "#texture" },
				"up": { "uv": [ 0, 0, 1, 1 ], "texture": "#texture" },
				"north": { "uv": [ 0, 0, 1, 1 ], "texture": "#texture" },
				"south": { "uv": [ 0, 0, 1, 1 ], "texture": "#texture" },
				"west": { "uv": [ 0, 0, 1, 1 ], "texture": "#texture" },
				"east": { "uv": [ 0, 0, 1, 1 ], "texture": "#texture" }
			}
		},
		{
			"__comment": "Box5",
			"from": [ 4, -1, 4 ],
			"to": [ 5, 1, 5 ],
			"faces": {
				"down": { "uv": [ 0, 0, 1, 1 ], "texture": "#texture" },
				"up": { "uv": [ 0, 0, 1, 1 ], "texture": "#texture" },
				"north": { "uv": [ 0, 0, 1, 1 ], "texture": "#texture" },
				"south": { "uv": [ 0, 0, 1, 1 ], "texture": "#texture" },
				"west": { "uv": [ 0, 0, 1, 1 ], "texture": "#texture" },
				"east": { "uv": [ 0, 0, 1, 1 ], "texture": "#texture" }
			}
		},
		{
			"__comment": "Box5",
			"from": [ 11, -1, 4 ],
			"to": [ 12, 1, 5 ],
			"faces": {
				"down": { "uv": [ 0, 0, 1, 1 ], "texture": "#texture" },
				"up": { "uv": [ 0, 0, 1, 1 ], "texture": "#texture" },
				"north": { "uv": [ 0, 0, 1, 1 ], "texture": "#texture" },
				"south": { "uv": [ 0, 0, 1, 1 ], "texture": "#texture" },
				"west": { "uv": [ 0, 0, 1, 1 ], "texture": "#texture" },
				"east": { "uv": [ 0, 0, 1, 1 ], "texture": "#texture" }
			}
		},
		{
			"__comment": "Box5",
			"from": [ 11, -1, 11 ],
			"to": [ 12, 1, 12 ],
			"faces": {
				"down": { "uv": [ 0, 0, 1, 1 ], "texture": "#texture" },
				"up": { "uv": [ 0, 0, 1, 1 ], "texture": "#texture" },
				"north": { "uv": [ 0, 0, 1, 1 ], "texture": "#texture" },
				"south": { "uv": [ 0, 0, 1, 1 ], "texture": "#texture" },
				"west": { "uv": [ 0, 0, 1, 1 ], "texture": "#texture" },
				"east": { "uv": [ 0, 0, 1, 1 ], "texture": "#texture" }
			}
		}
	]
}