{
	"__comment": "Designed by Blue_Beaker with Cubik Studio - https://cubik.studio",
	"textures": {
		"particle": "block/blast_furnace_front",
		"texture": "3dres/blast_furnace",
		"texture1": "block/iron_block",
		"texture2": "block/lava_still"
	},
	"elements": [ 	 
		{
			"__comment": "Box1",
			"from": [ 1, 1, 1 ],
			"to": [ 15, 5, 15 ],
			"faces": {
				"down": { "uv": [ 1, 1, 15, 15 ], "texture": "#texture1" },
				"up": { "uv": [ 1, 1, 15, 15 ], "texture": "#texture1" },
				"north": { "uv": [ 0.5, 5.5, 7.5, 7.5 ], "texture": "#texture" },
				"south": { "uv": [ 8.5, 13.5, 15.5, 15.5 ], "texture": "#texture" },
				"west": { "uv": [ 8.5, 13.5, 15.5, 15.5 ], "texture": "#texture" },
				"east": { "uv": [ 8.5, 13.5, 15.5, 15.5 ], "texture": "#texture" }
			}
		},
		{
			"__comment": "Box2",
			"from": [ 0, 0, 0 ],
			"to": [ 1, 16, 1 ],
			"faces": {
				"north": { "uv": [ 15, 0, 16, 16 ], "texture": "#texture1", "cullface": "north" },
				"south": { "uv": [ 0, 0, 1, 16 ], "texture": "#texture1", "cullface": "west" },
				"west": { "uv": [ 0, 0, 1, 16 ], "texture": "#texture1", "cullface": "west" },
				"east": { "uv": [ 15, 0, 16, 16 ], "texture": "#texture1", "cullface": "north" }
			}
		},
		{
			"__comment": "Box2",
			"from": [ 15, 0, 0 ],
			"to": [ 16, 16, 1 ],
			"faces": {
				"north": { "uv": [ 0, 0, 1, 16 ], "texture": "#texture1", "cullface": "north" },
				"south": { "uv": [ 15, 0, 16, 16 ], "texture": "#texture1", "cullface": "east" },
				"west": { "uv": [ 0, 0, 1, 16 ], "texture": "#texture1", "cullface": "north" },
				"east": { "uv": [ 15, 0, 16, 16 ], "texture": "#texture1", "cullface": "east" }
			}
		},
		{
			"__comment": "Box2",
			"from": [ 15, 0, 15 ],
			"to": [ 16, 16, 16 ],
			"faces": {
				"north": { "uv": [ 0, 0, 1, 16 ], "texture": "#texture1", "cullface": "east" },
				"south": { "uv": [ 15, 0, 16, 16 ], "texture": "#texture1", "cullface": "south" },
				"west": { "uv": [ 15, 0, 16, 16 ], "texture": "#texture1", "cullface": "south" },
				"east": { "uv": [ 0, 0, 1, 16 ], "texture": "#texture1", "cullface": "east" }
			}
		},
		{
			"__comment": "Box2",
			"from": [ 0, 0, 15 ],
			"to": [ 1, 16, 16 ],
			"faces": {
				"north": { "uv": [ 15, 0, 16, 16 ], "texture": "#texture1", "cullface": "west" },
				"south": { "uv": [ 0, 0, 1, 16 ], "texture": "#texture1", "cullface": "south" },
				"west": { "uv": [ 15, 0, 16, 16 ], "texture": "#texture1", "cullface": "west" },
				"east": { "uv": [ 0, 0, 1, 16 ], "texture": "#texture1", "cullface": "south" }
			}
		},
		{
			"__comment": "Box6",
			"from": [ 0, 0, 0 ],
			"to": [ 1, 1, 16 ],
			"faces": {
				"down": { "uv": [ 0, 0, 1, 16 ], "texture": "#texture1", "cullface": "down" },
				"up": { "uv": [ 0, 0, 1, 16 ], "texture": "#texture1", "cullface": "west" },
				"west": { "uv": [ 0, 15, 16, 16 ], "texture": "#texture1", "cullface": "west" },
				"east": { "uv": [ 0, 15, 16, 16 ], "texture": "#texture1", "cullface": "down" }
			}
		},
		{
			"__comment": "Box6",
			"from": [ 15, 0, 0 ],
			"to": [ 16, 1, 16 ],
			"faces": {
				"down": { "uv": [ 15, 0, 16, 16 ], "texture": "#texture1", "cullface": "down" },
				"up": { "uv": [ 15, 0, 16, 16 ], "texture": "#texture1", "cullface": "east" },
				"west": { "uv": [ 0, 15, 16, 16 ], "texture": "#texture1", "cullface": "down" },
				"east": { "uv": [ 0, 15, 16, 16 ], "texture": "#texture1", "cullface": "east" }
			}
		},
		{
			"__comment": "Box6",
			"from": [ 15, 15, 0 ],
			"to": [ 16, 16, 16 ],
			"faces": {
				"down": { "uv": [ 15, 0, 16, 16 ], "texture": "#texture1", "cullface": "east" },
				"up": { "uv": [ 15, 0, 16, 16 ], "texture": "#texture1", "cullface": "up" },
				"west": { "uv": [ 0, 0, 16, 1 ], "texture": "#texture1", "cullface": "up" },
				"east": { "uv": [ 0, 0, 16, 1 ], "texture": "#texture1", "cullface": "east" }
			}
		},
		{
			"__comment": "Box6",
			"from": [ 0, 15, 0 ],
			"to": [ 1, 16, 16 ],
			"faces": {
				"down": { "uv": [ 0, 0, 1, 16 ], "texture": "#texture1", "cullface": "west" },
				"up": { "uv": [ 0, 0, 1, 16 ], "texture": "#texture1", "cullface": "up" },
				"west": { "uv": [ 0, 0, 16, 1 ], "texture": "#texture1", "cullface": "west" },
				"east": { "uv": [ 0, 0, 16, 1 ], "texture": "#texture1", "cullface": "up" }
			}
		},
		{
			"__comment": "Box10",
			"from": [ 0, 0, 0 ],
			"to": [ 16, 1, 1 ],
			"faces": {
				"down": { "uv": [ 0, 15, 16, 16 ], "texture": "#texture1", "cullface": "down" },
				"up": { "uv": [ 0, 0, 16, 1 ], "texture": "#texture1", "cullface": "north" },
				"north": { "uv": [ 0, 15, 16, 16 ], "texture": "#texture1", "cullface": "north" },
				"south": { "uv": [ 0, 15, 16, 16 ], "texture": "#texture1", "cullface": "down" }
			}
		},
		{
			"__comment": "Box10",
			"from": [ 0, 0, 15 ],
			"to": [ 16, 1, 16 ],
			"faces": {
				"down": { "uv": [ 0, 0, 16, 1 ], "texture": "#texture1", "cullface": "down" },
				"up": { "uv": [ 0, 15, 16, 16 ], "texture": "#texture1", "cullface": "south" },
				"north": { "uv": [ 0, 15, 16, 16 ], "texture": "#texture1", "cullface": "down" },
				"south": { "uv": [ 0, 15, 16, 16 ], "texture": "#texture1", "cullface": "south" }
			}
		},
		{
			"__comment": "Box10",
			"from": [ 0, 15, 15 ],
			"to": [ 16, 16, 16 ],
			"faces": {
				"down": { "uv": [ 0, 0, 16, 1 ], "texture": "#texture1", "cullface": "south" },
				"up": { "uv": [ 0, 15, 16, 16 ], "texture": "#texture1", "cullface": "up" },
				"north": { "uv": [ 0, 0, 16, 1 ], "texture": "#texture1", "cullface": "up" },
				"south": { "uv": [ 0, 0, 16, 1 ], "texture": "#texture1", "cullface": "south" }
			}
		},
		{
			"__comment": "Box10",
			"from": [ 0, 15, 0 ],
			"to": [ 16, 16, 1 ],
			"faces": {
				"down": { "uv": [ 0, 15, 16, 16 ], "texture": "#texture1", "cullface": "north" },
				"up": { "uv": [ 0, 0, 16, 1 ], "texture": "#texture1", "cullface": "up" },
				"north": { "uv": [ 0, 0, 16, 1 ], "texture": "#texture1", "cullface": "north" },
				"south": { "uv": [ 0, 0, 16, 1 ], "texture": "#texture1", "cullface": "up" }
			}
		},
		{
			"__comment": "Box14",
			"from": [ 0, 13, 0 ],
			"to": [ 3, 16, 3 ],
			"faces": {
				"down": { "uv": [ 0, 0, 1.5, 1.5 ], "texture": "#texture" },
				"up": { "uv": [ 0, 0, 1.5, 1.5 ], "texture": "#texture", "cullface": "up" },
				"north": { "uv": [ 0, 0, 1.5, 1.5 ], "texture": "#texture", "cullface": "north" },
				"south": { "uv": [ 0, 0, 1.5, 1.5 ], "texture": "#texture" },
				"west": { "uv": [ 0, 0, 1.5, 1.5 ], "texture": "#texture", "cullface": "west" },
				"east": { "uv": [ 0, 0, 1.5, 1.5 ], "texture": "#texture" }
			}
		},
		{
			"__comment": "Box14",
			"from": [ 13, 13, 0 ],
			"to": [ 16, 16, 3 ],
			"faces": {
				"down": { "uv": [ 0, 0, 1.5, 1.5 ], "texture": "#texture" },
				"up": { "uv": [ 0, 0, 1.5, 1.5 ], "texture": "#texture", "cullface": "up" },
				"north": { "uv": [ 0, 0, 1.5, 1.5 ], "texture": "#texture", "cullface": "north" },
				"south": { "uv": [ 0, 0, 1.5, 1.5 ], "texture": "#texture" },
				"west": { "uv": [ 0, 0, 1.5, 1.5 ], "texture": "#texture" },
				"east": { "uv": [ 0, 0, 1.5, 1.5 ], "texture": "#texture", "cullface": "east" }
			}
		},
		{
			"__comment": "Box14",
			"from": [ 13, 13, 13 ],
			"to": [ 16, 16, 16 ],
			"faces": {
				"down": { "uv": [ 0, 0, 1.5, 1.5 ], "texture": "#texture" },
				"up": { "uv": [ 0, 0, 1.5, 1.5 ], "texture": "#texture", "cullface": "up" },
				"north": { "uv": [ 0, 0, 1.5, 1.5 ], "texture": "#texture" },
				"south": { "uv": [ 0, 0, 1.5, 1.5 ], "texture": "#texture", "cullface": "south" },
				"west": { "uv": [ 0, 0, 1.5, 1.5 ], "texture": "#texture" },
				"east": { "uv": [ 0, 0, 1.5, 1.5 ], "texture": "#texture", "cullface": "east" }
			}
		},
		{
			"__comment": "Box14",
			"from": [ 0, 13, 13 ],
			"to": [ 3, 16, 16 ],
			"faces": {
				"down": { "uv": [ 0, 0, 1.5, 1.5 ], "texture": "#texture" },
				"up": { "uv": [ 0, 0, 1.5, 1.5 ], "texture": "#texture", "cullface": "up" },
				"north": { "uv": [ 0, 0, 1.5, 1.5 ], "texture": "#texture" },
				"south": { "uv": [ 0, 0, 1.5, 1.5 ], "texture": "#texture", "cullface": "south" },
				"west": { "uv": [ 0, 0, 1.5, 1.5 ], "texture": "#texture", "cullface": "west" },
				"east": { "uv": [ 0, 0, 1.5, 1.5 ], "texture": "#texture" }
			}
		},
		{
			"__comment": "Box18",
			"from": [ 4, 4, 0 ],
			"to": [ 6, 12, 1 ],
			"faces": {
				"down": { "uv": [ 5, 5.5, 6, 6 ], "texture": "#texture", "cullface": "north" },
				"up": { "uv": [ 5, 2, 6, 2.5 ], "texture": "#texture", "cullface": "north" },
				"north": { "uv": [ 5, 2, 6, 6 ], "texture": "#texture", "cullface": "north" },
				"south": { "uv": [ 5, 2, 6, 6 ], "texture": "#texture", "cullface": "north" },
				"west": { "uv": [ 5.5, 2, 6, 6 ], "texture": "#texture", "cullface": "north" },
				"east": { "uv": [ 5, 2, 5.5, 6 ], "texture": "#texture", "cullface": "north" }
			}
		},
		{
			"__comment": "Box18",
			"from": [ 11, 4, 0 ],
			"to": [ 13, 12, 1 ],
			"faces": {
				"down": { "uv": [ 5, 5.5, 6, 6 ], "texture": "#texture", "cullface": "north" },
				"up": { "uv": [ 5, 2, 6, 2.5 ], "texture": "#texture", "cullface": "north" },
				"north": { "uv": [ 1.5, 2, 2.5, 6 ], "texture": "#texture", "cullface": "north" },
				"south": { "uv": [ 1.5, 2, 2.5, 6 ], "texture": "#texture", "cullface": "north" },
				"west": { "uv": [ 5, 2, 5.5, 6 ], "texture": "#texture", "cullface": "north" },
				"east": { "uv": [ 5.5, 2, 6, 6 ], "texture": "#texture", "cullface": "north" }
			}
		},
		{
			"__comment": "Box1",
			"from": [ 1, 11, 1 ],
			"to": [ 15, 15, 15 ],
			"faces": {
				"down": { "uv": [ 1, 1, 15, 15 ], "texture": "#texture1" },
				"up": { "uv": [ 0.5, 8.5, 7.5, 15.5 ], "texture": "#texture" },
				"north": { "uv": [ 0.5, 0.5, 7.5, 2.5 ], "texture": "#texture" },
				"south": { "uv": [ 8.5, 8.5, 15.5, 10.5 ], "texture": "#texture" },
				"west": { "uv": [ 8.5, 8.5, 15.5, 10.5 ], "texture": "#texture" },
				"east": { "uv": [ 8.5, 8.5, 15.5, 10.5 ], "texture": "#texture" }
			}
		},
		{
			"__comment": "Box21",
			"from": [ 1, 5, 10 ],
			"to": [ 15, 11, 15 ],
			"faces": {
				"north": { "uv": [ 1, 5, 15, 11 ], "texture": "#texture1" },
				"south": { "uv": [ 8.5, 10.5, 15.5, 13.5 ], "texture": "#texture" },
				"west": { "uv": [ 8.5, 10.5, 15.5, 13.5 ], "texture": "#texture" },
				"east": { "uv": [ 8.5, 10.5, 15.5, 13.5 ], "texture": "#texture" }
			}
		},
		{
			"__comment": "Box22",
			"from": [ 1, 5, 1 ],
			"to": [ 5, 11, 10 ],
			"faces": {
				"north": { "uv": [ 5.5, 2.5, 7.5, 5.5 ], "texture": "#texture" },
				"west": { "uv": [ 8.5, 10.5, 15.5, 13.5 ], "texture": "#texture" },
				"east": { "uv": [ 5, 5, 15, 11 ], "texture": "#texture1" }
			}
		},
		{
			"__comment": "Box22",
			"from": [ 11, 5, 1 ],
			"to": [ 15, 11, 10 ],
			"faces": {
				"north": { "uv": [ 0.5, 2.5, 2, 5.5 ], "texture": "#texture" },
				"west": { "uv": [ 5, 5, 15, 11 ], "texture": "#texture1" },
				"east": { "uv": [ 8.5, 10.5, 15.5, 13.5 ], "texture": "#texture" }
			}
		},
		{
			"__comment": "Box18",
			"from": [ 6, 4, 0 ],
			"to": [ 11, 6, 1 ],
			"faces": {
				"down": { "uv": [ 5, 5.5, 6, 6 ], "texture": "#texture" },
				"up": { "uv": [ 5, 2, 6, 2.5 ], "texture": "#texture" },
				"north": { "uv": [ 2.5, 5, 5, 6 ], "texture": "#texture" },
				"south": { "uv": [ 2.5, 5, 5, 6 ], "texture": "#texture" }
			}
		},
		{
			"__comment": "Box18",
			"from": [ 6, 10, 0 ],
			"to": [ 11, 12, 1 ],
			"faces": {
				"down": { "uv": [ 5, 5.5, 6, 6 ], "texture": "#texture", "cullface": "north" },
				"up": { "uv": [ 5, 2, 6, 2.5 ], "texture": "#texture", "cullface": "north" },
				"north": { "uv": [ 2.5, 2, 5, 3 ], "texture": "#texture", "cullface": "north" },
				"south": { "uv": [ 2.5, 2, 5, 3 ], "texture": "#texture", "cullface": "north" }
			}
		},
		{
			"__comment": "Box18",
			"from": [ 7, 6, 0 ],
			"to": [ 8, 10, 1 ],
			"faces": {
				"north": { "uv": [ 4, 3, 4.5, 5 ], "texture": "#texture", "cullface": "north" },
				"south": { "uv": [ 4, 3, 4.5, 5 ], "texture": "#texture", "cullface": "north" },
				"west": { "uv": [ 4, 3, 4.5, 5 ], "texture": "#texture", "cullface": "north" },
				"east": { "uv": [ 4, 3, 4.5, 5 ], "texture": "#texture", "cullface": "north" }
			}
		},
		{
			"__comment": "Box18",
			"from": [ 9, 6, 0 ],
			"to": [ 10, 10, 1 ],
			"faces": {
				"north": { "uv": [ 4, 3, 4.5, 5 ], "texture": "#texture", "cullface": "north" },
				"south": { "uv": [ 4, 3, 4.5, 5 ], "texture": "#texture", "cullface": "north" },
				"west": { "uv": [ 4, 3, 4.5, 5 ], "texture": "#texture", "cullface": "north" },
				"east": { "uv": [ 4, 3, 4.5, 5 ], "texture": "#texture", "cullface": "north" }
			}
		},
		{
			"__comment": "Box28",
			"from": [ 3, 6, 0 ],
			"to": [ 4, 7, 1 ],
			"faces": {
				"down": { "uv": [ 6, 4.5, 6.5, 5 ], "texture": "#texture" },
				"up": { "uv": [ 6, 4.5, 6.5, 5 ], "texture": "#texture" },
				"north": { "uv": [ 6, 4.5, 6.5, 5 ], "texture": "#texture" },
				"south": { "uv": [ 6, 4.5, 6.5, 5 ], "texture": "#texture" },
				"west": { "uv": [ 6, 4.5, 6.5, 5 ], "texture": "#texture" },
				"east": { "uv": [ 6, 4.5, 6.5, 5 ], "texture": "#texture" }
			}
		},
		{
			"__comment": "Box28",
			"from": [ 3, 9, 0 ],
			"to": [ 4, 10, 1 ],
			"faces": {
				"down": { "uv": [ 6, 4.5, 6.5, 5 ], "texture": "#texture", "cullface": "north" },
				"up": { "uv": [ 6, 4.5, 6.5, 5 ], "texture": "#texture", "cullface": "north" },
				"north": { "uv": [ 6, 4.5, 6.5, 5 ], "texture": "#texture", "cullface": "north" },
				"south": { "uv": [ 6, 4.5, 6.5, 5 ], "texture": "#texture", "cullface": "north" },
				"west": { "uv": [ 6, 4.5, 6.5, 5 ], "texture": "#texture", "cullface": "north" },
				"east": { "uv": [ 6, 4.5, 6.5, 5 ], "texture": "#texture", "cullface": "north" }
			}
		}
	],
	"display": {
		"thirdperson_righthand": {
			"rotation":  [ 75, 45, 0 ],
			"translation":  [ 0, 2.5, 0 ],
			"scale":  [ 0.375, 0.375, 0.375 ]
		},
		"thirdperson_lefthand": {
			"rotation":  [ 75, 45, 0 ],
			"translation":  [ 0, 2.5, 0 ],
			"scale":  [ 0.375, 0.375, 0.375 ]
		},
		"firstperson_righthand": {
			"rotation":  [ 0, 45, 0 ],
			"scale":  [ 0.4, 0.4, 0.4 ]
		},
		"firstperson_lefthand": {
			"rotation":  [ 0, 45, 0 ],
			"scale":  [ 0.4, 0.4, 0.4 ]
		},
		"gui": {
			"rotation":  [ 30, 225, 0 ],
			"scale":  [ 0.625, 0.625, 0.625 ]
		},
		"ground": {
			"translation":  [ 0, 3, 0 ],
			"scale":  [ 0.25, 0.25, 0.25 ]
		},
		"fixed": {
			"scale":  [ 0.5, 0.5, 0.5 ]
		}
	}
}