{
	"__comment": "Designed by Blue_Beaker with Cubik Studio - https://cubik.studio",
	"ambientocclusion": false,
	"textures": {
		"particle": "block/redstone_dust_dot",
		"texture": "3dres/redstone_dust"
	},
	"elements": [ 	 
		{
			"__comment": "Box3",
			"from": [ 7, 0, 8 ],
			"to": [ 9, 0.5, 16 ],
			"faces": {
				"down": { "uv": [ 7, 15.5, 9, 16 ], "texture": "#texture", "tintindex": 0 },
				"up": { "uv": [ 7, 0, 9, 0.5 ], "texture": "#texture", "tintindex": 0 },
				"north": { "uv": [ 7, 0, 9, 16 ], "texture": "#texture", "tintindex": 0 },
				"south": { "uv": [ 7, 0, 9, 16 ], "texture": "#texture", "tintindex": 0 },
				"west": { "uv": [ 0, 0, 0.5, 16 ], "texture": "#texture", "tintindex": 0 },
				"east": { "uv": [ 15.5, 0, 16, 16 ], "texture": "#texture", "tintindex": 0 }
			}
		}
	]
}