{
	"__comment": "Designed by Blue_Beaker with Cubik Studio - https://cubik.studio",
	"parent": "block/block",
	"textures": {
		"particle": "block/stonecutter_bottom",
		"bottom": "block/stonecutter_bottom",
		"top": "block/stonecutter_top",
		"side": "block/stonecutter_side",
		"saw": "3dres/stonecutter_saw"
	},
	"elements": [ 	 
		{
			"__comment": "Element",
			"from": [ 0, 0, 0 ],
			"to": [ 16, 9, 16 ],
			"faces": {
				"down": { "uv": [ 0, 0, 16, 16 ], "texture": "#bottom", "cullface": "down" },
				"up": { "uv": [ 0, 0, 16, 16 ], "texture": "#top" },
				"north": { "uv": [ 0, 7, 16, 16 ], "texture": "#side", "cullface": "north" },
				"south": { "uv": [ 0, 7, 16, 16 ], "texture": "#side", "cullface": "south" },
				"west": { "uv": [ 0, 7, 16, 16 ], "texture": "#side", "cullface": "west" },
				"east": { "uv": [ 0, 7, 16, 16 ], "texture": "#side", "cullface": "east" }
			}
		},
		{
			"__comment": "Box3",
			"from": [ 3, 4, 7.5 ],
			"to": [ 13, 14, 8.5 ],
			"faces": {
				"down": { "uv": [ 1, 14, 14.5, 15 ], "texture": "#saw" },
				"up": { "uv": [ 1, 2, 14.5, 1 ], "texture": "#saw" },
				"north": { "uv": [ 14.5, 1, 1, 15 ], "texture": "#saw" },
				"south": { "uv": [ 1, 1, 14.5, 15 ], "texture": "#saw" },
				"west": { "uv": [ 1, 1, 2, 15 ], "texture": "#saw" },
				"east": { "uv": [ 14.5, 1, 13.5, 15 ], "texture": "#saw" }
			}
		},
		{
			"__comment": "Box3",
			"from": [ 3, 4, 7.5 ],
			"to": [ 13, 14, 8.5 ],
			"rotation": { "origin": [ 8, 9, 7.5 ], "axis": "z", "angle": 22.5 },
			"faces": {
				"down": { "uv": [ 1, 14, 14.5, 15 ], "texture": "#saw" },
				"up": { "uv": [ 1, 2, 14.5, 1 ], "texture": "#saw" },
				"north": { "uv": [ 14.5, 1, 1, 15 ], "texture": "#saw" },
				"south": { "uv": [ 1, 1, 14.5, 15 ], "texture": "#saw" },
				"west": { "uv": [ 1, 1, 2, 15 ], "texture": "#saw" },
				"east": { "uv": [ 14.5, 1, 13.5, 15 ], "texture": "#saw" }
			}
		},
		{
			"__comment": "Box3",
			"from": [ 3, 4, 7.5 ],
			"to": [ 13, 14, 8.5 ],
			"rotation": { "origin": [ 8, 9, 7.5 ], "axis": "z", "angle": 45 },
			"faces": {
				"down": { "uv": [ 1, 14, 14.5, 15 ], "texture": "#saw" },
				"up": { "uv": [ 1, 2, 14.5, 1 ], "texture": "#saw" },
				"north": { "uv": [ 14.5, 1, 1, 15 ], "texture": "#saw" },
				"south": { "uv": [ 1, 1, 14.5, 15 ], "texture": "#saw" },
				"west": { "uv": [ 1, 1, 2, 15 ], "texture": "#saw" },
				"east": { "uv": [ 14.5, 1, 13.5, 15 ], "texture": "#saw" }
			}
		},
		{
			"__comment": "Box3",
			"from": [ 3, 4, 7.5 ],
			"to": [ 13, 14, 8.5 ],
			"rotation": { "origin": [ 8, 9, 7.5 ], "axis": "z", "angle": -22.5 },
			"faces": {
				"down": { "uv": [ 14.5, 1, 13.5, 15 ], "texture": "#saw", "rotation": 90 },
				"up": { "uv": [ 2, 15, 1, 1 ], "texture": "#saw", "rotation": 270 },
				"north": { "uv": [ 14.5, 1, 1, 15 ], "texture": "#saw", "rotation": 270 },
				"south": { "uv": [ 1, 1, 14.5, 15 ], "texture": "#saw", "rotation": 90 },
				"west": { "uv": [ 1, 14, 14.5, 15 ], "texture": "#saw", "rotation": 90 },
				"east": { "uv": [ 14.5, 1, 1, 2 ], "texture": "#saw", "rotation": 270 }
			}
		},
		{
			"__comment": "Box8",
			"from": [ 7.5, 8.5, 7 ],
			"to": [ 8.5, 9.5, 9 ],
			"faces": {
				"down": { "uv": [ 1, 1, 2, 2 ], "texture": "#saw" },
				"up": { "uv": [ 1, 2, 2, 1 ], "texture": "#saw" },
				"north": { "uv": [ 2, 1, 1, 2 ], "texture": "#saw" },
				"south": { "uv": [ 1, 1, 2, 2 ], "texture": "#saw" },
				"west": { "uv": [ 1, 1, 2, 2 ], "texture": "#saw" },
				"east": { "uv": [ 2, 1, 1, 2 ], "texture": "#saw" }
			}
		}
	]
}