{
	"__comment": "Designed by Blue_Beaker with Cubik Studio - https://cubik.studio",
	"textures": {
		"stick": "3dres/tool/stick",
		"head": "3dres/tool/diamond/shovel"
	},
	"elements": [ 	 
		{
			"__comment": "Box1",
			"from": [ 7.5, 10, 7 ],
			"to": [ 9, 12.5, 9 ],
			"faces": {
				"down": { "uv": [ 10.5, 3, 12, 5 ], "texture": "#head" },
				"up": { "uv": [ 10.5, 3, 12, 5 ], "texture": "#head" },
				"north": { "uv": [ 9, 3, 10.5, 5.5 ], "texture": "#head" },
				"south": { "uv": [ 9, 3, 10.5, 5.5 ], "texture": "#head" },
				"west": { "uv": [ 7, 3, 9, 5.5 ], "texture": "#head" },
				"east": { "uv": [ 7, 3, 9, 5.5 ], "texture": "#head" }
			}
		},
		{
			"__comment": "Box1",
			"from": [ 8, 13, 7.7528 ],
			"to": [ 8.5, 16, 10.99997 ],
			"rotation": { "origin": [ 8, 16, 11 ], "axis": "x", "angle": 22.5 },
			"faces": {
				"up": { "uv": [ 6, 0, 6.5, 6 ], "texture": "#head" },
				"south": { "uv": [ 6, 0, 6.5, 6 ], "texture": "#head" },
				"west": { "uv": [ 10, 0, 13, 3 ], "texture": "#head" },
				"east": { "uv": [ 7, 0, 10, 3 ], "texture": "#head" }
			}
		},
		{
			"__comment": "Box1",
			"from": [ 8, 10, 5 ],
			"to": [ 8.5, 16, 11 ],
			"faces": {
				"down": { "uv": [ 6, 0, 6.5, 6 ], "texture": "#head" },
				"up": { "uv": [ 6, 0, 6.5, 6 ], "texture": "#head" },
				"north": { "uv": [ 6, 0, 6.5, 6 ], "texture": "#head" },
				"south": { "uv": [ 6, 0, 6.5, 6 ], "texture": "#head" },
				"west": { "uv": [ 0, 0, 6, 6 ], "texture": "#head" },
				"east": { "uv": [ 0, 0, 6, 6 ], "texture": "#head" }
			}
		},
		{
			"__comment": "Box1",
			"from": [ 8, 13, 5 ],
			"to": [ 8.5, 16, 8.247169 ],
			"rotation": { "origin": [ 8, 16, 5 ], "axis": "x", "angle": -22.5 },
			"faces": {
				"up": { "uv": [ 6, 0, 6.5, 6 ], "texture": "#head" },
				"west": { "uv": [ 10, 0, 13, 3 ], "texture": "#head" },
				"east": { "uv": [ 7, 0, 10, 3 ], "texture": "#head" }
			}
		},
		{
			"__comment": "Box1",
			"from": [ 7, 0, 7 ],
			"to": [ 9, 10, 9 ],
			"faces": {
				"down": { "uv": [ 2, 0, 4, 2 ], "texture": "#stick" },
				"up": { "uv": [ 2, 0, 4, 2 ], "texture": "#stick" },
				"north": { "uv": [ 4, 4, 6, 16 ], "texture": "#stick" },
				"south": { "uv": [ 4, 4, 6, 16 ], "texture": "#stick" },
				"west": { "uv": [ 4, 4, 6, 16 ], "texture": "#stick" },
				"east": { "uv": [ 2, 4, 4, 16 ], "texture": "#stick" }
			}
		}
	],
	"display": {
		"thirdperson_righthand": {
			"rotation":  [ -5, 0, 0 ],
			"translation":  [ 0, 2, 1 ],
			"scale":  [ 0.5, 0.5, 0.5 ]
		},
		"thirdperson_lefthand": {
			"rotation":  [ -5, 180, 0 ],
			"translation":  [ 0, 2, 1 ],
			"scale":  [ 0.5, 0.5, 0.5 ]
		},
		"firstperson_righthand": {
			"rotation":  [ 15, 0, 0 ],
			"translation":  [ 0, 3, 0 ],
			"scale":  [ 0.5, 0.5, 0.5 ]
		},
		"firstperson_lefthand": {
			"rotation":  [ 15, 180, 0 ],
			"translation":  [ 0, 3, 0 ],
			"scale":  [ 0.5, 0.5, 0.5 ]
		},
		"gui": {
			"rotation":  [ 10, 90, 0 ],
			"scale":  [ 0.8, 0.8, 0.8 ]
		},
		"head": {
			"rotation":  [ 90, 45, -90 ],
			"translation":  [ 0, 0, 7.8 ]
		},
		"ground": {
			"rotation":  [ 90, -90, 0 ],
			"scale":  [ 0.5, 0.5, 0.5 ]
		},
		"fixed": {
			"rotation":  [ 0, -90, 0 ],
			"scale":  [ 0.5, 0.5, 0.5 ]
		}
	}
}