{
	"__comment": "Designed by Blue_Beaker with Cubik Studio - https://cubik.studio",
	"textures": {
		"texture": "entity/projectiles/arrow",
		"stick": "3dres/tool/stick",
		"string": "3dres/tool/string"
	},
	"elements": [ 	 
		{
			"__comment": "PlaneY2",
			"from": [ 6.125, 8, 1 ],
			"to": [ 9.875, 8.000751, 13 ],
			"faces": {
				"down": { "uv": [ 0, 0, 8, 2.5 ], "texture": "#texture", "rotation": 90 },
				"up": { "uv": [ 0, 0, 8, 2.5 ], "texture": "#texture", "rotation": 270 }
			}
		},
		{
			"__comment": "PlaneZ4",
			"from": [ 7.875, 6.125, 1 ],
			"to": [ 7.875751, 9.875, 13 ],
			"faces": {
				"west": { "uv": [ 8, 0, 0, 2.5 ], "texture": "#texture" },
				"east": { "uv": [ 0, 0, 8, 2.5 ], "texture": "#texture" }
			}
		},
		{
			"__comment": "Box1",
			"from": [ 7, 11, 3 ],
			"to": [ 9, 17, 5 ],
			"rotation": { "origin": [ 7, 11, 3 ], "axis": "x", "angle": 45 },
			"faces": {
				"down": { "uv": [ 2, 0, 4, 2 ], "texture": "#stick" },
				"up": { "uv": [ 2, 0, 4, 2 ], "texture": "#stick" },
				"north": { "uv": [ 8, 9, 10, 15 ], "texture": "#stick" },
				"south": { "uv": [ 8, 9, 10, 15 ], "texture": "#stick" },
				"west": { "uv": [ 8, 9, 10, 15 ], "texture": "#stick" },
				"east": { "uv": [ 8, 9, 10, 15 ], "texture": "#stick" }
			}
		},
		{
			"__comment": "Box1",
			"from": [ 7, -1, 3 ],
			"to": [ 9, 5, 5 ],
			"rotation": { "origin": [ 7, 5, 3 ], "axis": "x", "angle": -45 },
			"faces": {
				"down": { "uv": [ 2, 0, 4, 2 ], "texture": "#stick" },
				"up": { "uv": [ 2, 0, 4, 2 ], "texture": "#stick" },
				"north": { "uv": [ 8, 9, 10, 15 ], "texture": "#stick" },
				"south": { "uv": [ 8, 9, 10, 15 ], "texture": "#stick" },
				"west": { "uv": [ 8, 9, 10, 15 ], "texture": "#stick" },
				"east": { "uv": [ 8, 9, 10, 15 ], "texture": "#stick" }
			}
		},
		{
			"__comment": "Box1",
			"from": [ 7, 5, 3 ],
			"to": [ 9, 11, 5 ],
			"faces": {
				"down": { "uv": [ 2, 0, 4, 2 ], "texture": "#stick" },
				"up": { "uv": [ 2, 0, 4, 2 ], "texture": "#stick" },
				"north": { "uv": [ 8, 9, 10, 15 ], "texture": "#stick" },
				"south": { "uv": [ 8, 9, 10, 15 ], "texture": "#stick" },
				"west": { "uv": [ 8, 9, 10, 15 ], "texture": "#stick" },
				"east": { "uv": [ 8, 9, 10, 15 ], "texture": "#stick" }
			}
		},
		{
			"__comment": "Box4",
			"from": [ 7.5, 5, 6.5 ],
			"to": [ 8.5, 14, 7.5 ],
			"rotation": { "origin": [ 7.5, 14, 6.5 ], "axis": "x", "angle": -45 },
			"faces": {
				"down": { "uv": [ 7.5, 9.5, 8.5, 10.5 ], "texture": "#string" },
				"up": { "uv": [ 7.5, 5.5, 8.5, 6.5 ], "texture": "#string" },
				"north": { "uv": [ 7.5, 0.5, 8.5, 8 ], "texture": "#string" },
				"south": { "uv": [ 7.5, 0.5, 8.5, 8 ], "texture": "#string" },
				"west": { "uv": [ 5.5, 0.5, 6.5, 8 ], "texture": "#string" },
				"east": { "uv": [ 9.5, 0.5, 10.5, 8 ], "texture": "#string" }
			}
		},
		{
			"__comment": "Box4",
			"from": [ 7.5, 2, 6.5 ],
			"to": [ 8.5, 11, 7.5 ],
			"rotation": { "origin": [ 7.5, 2, 6.5 ], "axis": "x", "angle": 45 },
			"faces": {
				"down": { "uv": [ 7.5, 9.5, 8.5, 10.5 ], "texture": "#string" },
				"up": { "uv": [ 7.5, 5.5, 8.5, 6.5 ], "texture": "#string" },
				"north": { "uv": [ 7.5, 8, 8.5, 15.5 ], "texture": "#string" },
				"south": { "uv": [ 7.5, 8, 8.5, 15.5 ], "texture": "#string" },
				"west": { "uv": [ 5.5, 8, 6.5, 15.5 ], "texture": "#string" },
				"east": { "uv": [ 9.5, 8, 10.5, 15.5 ], "texture": "#string" }
			}
		}
	],
	"display": {
		"thirdperson_righthand": {
			"rotation":  [ -5, 0, 0 ],
			"translation":  [ 0, 2, 1 ],
			"scale":  [ 0.5, 0.5, 0.5 ]
		},
		"thirdperson_lefthand": {
			"rotation":  [ -5, 0, 0 ],
			"translation":  [ 0, 2, 1 ],
			"scale":  [ 0.5, 0.5, 0.5 ]
		},
		"firstperson_righthand": {
			"rotation":  [ 15, 0, 0 ],
			"translation":  [ 0, 3, 0 ],
			"scale":  [ 0.5, 0.5, 0.5 ]
		},
		"firstperson_lefthand": {
			"rotation":  [ 15, 0, 0 ],
			"translation":  [ 0, 3, 0 ],
			"scale":  [ 0.5, 0.5, 0.5 ]
		},
		"gui": {
			"rotation":  [ 10, 90, 0 ],
			"translation":  [ 2, 0, 0 ],
			"scale":  [ 0.8, 0.8, 0.8 ]
		},
		"head": {
			"rotation":  [ 90, 45, -90 ],
			"translation":  [ 0, 0, 7.8 ]
		},
		"ground": {
			"rotation":  [ 90, 90, 0 ],
			"translation":  [ 2, 2, 0 ],
			"scale":  [ 0.5, 0.5, 0.5 ]
		},
		"fixed": {
			"rotation":  [ 0, -90, 0 ],
			"translation":  [ -1, 0, 0 ],
			"scale":  [ 0.5, 0.5, 0.5 ]
		}
	}
}