{
	"__comment": "Designed by Blue_Beaker with Cubik Studio - https://cubik.studio",
	"ambientocclusion": false,
	"textures": {
		"particle": "blocks/redstone_dust_dot",
		"overlay": "blocks/redstone_dust_overlay",
		"line": "3dres/redstone_dust"
	},
	"elements": [ 	 
		{
			"from": [ 7, 0, 8 ],
			"to": [ 9, 0.5, 16 ],
			"faces": {
				"down": { "uv": [ 7, 0, 9, 8 ], "texture": "#line", "tintindex": 0 },
				"up": { "uv": [ 7, 8, 9, 16 ], "texture": "#line", "tintindex": 0 },
				"north": { "uv": [ 7, 15.5, 9, 16 ], "texture": "#line", "tintindex": 0 },
				"south": { "uv": [ 7, 15.5, 9, 16 ], "texture": "#line", "tintindex": 0 },
				"west": { "uv": [ 8, 15.5, 16, 16 ], "texture": "#line", "tintindex": 0 },
				"east": { "uv": [ 0, 15.5, 8, 16 ], "texture": "#line", "tintindex": 0 }
			}
		}
	]
}